customer_id,fisrt_name,second_name,gender,date_of_birth,city,country,occupation,customer_segment,annual_income,join_date
C00001,Carlos,Rodriguez,Male,09-10-1982,Vienna,Austria,Retired,SME,12355.21,15-04-2021
C00002,Mateo,Clark,Male,07-10-1983,Madrid,Spain,Salaried,Premium,5714.37,06-04-2022
C00003,Marco,Brown,Male,27-11-1989,Wrocław,Poland,Retired,Retail,4736.34,06-03-2026
C00004,Mateo,White,Male,13-08-1970,Cork,Ireland,Salaried,Retail,3738.56,16-07-2021
C00005,Mia,Rodriguez,Female,07-02-1977,Rotterdam,Netherlands,Freelancer,SME,9692.95,23-02-2023
C00006,Mia,Lopez,Female,08-03-1976,Salzburg,Austria,Business Owner,Corporate,14070.01,17-06-2020
C00007,Leo,Moore,Male,03-08-1992,Malmö,Sweden,Student,Corporate,18189.8,13-04-2022
C00008,Hannah,Sanchez,Female,09-09-1989,Rome,Italy,Salaried,Wealth,31917.03,17-04-2021
C00009,Lucas,Lopez,Male,01-08-1970,Vienna,Austria,Freelancer,Wealth,26850.06,07-05-2021
C00010,Emma,Wilson,Female,05-04-1998,Gdańsk,Poland,Self Employed,Retail,6637.76,26-08-2018
C00011,Oliver,Lopez,Male,03-02-1996,Warsaw,Poland,Business Owner,Corporate,12603.5,02-12-2023
C00012,Freya,Perez,Female,18-04-1987,Dublin,Ireland,Retired,Corporate,22709.26,24-01-2023
C00013,Julian,Miller,Male,03-04-1975,Amsterdam,Netherlands,Freelancer,Retail,6162.27,28-01-2025
C00014,Julian,Jackson,Male,02-02-1974,Barcelona,Spain,Retired,SME,4550.81,26-06-2019
C00015,Sofia,Lee,Female,08-08-1996,Cork,Ireland,Student,Corporate,17410.08,11-08-2022
C00016,Leo,Garcia,Male,21-11-1963,Dublin,Ireland,Self Employed,Wealth,8798.18,19-02-2020
C00017,Arthur,Martinez,Male,14-03-1988,Naples,Italy,Salaried,Retail,4175.68,25-04-2025
C00018,Ethan,Hernandez,Male,25-02-1960,Antwerp,Belgium,Self Employed,SME,4197.84,02-04-2022
C00019,Sofia,Taylor,Female,26-05-1984,Utrecht,Netherlands,Self Employed,Corporate,6239.14,17-02-2020
C00020,Amelia,Harris,Female,19-01-1973,Lyon,France,Retired,Corporate,6653.57,16-12-2023
C00021,Louis,Anderson,Male,03-09-1963,Limerick,Ireland,Retired,SME,13725.81,01-09-2024
C00022,Hannah,Williams,Female,14-02-1999,Ghent,Belgium,Self Employed,Premium,10892.02,23-12-2020
C00023,Charlotte,Martin,Female,21-11-1968,Paris,France,Retired,Retail,2748.98,25-04-2024
C00024,Isabella,Anderson,Female,07-09-1964,Rotterdam,Netherlands,Business Owner,Retail,3246.26,09-10-2019
C00025,Sofia,Jones,Female,10-12-1994,Stuttgart,Germany,Salaried,Premium,5672.63,15-03-2019
C00026,Freya,Garcia,Female,10-05-1969,Gothenburg,Sweden,Business Owner,Premium,12881.88,28-07-2018
C00027,Sofia,Sanchez,Female,27-07-2000,Ghent,Belgium,Retired,Retail,6589.7,09-02-2018
C00028,Hans,Hernandez,Male,05-12-1964,Braga,Portugal,Salaried,Retail,11780.11,16-06-2021
C00029,Alexander,Lee,Male,07-06-1962,Munich,Germany,Self Employed,Premium,12701.3,28-10-2019
C00030,Chloe,Jackson,Female,06-01-1986,Kraków,Poland,Salaried,Corporate,18148.28,12-04-2023
C00031,Charlotte,Ramirez,Female,12-08-1972,Wrocław,Poland,Business Owner,Retail,7932.76,15-02-2021
C00032,Hans,Williams,Male,21-06-1977,Stockholm,Sweden,Business Owner,Retail,16340.56,02-01-2020
C00033,Oliver,Garcia,Male,04-01-1976,Rome,Italy,Student,Premium,5034.25,19-06-2024
C00034,Mia,Davis,Female,23-01-1976,Graz,Austria,Student,Retail,6094.33,14-10-2018
C00035,Mia,Hernandez,Female,22-06-1999,Madrid,Spain,Student,SME,10412.81,26-10-2025
C00036,Marco,Martinez,Male,07-03-1995,Braga,Portugal,Business Owner,Retail,14860.66,21-03-2021
C00037,Camille,Rodriguez,Female,20-10-1987,Turin,Italy,Freelancer,Premium,9381.93,27-11-2019
C00038,Chloe,Lee,Female,22-09-1978,The Hague,Netherlands,Self Employed,Premium,4227.37,26-03-2020
C00039,Alexander,Rodriguez,Male,08-01-1961,Rome,Italy,Freelancer,Wealth,26110.47,23-10-2025
C00040,Hannah,Anderson,Female,08-07-1991,Graz,Austria,Salaried,Retail,7740.87,02-04-2024
C00041,Clara,Ramirez,Female,05-08-1967,Amsterdam,Netherlands,Retired,SME,46963.96,01-01-2023
C00042,Mia,White,Female,09-08-1990,Faro,Portugal,Freelancer,Corporate,18961.29,06-09-2020
C00043,Julian,Taylor,Male,23-02-1988,Vienna,Austria,Self Employed,Retail,4029.31,05-08-2020
C00044,Mateo,Wilson,Male,23-03-2004,Nice,France,Self Employed,Retail,4904.59,17-09-2022
C00045,Ava,Garcia,Female,01-12-1997,Valencia,Spain,Student,SME,11601.46,13-09-2022
C00046,Freya,Smith,Female,08-10-1994,Braga,Portugal,Freelancer,Retail,3646.22,08-11-2019
C00047,Ava,White,Female,18-10-1968,Nice,France,Self Employed,Retail,4395.86,07-03-2023
C00048,Sophia,Perez,Female,13-05-1963,Stockholm,Sweden,Student,Retail,5184.64,30-10-2020
C00049,Lucas,White,Male,24-01-1990,Lisbon,Portugal,Self Employed,Retail,10567.56,27-03-2020
C00050,Camille,White,Female,08-03-1999,Stockholm,Sweden,Business Owner,Retail,7979.82,19-11-2019
C00051,Oliver,Miller,Male,23-12-1998,Rotterdam,Netherlands,Salaried,Retail,3190.96,22-08-2024
C00052,Liam,Gonzalez,Male,25-12-1966,Marseille,France,Business Owner,Retail,13520.5,23-12-2023
C00053,Oliver,Brown,Male,03-06-2002,Madrid,Spain,Student,Retail,2250.0,23-01-2022
C00054,Olivia,Robinson,Female,06-07-1969,Salzburg,Austria,Student,Corporate,22206.34,20-11-2022
C00055,Hannah,Thomas,Female,28-06-1977,Dublin,Ireland,Retired,Retail,9766.24,04-11-2024
C00056,Elena,Johnson,Female,16-01-1981,Florence,Italy,Business Owner,SME,5289.23,07-09-2024
C00057,Emma,Harris,Female,17-01-1995,Frankfurt,Germany,Student,SME,7404.78,12-03-2018
C00058,Charlotte,Taylor,Female,13-04-1978,Seville,Spain,Student,Premium,6430.31,04-03-2024
C00059,Arthur,Williams,Male,15-12-1982,Bordeaux,France,Freelancer,Retail,4235.38,04-01-2024
C00060,Olivia,Rodriguez,Female,24-04-1972,Galway,Ireland,Self Employed,Retail,5712.4,18-01-2022
C00061,Julian,Jones,Male,23-01-1979,Barcelona,Spain,Salaried,Retail,6531.31,09-06-2024
C00062,Oliver,Lee,Male,15-08-1990,Marseille,France,Salaried,Retail,9952.07,30-06-2022
C00063,Hans,Lewis,Male,21-10-1964,Ghent,Belgium,Retired,Premium,5814.63,08-04-2022
C00064,Alexander,Martinez,Male,28-05-1988,Antwerp,Belgium,Self Employed,Premium,8519.3,06-01-2025
C00065,Sophia,Davis,Female,03-11-1976,Malmö,Sweden,Freelancer,Retail,6265.81,03-02-2023
C00066,Camille,Martinez,Female,09-04-2003,Valencia,Spain,Salaried,Corporate,17234.93,09-02-2024
C00067,Amelia,Lee,Female,09-03-2001,Brussels,Belgium,Salaried,SME,3756.93,04-04-2023
C00068,Ava,Jones,Female,09-07-2004,Nice,France,Retired,Retail,5495.07,22-10-2020
C00069,Leo,Clark,Male,22-04-1965,Malmö,Sweden,Self Employed,SME,32734.52,12-04-2023
C00070,Ava,Smith,Female,09-08-2001,Lyon,France,Business Owner,Retail,6894.12,31-07-2022
C00071,James,Perez,Male,04-11-1980,Malmö,Sweden,Student,SME,4583.46,27-12-2018
C00072,Mia,Ramirez,Female,04-06-1976,Barcelona,Spain,Student,Wealth,13770.98,11-08-2018
C00073,Hans,Hernandez,Male,20-06-1993,Cork,Ireland,Business Owner,Corporate,19919.32,30-11-2022
C00074,Freya,Thomas,Female,21-01-1967,Graz,Austria,Salaried,Premium,7431.53,09-07-2020
C00075,Amelia,Ramirez,Female,21-02-1989,Faro,Portugal,Student,SME,7700.47,19-04-2023
C00076,Leo,Robinson,Male,05-09-1989,Galway,Ireland,Business Owner,Retail,12424.35,27-08-2022
C00077,Lucas,Moore,Male,27-05-1992,Rotterdam,Netherlands,Student,Retail,20543.95,16-01-2024
C00078,Mateo,Jones,Male,18-06-1982,Bordeaux,France,Retired,Corporate,4950.0,18-04-2022
C00079,Camille,Moore,Female,11-01-1986,The Hague,Netherlands,Salaried,Corporate,33969.1,02-06-2019
C00080,Liam,Jackson,Male,28-06-1997,Dublin,Ireland,Business Owner,Retail,7937.76,25-07-2025
C00081,Chloe,Anderson,Female,21-06-1984,Stockholm,Sweden,Salaried,Premium,47614.05,08-02-2025
C00082,Sofia,White,Female,23-03-1988,Lisbon,Portugal,Business Owner,Retail,2864.44,31-10-2022
C00083,Sofia,Lewis,Female,14-09-1975,Braga,Portugal,Retired,Premium,13881.17,30-08-2025
C00084,Chloe,Wilson,Female,05-10-1991,Hamburg,Germany,Business Owner,Retail,7035.63,07-08-2025
C00085,Leo,Lee,Male,15-02-1970,Braga,Portugal,Self Employed,SME,7303.34,12-04-2022
C00086,Sofia,Moore,Female,10-10-1982,Vienna,Austria,Business Owner,Wealth,20381.11,31-07-2020
C00087,Lucas,Robinson,Male,21-04-1982,Porto,Portugal,Freelancer,Retail,2250.0,01-04-2025
C00088,Mia,Thomas,Female,02-08-1979,Galway,Ireland,Self Employed,Premium,12666.54,02-04-2020
C00089,Elena,Davis,Female,17-06-1994,Munich,Germany,Freelancer,Retail,4277.28,19-10-2021
C00090,Clara,Williams,Female,05-02-1989,Limerick,Ireland,Salaried,Corporate,5467.5,05-06-2022
C00091,Amelia,Martinez,Female,04-09-1976,Limerick,Ireland,Salaried,Retail,9096.61,27-07-2025
C00092,Mia,Wilson,Female,20-01-1990,Gdańsk,Poland,Freelancer,SME,15339.02,22-05-2021
C00093,Lucas,Jones,Male,02-03-1967,Milan,Italy,Student,SME,5381.02,02-02-2023
C00094,Lucas,Smith,Male,23-12-2002,Frankfurt,Germany,Student,SME,5758.16,26-11-2024
C00095,James,Taylor,Male,23-01-1977,Cork,Ireland,Freelancer,Retail,2250.0,13-02-2022
C00096,Carlos,Harris,Male,02-06-2001,Milan,Italy,Freelancer,Retail,3962.25,18-05-2020
C00097,Freya,Jones,Female,26-01-1961,Bologna,Italy,Self Employed,Retail,6258.1,07-09-2024
C00098,Ethan,Martinez,Male,05-03-1977,Cologne,Germany,Salaried,Retail,7588.72,07-01-2022
C00099,Amelia,Moore,Female,01-06-1997,Wrocław,Poland,Retired,Retail,6092.09,28-08-2024
C00100,James,Thompson,Male,08-09-1988,Utrecht,Netherlands,Student,SME,15962.71,04-07-2022
C00101,Hans,Thomas,Male,16-02-2003,Malmö,Sweden,Salaried,Premium,5867.15,01-06-2019
C00102,Arthur,Thomas,Male,19-11-1999,Graz,Austria,Freelancer,Retail,5829.88,14-04-2019
C00103,Lucas,Smith,Male,15-07-1973,Gothenburg,Sweden,Business Owner,SME,4833.1,15-10-2022
C00104,Arthur,Wilson,Male,12-05-2002,Porto,Portugal,Student,Wealth,23199.28,31-01-2019
C00105,Clara,Martinez,Female,02-09-1968,Salzburg,Austria,Freelancer,Premium,10855.69,29-09-2022
C00106,Julian,Davis,Male,10-10-1978,Faro,Portugal,Salaried,Retail,6071.49,05-12-2021
C00107,Arthur,Smith,Male,25-02-1983,Dublin,Ireland,Retired,Retail,3517.06,18-05-2025
C00108,Leo,Lopez,Male,09-03-1961,Paris,France,Retired,Premium,7576.12,16-05-2025
C00109,Sophia,Wilson,Female,24-03-1964,Berlin,Germany,Business Owner,Premium,6263.37,03-02-2026
C00110,Hannah,Moore,Female,03-10-1996,Salzburg,Austria,Business Owner,SME,7053.34,01-06-2020
C00111,Alexander,Gonzalez,Male,14-06-1967,Salzburg,Austria,Self Employed,Retail,8360.46,07-06-2022
C00112,Sophia,Garcia,Female,07-01-1963,Limerick,Ireland,Salaried,Retail,4032.62,01-02-2018
C00113,Louis,White,Male,05-03-1987,Amsterdam,Netherlands,Student,Retail,8123.52,23-06-2018
C00114,Sofia,Gonzalez,Female,03-08-1961,Florence,Italy,Salaried,SME,9154.56,18-07-2022
C00115,Freya,Gonzalez,Female,26-03-1980,Limerick,Ireland,Salaried,SME,6857.83,23-09-2020
C00116,Noah,Rodriguez,Male,17-07-1997,Bruges,Belgium,Retired,Retail,2250.0,20-09-2023
C00117,Olivia,Wilson,Female,24-06-1982,Wrocław,Poland,Self Employed,Wealth,19488.83,12-12-2019
C00118,Sofia,Davis,Female,03-11-1969,Naples,Italy,Freelancer,Retail,9199.2,01-05-2024
C00119,Leo,Harris,Male,11-11-1980,Berlin,Germany,Business Owner,Retail,2664.32,10-09-2023
C00120,Clara,Robinson,Female,15-08-1979,Bologna,Italy,Student,Retail,4648.27,05-07-2024
C00121,Julian,Sanchez,Male,26-08-1962,Amsterdam,Netherlands,Student,Premium,4726.99,28-02-2019
C00122,Louis,Perez,Male,21-09-1965,Bologna,Italy,Business Owner,Retail,3621.5,08-03-2022
C00123,Lucas,Martinez,Male,25-07-1984,Cologne,Germany,Business Owner,Retail,8571.23,23-01-2019
C00124,Marco,White,Male,10-07-2003,The Hague,Netherlands,Business Owner,Retail,6198.27,24-06-2021
C00125,Leo,Sanchez,Male,23-10-1968,Malmö,Sweden,Freelancer,SME,5803.43,18-11-2025
C00126,Isabella,Wilson,Female,22-11-1965,Innsbruck,Austria,Student,Retail,4507.23,26-02-2020
C00127,Noah,Ramirez,Male,03-03-1968,Vienna,Austria,Freelancer,Retail,9606.28,11-10-2021
C00128,Olivia,Garcia,Female,13-10-1968,Wrocław,Poland,Salaried,Retail,2250.0,10-08-2022
C00129,Liam,Martinez,Male,08-12-2003,Faro,Portugal,Retired,Wealth,25286.39,06-09-2020
C00130,Olivia,Lee,Female,12-04-1990,Stockholm,Sweden,Retired,Premium,11209.71,01-12-2023
C00131,Mateo,Martin,Male,26-04-1970,Gothenburg,Sweden,Business Owner,Premium,9668.56,10-12-2018
C00132,Amelia,Rodriguez,Female,17-08-1977,Rome,Italy,Salaried,Retail,2250.0,27-08-2022
C00133,Louis,Martin,Male,12-09-1985,Innsbruck,Austria,Freelancer,Retail,11666.03,16-04-2025
C00134,Amelia,Miller,Female,02-03-1969,Cologne,Germany,Retired,Retail,15393.7,22-01-2018
C00135,Ethan,Smith,Male,07-05-1961,Barcelona,Spain,Business Owner,SME,9166.1,31-08-2020
C00136,Liam,Johnson,Male,08-01-1967,Bilbao,Spain,Freelancer,Retail,9216.7,12-10-2023
C00137,Elena,Smith,Female,05-12-1975,Amsterdam,Netherlands,Salaried,Retail,6003.0,25-11-2023
C00138,Ava,Brown,Female,18-09-1992,Innsbruck,Austria,Salaried,Retail,4664.17,13-11-2021
C00139,Isabella,Rodriguez,Female,04-11-2002,Salzburg,Austria,Freelancer,Corporate,16964.65,19-12-2019
C00140,Ava,Thompson,Female,21-08-2004,Kraków,Poland,Self Employed,Retail,2250.0,29-06-2018
C00141,Amelia,White,Female,10-06-1962,Valencia,Spain,Salaried,Retail,2250.0,09-05-2025
C00142,Emma,Davis,Female,26-02-1977,Salzburg,Austria,Business Owner,Retail,10148.23,28-10-2023
C00143,Olivia,Jones,Female,14-12-1965,Warsaw,Poland,Salaried,Retail,9529.05,24-11-2018
C00144,Emma,Thomas,Female,10-05-2002,Naples,Italy,Salaried,Retail,7075.66,25-02-2026
C00145,Noah,Hernandez,Male,09-07-1999,Ghent,Belgium,Self Employed,Premium,13066.06,24-10-2024
C00146,Alexander,Martinez,Male,03-03-1962,Toulouse,France,Freelancer,Retail,6854.81,17-01-2023
C00147,Arthur,Sanchez,Male,25-08-1983,Stockholm,Sweden,Salaried,Retail,3222.68,17-04-2018
C00148,Amelia,Lopez,Female,13-09-1991,Lisbon,Portugal,Self Employed,SME,9892.75,18-05-2019
C00149,Amelia,Thompson,Female,06-08-1964,The Hague,Netherlands,Freelancer,SME,7314.92,23-09-2018
C00150,Arthur,Johnson,Male,10-05-1994,Ghent,Belgium,Self Employed,SME,14533.68,23-07-2019
C00151,Ethan,Williams,Male,12-01-1991,Barcelona,Spain,Salaried,Premium,5301.73,20-06-2021
C00152,Carlos,Harris,Male,14-09-1990,Warsaw,Poland,Self Employed,Corporate,10497.34,08-11-2022
C00153,Ava,Johnson,Female,17-02-1963,Stockholm,Sweden,Retired,Retail,3466.28,09-03-2021
C00154,Lucas,Harris,Male,21-04-1976,Vienna,Austria,Retired,Wealth,9405.47,10-03-2025
C00155,Alexander,Williams,Male,05-10-1997,Lisbon,Portugal,Salaried,Retail,18333.13,29-11-2018
C00156,Elena,Thomas,Female,09-10-2001,Graz,Austria,Freelancer,Premium,15329.07,13-02-2024
C00157,Liam,Miller,Male,16-05-2001,Berlin,Germany,Self Employed,Retail,9011.52,06-12-2022
C00158,Hans,Clark,Male,07-08-1990,Cologne,Germany,Business Owner,Retail,4338.69,17-09-2020
C00159,Isabella,Clark,Female,15-05-1967,Porto,Portugal,Self Employed,Retail,3235.71,17-10-2019
C00160,Alexander,Clark,Male,11-12-1996,Kraków,Poland,Student,Retail,4268.6,02-09-2023
C00161,Emma,Brown,Female,19-04-1975,Faro,Portugal,Retired,Retail,2388.4,03-02-2018
C00162,Arthur,Thompson,Male,09-03-1987,Bilbao,Spain,Business Owner,Premium,14741.2,16-03-2024
C00163,Noah,Gonzalez,Male,17-07-1964,Porto,Portugal,Self Employed,Retail,7239.19,01-02-2019
C00164,Arthur,Anderson,Male,18-06-1983,Turin,Italy,Salaried,SME,10454.67,09-06-2018
C00165,Sophia,White,Female,17-08-1981,Graz,Austria,Self Employed,Retail,6801.6,29-05-2022
C00166,Emma,Miller,Female,11-10-1979,Antwerp,Belgium,Salaried,Retail,5630.42,17-02-2022
C00167,Amelia,White,Female,14-02-2003,Cork,Ireland,Business Owner,Premium,27588.22,09-05-2025
C00168,Clara,Brown,Female,24-04-1996,Wrocław,Poland,Self Employed,Retail,5319.85,20-08-2025
C00169,Leo,Perez,Male,23-10-1962,Faro,Portugal,Student,Retail,2854.37,18-08-2023
C00170,Sophia,Thomas,Female,24-12-1990,The Hague,Netherlands,Business Owner,Retail,3594.52,11-12-2019
C00171,Charlotte,Perez,Female,18-06-1994,Hamburg,Germany,Self Employed,Retail,13871.02,06-10-2020
C00172,Isabella,Robinson,Female,08-05-1995,Naples,Italy,Business Owner,SME,14451.9,14-04-2024
C00173,Mia,Garcia,Female,19-02-1978,Gothenburg,Sweden,Student,Premium,14925.57,10-05-2025
C00174,Marco,White,Male,07-04-1990,Dublin,Ireland,Retired,SME,4728.67,31-07-2024
C00175,Emma,White,Female,22-01-1975,Kraków,Poland,Freelancer,SME,5525.05,19-04-2023
C00176,Hans,Moore,Male,01-03-2003,Antwerp,Belgium,Business Owner,Wealth,55563.29,08-08-2021
C00177,Leo,Brown,Male,25-01-2001,Dublin,Ireland,Student,Retail,6428.19,22-12-2019
C00178,Isabella,Thomas,Female,06-08-1985,Braga,Portugal,Freelancer,SME,8318.84,04-02-2024
C00179,Sofia,Martinez,Female,28-03-1991,Madrid,Spain,Freelancer,Retail,2250.0,19-11-2020
C00180,Sophia,Lopez,Female,11-12-1960,Cologne,Germany,Student,Corporate,15834.14,12-10-2023
C00181,Hans,Johnson,Male,22-07-1965,Cologne,Germany,Business Owner,Retail,13196.85,21-04-2022
C00182,Freya,Perez,Female,11-05-1988,Stockholm,Sweden,Business Owner,Retail,8865.75,17-10-2019
C00183,Noah,Brown,Male,23-09-2003,Bilbao,Spain,Self Employed,Corporate,19998.1,02-07-2019
C00184,Noah,Lee,Male,24-08-1969,Salzburg,Austria,Self Employed,Wealth,11120.34,18-08-2025
C00185,Alexander,Hernandez,Male,15-09-1965,Paris,France,Retired,Retail,2250.0,08-01-2024
C00186,James,Garcia,Male,28-06-1970,Rome,Italy,Retired,Retail,3506.17,30-12-2022
C00187,Arthur,Rodriguez,Male,17-03-1989,Stuttgart,Germany,Student,Retail,6340.11,08-11-2020
C00188,Chloe,Brown,Female,03-10-1973,Amsterdam,Netherlands,Salaried,Retail,4728.15,21-03-2021
C00189,Charlotte,Sanchez,Female,25-03-1971,Munich,Germany,Salaried,Premium,4050.0,28-08-2025
C00190,Noah,Smith,Male,28-11-1968,Dublin,Ireland,Salaried,Retail,2870.88,04-04-2018
C00191,Emma,Jackson,Female,24-11-1989,Berlin,Germany,Self Employed,Retail,6558.72,03-02-2021
C00192,Arthur,Thompson,Male,26-01-1967,Wrocław,Poland,Self Employed,Premium,54522.79,03-10-2018
C00193,Amelia,Thompson,Female,15-01-1998,Berlin,Germany,Student,Premium,12177.96,17-08-2020
C00194,Chloe,Jones,Female,05-01-1973,Nice,France,Retired,Retail,2250.0,15-09-2024
C00195,Ethan,Harris,Male,05-05-1975,Lyon,France,Freelancer,Wealth,17167.56,12-08-2025
C00196,Oliver,Davis,Male,02-08-1995,Ghent,Belgium,Business Owner,Wealth,24647.23,22-03-2022
C00197,Liam,Thomas,Male,08-08-1994,Graz,Austria,Retired,SME,4070.4,18-08-2022
C00198,Olivia,Perez,Female,05-09-1995,Rotterdam,Netherlands,Salaried,Retail,3915.92,03-01-2024
C00199,Julian,Hernandez,Male,13-05-1963,Cologne,Germany,Student,Premium,21464.77,05-05-2020
C00200,Hans,Harris,Male,07-01-1979,Munich,Germany,Retired,SME,4190.21,10-08-2021
C00201,Sofia,Johnson,Female,18-08-1984,Bologna,Italy,Salaried,Premium,7506.14,07-02-2026
C00202,Emma,Lopez,Female,12-04-1980,Nice,France,Self Employed,Retail,6241.03,14-03-2020
C00203,Sofia,Jones,Female,19-07-1974,Utrecht,Netherlands,Student,SME,7727.47,11-02-2026
C00204,Louis,Moore,Male,24-03-1989,Stockholm,Sweden,Retired,Corporate,4950.0,19-05-2018
C00205,Arthur,Brown,Male,25-01-2002,Bruges,Belgium,Self Employed,Retail,2250.0,03-09-2023
C00206,Ava,Thomas,Female,20-01-1983,Graz,Austria,Retired,Premium,10481.76,20-03-2021
C00207,Sophia,Hernandez,Female,22-12-1992,Barcelona,Spain,Business Owner,Retail,12674.06,30-12-2020
C00208,Leo,Sanchez,Male,13-06-1965,Vienna,Austria,Salaried,Retail,2484.19,19-07-2022
C00209,Marco,Harris,Male,16-09-1984,Warsaw,Poland,Retired,Retail,5528.86,24-06-2018
C00210,Ethan,Sanchez,Male,19-12-1973,Limerick,Ireland,Self Employed,Retail,5883.67,01-08-2024
C00211,Hans,Anderson,Male,10-02-1985,Wrocław,Poland,Freelancer,Retail,2250.0,14-02-2026
C00212,Camille,Miller,Female,12-12-1992,Hamburg,Germany,Business Owner,Retail,3827.71,02-05-2018
C00213,Emma,Thompson,Female,08-08-1988,Bruges,Belgium,Salaried,Retail,11505.58,08-12-2024
C00214,Charlotte,Lopez,Female,03-12-1975,Limerick,Ireland,Business Owner,Retail,2250.0,17-01-2022
C00215,Camille,Jones,Female,10-01-1965,Amsterdam,Netherlands,Student,Retail,7278.24,31-03-2024
C00216,Isabella,Lewis,Female,04-07-1992,Madrid,Spain,Salaried,Retail,4750.44,10-04-2021
C00217,James,Thomas,Male,24-02-1984,Paris,France,Business Owner,SME,8401.86,18-05-2021
C00218,Camille,Anderson,Female,03-03-1991,Bruges,Belgium,Business Owner,Retail,4089.16,07-10-2020
C00219,Elena,Martinez,Female,07-10-1998,Ghent,Belgium,Business Owner,Retail,2970.81,30-10-2022
C00220,Elena,Thompson,Female,11-05-1968,Warsaw,Poland,Business Owner,Premium,14177.97,17-10-2025
C00221,Mateo,Miller,Male,11-04-1996,Munich,Germany,Retired,Retail,9044.3,13-02-2024
C00222,Julian,Garcia,Male,01-09-2003,Porto,Portugal,Student,Wealth,14653.28,19-07-2025
C00223,Leo,Lopez,Male,10-11-1968,Kraków,Poland,Student,Retail,9355.22,15-09-2024
C00224,Ethan,White,Male,18-07-1997,Bruges,Belgium,Salaried,Retail,6732.82,13-10-2020
C00225,Mateo,Rodriguez,Male,20-11-1970,Milan,Italy,Salaried,Retail,3770.66,08-02-2019
C00226,Freya,Clark,Female,24-09-1974,Seville,Spain,Student,Retail,6613.25,15-08-2025
C00227,Chloe,Robinson,Female,05-09-2004,Kraków,Poland,Business Owner,Retail,3383.4,05-05-2023
C00228,Carlos,Moore,Male,23-12-1988,Valencia,Spain,Retired,Retail,4683.17,16-12-2019
C00229,Liam,Williams,Male,18-06-1970,Florence,Italy,Freelancer,Retail,4632.92,16-05-2025
C00230,Leo,Jones,Male,24-01-1985,Stockholm,Sweden,Self Employed,Premium,4941.6,14-02-2021
C00231,Amelia,Martinez,Female,26-02-1996,Rome,Italy,Freelancer,SME,4995.17,28-06-2023
C00232,Carlos,Rodriguez,Male,20-06-2000,Florence,Italy,Freelancer,Retail,4932.04,01-12-2025
C00233,Elena,Lopez,Female,03-10-1999,Bilbao,Spain,Freelancer,Premium,7897.21,03-08-2019
C00234,Mateo,Smith,Male,20-07-1984,Vienna,Austria,Retired,Retail,4832.98,15-11-2019
C00235,Clara,Lee,Female,06-03-1978,Madrid,Spain,Self Employed,Retail,5266.5,10-03-2020
C00236,Elena,Gonzalez,Female,21-09-1995,Lisbon,Portugal,Self Employed,Retail,7451.64,05-12-2018
C00237,Camille,Garcia,Female,10-04-1961,Berlin,Germany,Retired,Retail,3839.1,24-09-2023
C00238,Hannah,Smith,Female,09-02-1996,Cork,Ireland,Retired,Corporate,19696.69,14-06-2020
C00239,Chloe,Ramirez,Female,27-12-1966,Salzburg,Austria,Salaried,Premium,5470.09,28-08-2020
C00240,Ethan,Harris,Male,12-12-1997,Toulouse,France,Self Employed,SME,9287.09,01-09-2018
C00241,Julian,Davis,Male,09-09-1982,Limerick,Ireland,Self Employed,Premium,6297.0,13-08-2022
C00242,Mia,White,Female,05-11-1977,Hamburg,Germany,Student,Premium,6633.07,06-08-2019
C00243,Olivia,Perez,Female,21-05-2000,Kraków,Poland,Retired,Retail,4887.0,13-02-2021
C00244,Elena,Clark,Female,11-08-1989,Faro,Portugal,Self Employed,Premium,15154.51,26-10-2022
C00245,Charlotte,Miller,Female,11-05-1991,Lisbon,Portugal,Freelancer,SME,5387.0,18-07-2018
C00246,Leo,Perez,Male,26-11-1966,Lyon,France,Freelancer,SME,4275.56,21-05-2021
C00247,Mateo,Harris,Male,21-02-1977,Graz,Austria,Student,Retail,6413.44,08-05-2025
C00248,Leo,Jones,Male,07-01-1966,Stockholm,Sweden,Salaried,Retail,3533.72,20-10-2025
C00249,Julian,Martinez,Male,23-07-1967,Florence,Italy,Business Owner,Retail,2868.64,14-02-2022
C00250,Ethan,Wilson,Male,25-07-1968,Innsbruck,Austria,Retired,SME,20749.94,26-04-2024
C00251,Sofia,Hernandez,Female,06-11-1999,Gothenburg,Sweden,Self Employed,Retail,9723.21,22-12-2018
C00252,Oliver,Brown,Male,19-02-1968,Braga,Portugal,Business Owner,Corporate,9517.96,25-03-2025
C00253,Elena,Perez,Female,20-09-1975,Seville,Spain,Self Employed,Premium,15757.26,22-10-2023
C00254,Olivia,Johnson,Female,24-04-1992,Stuttgart,Germany,Student,Retail,10466.05,07-04-2019
C00255,Freya,Jones,Female,20-11-1991,Bordeaux,France,Business Owner,Retail,4565.27,16-02-2024
C00256,Ava,Ramirez,Female,01-02-1990,Cologne,Germany,Student,Premium,8697.96,14-11-2025
C00257,Emma,Miller,Female,18-11-1965,Utrecht,Netherlands,Freelancer,Retail,3724.57,27-11-2022
C00258,Oliver,Thomas,Male,03-04-1963,Rotterdam,Netherlands,Salaried,SME,3150.0,21-02-2018
C00259,Noah,Brown,Male,06-01-2004,Kraków,Poland,Business Owner,Retail,4098.49,04-06-2019
C00260,James,Jackson,Male,11-01-1967,Innsbruck,Austria,Student,SME,6152.54,08-02-2023
C00261,Marco,Clark,Male,16-01-1983,Porto,Portugal,Self Employed,SME,5331.89,16-09-2023
C00262,Charlotte,Perez,Female,08-01-1962,Lisbon,Portugal,Self Employed,Retail,2250.0,11-08-2021
C00263,Mateo,Taylor,Male,11-12-1986,Naples,Italy,Self Employed,Retail,2930.57,14-10-2023
C00264,Chloe,Thompson,Female,15-02-1985,Bologna,Italy,Salaried,SME,11258.28,20-02-2022
C00265,Julian,Rodriguez,Male,26-10-1978,Naples,Italy,Freelancer,Retail,6863.47,17-02-2024
C00266,Emma,Lopez,Female,14-01-1969,Madrid,Spain,Salaried,Retail,6158.86,16-05-2025
C00267,Sophia,Martin,Female,07-02-1979,Galway,Ireland,Salaried,Retail,3400.33,29-06-2018
C00268,Louis,Williams,Male,23-07-1993,Brussels,Belgium,Freelancer,SME,6627.39,04-06-2022
C00269,Emma,Robinson,Female,02-10-1997,Dublin,Ireland,Business Owner,Retail,3978.86,29-01-2023
C00270,Hannah,Miller,Female,07-02-1974,Cologne,Germany,Student,Retail,7361.66,10-07-2021
C00271,Marco,Thomas,Male,12-09-1967,Limerick,Ireland,Self Employed,Wealth,11134.14,11-09-2025
C00272,Hannah,Lewis,Female,02-10-2004,Bilbao,Spain,Student,Retail,8209.17,05-10-2023
C00273,Carlos,Williams,Male,09-05-2003,Kraków,Poland,Student,SME,16447.47,22-02-2019
C00274,Amelia,Sanchez,Female,02-01-1967,Berlin,Germany,Salaried,SME,12593.49,31-03-2018
C00275,Marco,Johnson,Male,15-11-1972,Dublin,Ireland,Retired,SME,10792.32,10-11-2022
C00276,Mia,Moore,Female,13-01-1991,Barcelona,Spain,Student,Premium,6718.56,01-09-2019
C00277,Louis,Lewis,Male,20-10-1999,Brussels,Belgium,Salaried,Retail,3980.61,19-02-2021
C00278,Alexander,Clark,Male,07-07-1968,Dublin,Ireland,Student,Premium,14461.23,31-12-2025
C00279,Ethan,Sanchez,Male,26-09-1990,Barcelona,Spain,Salaried,Retail,12094.11,30-07-2021
C00280,Louis,Johnson,Male,26-01-1974,Florence,Italy,Self Employed,Corporate,13705.29,14-05-2025
C00281,Freya,Martin,Female,27-09-1977,Lisbon,Portugal,Business Owner,Corporate,31395.17,13-12-2019
C00282,Isabella,Taylor,Female,11-10-1975,Naples,Italy,Retired,SME,20376.28,19-06-2021
C00283,Emma,White,Female,03-01-1991,Porto,Portugal,Retired,Retail,6098.8,05-04-2020
C00284,Oliver,Clark,Male,06-12-1981,Nice,France,Salaried,SME,12515.14,26-11-2023
C00285,Lucas,Williams,Male,23-06-1964,Nice,France,Self Employed,SME,6938.66,19-03-2026
C00286,Sophia,Taylor,Female,21-08-2000,Paris,France,Self Employed,Retail,8640.92,19-06-2025
C00287,Olivia,Brown,Female,10-07-1971,Brussels,Belgium,Retired,Corporate,9610.86,13-05-2018
C00288,Louis,Davis,Male,26-06-1998,Florence,Italy,Business Owner,Wealth,9049.14,15-11-2018
C00289,Leo,Gonzalez,Male,06-06-1982,Braga,Portugal,Business Owner,Premium,18004.19,08-05-2020
C00290,Sophia,Miller,Female,12-02-2004,Valencia,Spain,Student,Retail,3697.89,09-12-2021
C00291,Leo,Perez,Male,27-02-1984,Munich,Germany,Student,Retail,14796.09,29-10-2018
C00292,Noah,Jackson,Male,11-01-1978,Valencia,Spain,Freelancer,Retail,3137.98,04-11-2018
C00293,Marco,Garcia,Male,20-06-1965,Munich,Germany,Salaried,Wealth,13759.74,19-02-2019
C00294,Elena,White,Female,14-04-1973,The Hague,Netherlands,Self Employed,Premium,21625.28,28-01-2019
C00295,Elena,Wilson,Female,18-10-1985,Seville,Spain,Freelancer,SME,4642.82,04-01-2025
C00296,Louis,Brown,Male,04-04-1990,Cork,Ireland,Business Owner,Retail,3566.76,17-06-2022
C00297,Clara,Lee,Female,09-11-1991,Galway,Ireland,Self Employed,Retail,5819.98,31-12-2022
C00298,Julian,Lopez,Male,15-08-1976,Graz,Austria,Freelancer,Retail,11474.16,09-11-2021
C00299,Marco,Anderson,Male,08-10-1986,Turin,Italy,Student,Premium,8437.76,09-05-2021
C00300,Louis,Perez,Male,02-12-1985,Berlin,Germany,Self Employed,Retail,8596.49,17-05-2020
C00301,Charlotte,Lewis,Female,14-01-1968,Berlin,Germany,Business Owner,Retail,6866.95,26-02-2026
C00302,Olivia,Garcia,Female,18-07-1965,Gdańsk,Poland,Salaried,Retail,4408.6,25-08-2022
C00303,Clara,Garcia,Female,19-10-1969,Naples,Italy,Salaried,Premium,5224.39,07-12-2019
C00304,Leo,Gonzalez,Male,20-03-1985,Brussels,Belgium,Salaried,Premium,12038.44,01-05-2023
C00305,Leo,Hernandez,Male,11-01-1983,Vienna,Austria,Self Employed,SME,5980.32,15-05-2021
C00306,Sofia,Garcia,Female,24-05-1980,Antwerp,Belgium,Retired,Retail,6549.17,12-03-2022
C00307,Leo,Martin,Male,03-03-1992,Ghent,Belgium,Self Employed,Retail,5571.34,29-02-2020
C00308,Mateo,Robinson,Male,02-04-1963,Antwerp,Belgium,Freelancer,Retail,2250.0,06-05-2018
C00309,Mia,Lewis,Female,20-08-1983,Turin,Italy,Self Employed,Retail,12644.42,25-11-2020
C00310,Mia,Moore,Female,13-01-1978,Brussels,Belgium,Freelancer,Retail,3911.96,05-08-2022
C00311,Ethan,Ramirez,Male,01-11-1961,Cork,Ireland,Business Owner,Retail,3635.03,27-10-2024
C00312,Mia,Wilson,Female,14-05-2001,Wrocław,Poland,Freelancer,SME,14294.54,03-11-2023
C00313,Clara,Lee,Female,04-10-1985,Wrocław,Poland,Business Owner,Retail,11477.66,04-09-2025
C00314,Alexander,Clark,Male,11-02-1990,Lyon,France,Self Employed,Wealth,43232.09,20-10-2023
C00315,Camille,Hernandez,Female,13-10-1963,Utrecht,Netherlands,Business Owner,Premium,18355.28,11-09-2022
C00316,Chloe,Davis,Female,02-12-1984,Cologne,Germany,Freelancer,Premium,5940.17,08-01-2022
C00317,Chloe,Moore,Female,27-03-1979,Stuttgart,Germany,Freelancer,Premium,10759.91,08-04-2024
C00318,Sophia,Gonzalez,Female,21-06-2003,The Hague,Netherlands,Business Owner,Retail,3242.67,03-12-2020
C00319,Arthur,Moore,Male,28-08-1978,Naples,Italy,Freelancer,Retail,6752.95,13-04-2022
C00320,Hans,White,Male,02-07-1979,Bilbao,Spain,Self Employed,SME,6422.43,18-06-2024
C00321,Lucas,Lopez,Male,05-02-1991,Rome,Italy,Salaried,Premium,12294.07,27-12-2023
C00322,Mateo,Anderson,Male,11-01-1983,Stuttgart,Germany,Freelancer,Corporate,12534.58,11-11-2021
C00323,Charlotte,Smith,Female,13-02-1968,Cologne,Germany,Student,Retail,4547.16,01-03-2026
C00324,Camille,Johnson,Female,11-09-1998,The Hague,Netherlands,Self Employed,Retail,6777.94,07-11-2019
C00325,Isabella,Martin,Female,08-04-1961,Brussels,Belgium,Freelancer,Premium,11021.44,13-11-2020
C00326,James,Taylor,Male,20-01-1999,Milan,Italy,Student,Wealth,25789.57,25-12-2022
C00327,Ava,Lewis,Female,09-09-1967,Braga,Portugal,Student,Retail,2250.0,03-06-2025
C00328,Lucas,Smith,Male,09-09-2002,Amsterdam,Netherlands,Business Owner,Premium,13789.2,12-04-2019
C00329,Isabella,Davis,Female,20-04-1991,Dublin,Ireland,Business Owner,Retail,3459.97,19-10-2019
C00330,Noah,Ramirez,Male,07-08-1995,Stuttgart,Germany,Retired,Premium,9719.86,03-07-2025
C00331,Mia,Smith,Female,25-02-1969,Rotterdam,Netherlands,Business Owner,Retail,6993.17,17-12-2020
C00332,Clara,Clark,Female,27-02-1963,Turin,Italy,Freelancer,Retail,2997.21,20-04-2019
C00333,Camille,Clark,Female,28-01-1962,Frankfurt,Germany,Freelancer,Retail,6801.21,16-01-2019
C00334,Isabella,Robinson,Female,04-03-1981,Bilbao,Spain,Freelancer,Retail,10067.05,15-11-2019
C00335,Elena,Taylor,Female,24-12-1968,Rotterdam,Netherlands,Self Employed,Retail,4556.78,08-11-2024
C00336,Elena,Jackson,Female,01-10-1982,Innsbruck,Austria,Student,SME,15827.98,08-07-2018
C00337,Hans,Jackson,Male,11-11-1976,Munich,Germany,Freelancer,Retail,11491.33,17-10-2021
C00338,Ava,Brown,Female,23-12-1993,Bologna,Italy,Self Employed,Premium,7894.84,05-04-2024
C00339,James,Anderson,Male,21-01-1963,Bordeaux,France,Student,SME,7819.25,06-08-2021
C00340,Ethan,Jones,Male,02-05-1981,Braga,Portugal,Student,Retail,5970.89,25-12-2022
C00341,Liam,Rodriguez,Male,28-02-1988,Malmö,Sweden,Retired,Retail,5031.53,10-12-2024
C00342,Ethan,Lewis,Male,07-09-1992,Bruges,Belgium,Student,Premium,9349.46,21-09-2021
C00343,Julian,Davis,Male,16-10-1999,Gothenburg,Sweden,Business Owner,Premium,7864.81,25-12-2021
C00344,Noah,Rodriguez,Male,12-09-1995,Rome,Italy,Business Owner,Premium,4050.0,07-11-2024
C00345,Arthur,Martinez,Male,28-02-1972,Dublin,Ireland,Student,Retail,4594.22,10-07-2018
C00346,Olivia,Jackson,Female,15-08-1967,Limerick,Ireland,Retired,Premium,9930.9,02-06-2023
C00347,Charlotte,Jackson,Female,19-12-1971,Marseille,France,Retired,Retail,7706.19,25-04-2022
C00348,Hans,Miller,Male,25-12-1998,Brussels,Belgium,Self Employed,Retail,4775.88,18-08-2022
C00349,Louis,Williams,Male,17-12-2004,Vienna,Austria,Self Employed,Retail,21652.09,08-05-2020
C00350,Camille,Hernandez,Female,12-11-1978,Marseille,France,Freelancer,SME,3150.0,18-04-2019
C00351,Clara,Thomas,Female,19-08-1995,Kraków,Poland,Student,Premium,13049.6,22-02-2018
C00352,Ava,Thomas,Female,13-01-1966,Malmö,Sweden,Freelancer,Retail,6759.82,23-10-2020
C00353,Carlos,Lewis,Male,26-12-1963,Marseille,France,Freelancer,Retail,7693.27,04-04-2025
C00354,Camille,Thompson,Female,17-04-1984,Stockholm,Sweden,Student,Corporate,18073.96,03-09-2022
C00355,Julian,Clark,Male,01-01-1995,Stuttgart,Germany,Freelancer,Corporate,22405.97,03-03-2020
C00356,Hannah,Brown,Female,22-03-1988,Limerick,Ireland,Salaried,Retail,4165.98,15-09-2021
C00357,Chloe,Lee,Female,05-01-1969,Cologne,Germany,Student,SME,11594.79,03-06-2024
C00358,Lucas,Johnson,Male,26-02-1982,Faro,Portugal,Student,Premium,17375.9,03-02-2024
C00359,Louis,Sanchez,Male,12-02-1985,Warsaw,Poland,Retired,Retail,3689.18,13-12-2023
C00360,Julian,Gonzalez,Male,01-11-1995,Brussels,Belgium,Salaried,Retail,4567.42,27-08-2025
C00361,Olivia,Harris,Female,13-02-1984,Vienna,Austria,Student,Retail,5927.28,29-06-2018
C00362,James,Robinson,Male,11-04-2001,Malmö,Sweden,Freelancer,Retail,14041.51,22-01-2025
C00363,Arthur,Hernandez,Male,27-07-2003,Salzburg,Austria,Freelancer,Retail,6234.23,11-09-2025
C00364,Mia,Lewis,Female,23-08-1961,Malmö,Sweden,Student,Retail,10364.64,09-05-2022
C00365,Carlos,Wilson,Male,14-07-2000,Rome,Italy,Freelancer,Retail,4913.41,26-07-2024
C00366,Charlotte,Robinson,Female,12-02-2004,Marseille,France,Student,SME,6306.04,30-05-2025
C00367,Freya,Brown,Female,18-03-1990,Porto,Portugal,Freelancer,Retail,17388.87,14-08-2019
C00368,Carlos,Harris,Male,21-12-2003,Limerick,Ireland,Salaried,Retail,14297.37,21-01-2018
C00369,Noah,White,Male,18-07-1998,Stockholm,Sweden,Student,Retail,3369.21,30-03-2025
C00370,Marco,Ramirez,Male,06-03-1969,Vienna,Austria,Retired,Retail,8184.55,05-03-2023
C00371,Julian,Robinson,Male,22-05-1964,Braga,Portugal,Business Owner,Retail,5431.18,12-12-2024
C00372,Emma,Lee,Female,16-06-1972,Valencia,Spain,Business Owner,Retail,6477.4,21-10-2022
C00373,Arthur,Lee,Male,08-06-1960,Madrid,Spain,Freelancer,Corporate,21245.31,20-09-2021
C00374,Alexander,Johnson,Male,12-08-1989,Frankfurt,Germany,Business Owner,Corporate,11999.69,28-07-2019
C00375,Isabella,Taylor,Female,24-05-1972,Cork,Ireland,Retired,SME,3150.0,21-05-2020
C00376,Emma,Hernandez,Female,18-05-1995,Bologna,Italy,Self Employed,SME,8626.69,12-08-2024
C00377,Leo,Jackson,Male,17-08-1968,Salzburg,Austria,Retired,Retail,4547.58,29-07-2019
C00378,Liam,Hernandez,Male,19-03-1970,Bordeaux,France,Student,SME,11913.48,07-08-2020
C00379,Leo,Thompson,Male,08-06-1976,Paris,France,Freelancer,Retail,4320.45,20-08-2021
C00380,Sophia,Jones,Female,27-11-1993,Innsbruck,Austria,Freelancer,Retail,9505.87,31-03-2022
C00381,Emma,Perez,Female,27-11-1997,Bruges,Belgium,Student,Retail,3561.47,10-10-2024
C00382,Louis,Gonzalez,Male,15-03-1992,Naples,Italy,Freelancer,Retail,3956.87,01-08-2020
C00383,Mateo,Harris,Male,04-12-1981,Porto,Portugal,Self Employed,Retail,5391.87,26-06-2018
C00384,Julian,Jackson,Male,06-10-1996,Stockholm,Sweden,Business Owner,Retail,6168.5,08-01-2020
C00385,Leo,Williams,Male,19-10-1985,Antwerp,Belgium,Self Employed,Premium,5045.03,10-08-2022
C00386,Sophia,Wilson,Female,27-10-1969,Stockholm,Sweden,Retired,Corporate,15430.12,16-08-2024
C00387,Lucas,Sanchez,Male,13-07-1974,Gothenburg,Sweden,Retired,Retail,12075.47,24-08-2023
C00388,Charlotte,Jones,Female,22-08-1965,Brussels,Belgium,Business Owner,Retail,9740.33,27-06-2018
C00389,Liam,Hernandez,Male,26-04-1987,Munich,Germany,Student,Retail,8170.52,03-07-2019
C00390,Oliver,Thomas,Male,28-04-1990,Valencia,Spain,Freelancer,Retail,6776.64,30-01-2018
C00391,Chloe,White,Female,17-02-1993,Gothenburg,Sweden,Salaried,Retail,8821.94,26-09-2019
C00392,Emma,Moore,Female,09-10-2001,Antwerp,Belgium,Self Employed,Retail,5980.31,20-08-2022
C00393,Charlotte,Rodriguez,Female,06-08-1995,Ghent,Belgium,Freelancer,Retail,5927.78,19-06-2022
C00394,Oliver,Gonzalez,Male,24-02-2002,Kraków,Poland,Self Employed,Retail,2567.96,13-05-2022
C00395,Leo,Wilson,Male,16-03-1965,Amsterdam,Netherlands,Retired,SME,7253.92,04-06-2018
C00396,Clara,Thompson,Female,21-10-1985,Hamburg,Germany,Student,Retail,9081.42,13-02-2018
C00397,Liam,Harris,Male,10-09-2002,Dublin,Ireland,Freelancer,Retail,9560.31,28-05-2018
C00398,Ava,Thomas,Female,01-11-1975,Utrecht,Netherlands,Student,Wealth,9683.64,28-07-2024
C00399,Elena,Miller,Female,24-01-1993,Rotterdam,Netherlands,Business Owner,Premium,23953.7,06-02-2021
C00400,Mateo,Gonzalez,Male,15-04-1998,Salzburg,Austria,Retired,SME,8519.38,24-10-2018
C00401,Sofia,Jackson,Female,04-06-1978,Seville,Spain,Retired,SME,15513.86,04-06-2023
C00402,Noah,Moore,Male,22-08-1981,Ghent,Belgium,Student,Retail,6016.14,08-02-2025
C00403,Chloe,White,Female,08-12-2003,Valencia,Spain,Self Employed,SME,6813.86,22-03-2021
C00404,Elena,Davis,Female,24-11-1985,Milan,Italy,Self Employed,SME,7481.79,30-08-2025
C00405,Noah,Williams,Male,07-12-1991,Salzburg,Austria,Retired,Retail,3970.56,29-12-2021
C00406,Lucas,Harris,Male,03-02-1966,Dublin,Ireland,Student,Premium,14839.62,01-03-2022
C00407,Charlotte,Hernandez,Female,19-08-1980,Barcelona,Spain,Student,SME,4440.45,28-06-2020
C00408,Sofia,Robinson,Female,17-01-1968,Toulouse,France,Freelancer,Corporate,11636.33,17-12-2019
C00409,Chloe,Williams,Female,17-12-1967,Gothenburg,Sweden,Self Employed,Retail,2883.06,25-02-2024
C00410,Olivia,Perez,Female,16-05-1975,Turin,Italy,Freelancer,Wealth,13838.05,05-03-2022
C00411,Charlotte,Wilson,Female,15-05-1985,Berlin,Germany,Self Employed,Retail,2434.13,24-03-2024
C00412,Mia,Lopez,Female,05-04-1984,Galway,Ireland,Student,SME,11867.04,05-07-2019
C00413,Sophia,Hernandez,Female,11-12-1994,Turin,Italy,Salaried,Corporate,7907.19,29-09-2025
C00414,Mia,Martin,Female,27-04-1963,Malmö,Sweden,Business Owner,Retail,7553.34,23-03-2018
C00415,Marco,Smith,Male,28-06-1967,Graz,Austria,Business Owner,Premium,12596.52,25-12-2021
C00416,Clara,Martinez,Female,16-09-2003,Malmö,Sweden,Freelancer,Corporate,11522.96,17-08-2019
C00417,Liam,Lopez,Male,14-06-2000,The Hague,Netherlands,Business Owner,Premium,15570.0,23-07-2020
C00418,Chloe,Clark,Female,10-11-1980,Stockholm,Sweden,Freelancer,Premium,11733.92,01-08-2024
C00419,Arthur,Anderson,Male,06-07-1988,Amsterdam,Netherlands,Salaried,Retail,6794.17,19-09-2018
C00420,Chloe,Jones,Female,01-01-1995,Innsbruck,Austria,Self Employed,Corporate,4950.0,10-10-2020
C00421,Amelia,Johnson,Female,05-11-1988,Porto,Portugal,Retired,Retail,16699.54,20-01-2021
C00422,Hannah,Clark,Female,23-03-1988,The Hague,Netherlands,Retired,Retail,6474.8,05-03-2025
C00423,Sophia,Miller,Female,16-06-1979,Berlin,Germany,Self Employed,Retail,9256.53,28-05-2021
C00424,Sofia,Lopez,Female,27-09-1960,Stockholm,Sweden,Student,Corporate,7519.79,12-05-2021
C00425,Ava,Harris,Female,20-05-1987,Malmö,Sweden,Student,Retail,2632.39,20-10-2020
C00426,Camille,Ramirez,Female,27-07-2001,Hamburg,Germany,Business Owner,Retail,3755.2,10-04-2025
C00427,Olivia,Brown,Female,07-07-1977,Marseille,France,Business Owner,SME,5077.77,09-11-2025
C00428,Camille,Johnson,Female,11-04-1991,Ghent,Belgium,Business Owner,Retail,2250.0,28-05-2019
C00429,Sophia,Martin,Female,03-04-1960,Faro,Portugal,Student,Retail,5479.49,25-10-2025
C00430,Hannah,Jones,Female,27-02-1981,Dublin,Ireland,Self Employed,Corporate,7716.93,27-02-2020
C00431,Carlos,Clark,Male,04-01-1984,Utrecht,Netherlands,Self Employed,Wealth,23059.8,03-03-2023
C00432,Carlos,Martinez,Male,07-11-1993,Cologne,Germany,Freelancer,Retail,7092.88,01-03-2024
C00433,Emma,Hernandez,Female,16-05-1967,Salzburg,Austria,Business Owner,Premium,15435.43,03-03-2018
C00434,Louis,Sanchez,Male,04-10-1977,The Hague,Netherlands,Business Owner,Retail,7082.24,02-01-2019
C00435,Oliver,Martinez,Male,03-08-1970,Brussels,Belgium,Self Employed,Premium,12917.16,22-06-2023
C00436,Mateo,Thomas,Male,26-09-1980,Graz,Austria,Freelancer,Premium,4050.0,28-03-2022
C00437,James,Hernandez,Male,02-05-1968,Rome,Italy,Retired,Retail,5086.58,04-02-2020
C00438,Noah,White,Male,24-06-1982,Malmö,Sweden,Salaried,Retail,13126.39,16-12-2023
C00439,Elena,Miller,Female,27-05-1988,Naples,Italy,Retired,Retail,6820.6,05-09-2020
C00440,Noah,Moore,Male,18-11-1964,Rotterdam,Netherlands,Retired,SME,3150.0,05-03-2021
C00441,Leo,Harris,Male,11-11-1986,Ghent,Belgium,Salaried,Retail,5661.41,07-04-2020
C00442,Isabella,Moore,Female,04-04-1991,Faro,Portugal,Salaried,Retail,6882.45,09-02-2022
C00443,Amelia,Martin,Female,03-12-1998,Amsterdam,Netherlands,Business Owner,Retail,5087.33,11-12-2025
C00444,Louis,Jones,Male,17-05-1999,Stuttgart,Germany,Salaried,Retail,3089.13,18-02-2026
C00445,Camille,Thompson,Female,07-07-1994,Valencia,Spain,Freelancer,Retail,7802.71,09-03-2019
C00446,Sofia,Smith,Female,15-11-1982,The Hague,Netherlands,Retired,Premium,9218.4,14-10-2021
C00447,Charlotte,Jackson,Female,15-10-1994,Malmö,Sweden,Freelancer,SME,18006.91,30-10-2022
C00448,Hannah,Perez,Female,19-04-1998,Stockholm,Sweden,Student,Retail,4255.09,07-01-2023
C00449,Leo,Johnson,Male,02-12-1960,The Hague,Netherlands,Business Owner,Wealth,20008.14,27-06-2020
C00450,Lucas,Garcia,Male,25-01-1980,Innsbruck,Austria,Salaried,SME,9913.76,04-06-2018
C00451,James,Martinez,Male,05-03-1982,Seville,Spain,Retired,Retail,9027.67,26-06-2022
C00452,Noah,Sanchez,Male,03-12-1973,Frankfurt,Germany,Retired,Premium,13903.57,15-03-2025
C00453,Camille,Martin,Female,26-12-1962,Utrecht,Netherlands,Salaried,Premium,14731.64,17-07-2020
C00454,Lucas,Johnson,Male,25-11-1960,Innsbruck,Austria,Business Owner,Premium,4110.2,20-08-2023
C00455,Mateo,Lee,Male,22-01-1969,Malmö,Sweden,Self Employed,Corporate,10138.76,05-11-2022
C00456,Emma,Williams,Female,05-03-1985,Stockholm,Sweden,Salaried,Retail,5056.96,21-06-2022
C00457,Alexander,Perez,Male,05-12-1987,Antwerp,Belgium,Retired,Corporate,11896.31,28-11-2024
C00458,Lucas,Perez,Male,03-04-1975,Utrecht,Netherlands,Freelancer,Retail,4485.78,22-08-2022
C00459,Freya,Robinson,Female,07-06-1983,Seville,Spain,Retired,Retail,6055.65,17-12-2022
C00460,Marco,Lopez,Male,02-08-1969,Bordeaux,France,Freelancer,SME,3481.57,12-08-2018
C00461,Freya,Brown,Female,28-03-1999,Barcelona,Spain,Student,SME,5706.76,14-04-2023
C00462,Emma,Martinez,Female,24-04-1981,Malmö,Sweden,Retired,Retail,3077.1,09-03-2026
C00463,Carlos,Lewis,Male,22-12-2004,Malmö,Sweden,Salaried,Retail,6979.53,09-03-2021
C00464,Marco,Gonzalez,Male,09-10-2004,Turin,Italy,Salaried,Retail,4787.61,13-04-2021
C00465,Noah,Gonzalez,Male,17-07-1974,Gothenburg,Sweden,Self Employed,Wealth,9553.85,25-03-2020
C00466,Elena,Thompson,Female,23-09-1989,Cologne,Germany,Freelancer,Retail,3332.52,06-10-2019
C00467,Olivia,Lewis,Female,12-11-1982,Dublin,Ireland,Salaried,Retail,10317.32,23-03-2024
C00468,Ethan,Thomas,Male,11-03-1974,The Hague,Netherlands,Student,SME,9106.72,11-09-2020
C00469,Carlos,Martin,Male,10-07-1969,Valencia,Spain,Self Employed,SME,5445.64,19-06-2021
C00470,Leo,Williams,Male,25-07-1968,Cork,Ireland,Business Owner,Retail,3747.94,20-08-2019
C00471,Liam,Miller,Male,14-07-1980,Graz,Austria,Self Employed,Retail,20286.22,14-03-2019
C00472,Leo,Anderson,Male,25-01-1971,Nice,France,Self Employed,Wealth,21946.55,16-09-2025
C00473,Elena,Robinson,Female,23-02-1982,Cologne,Germany,Student,Corporate,11184.97,18-07-2019
C00474,Louis,Smith,Male,02-04-1972,Wrocław,Poland,Salaried,Retail,9550.53,27-12-2019
C00475,Emma,Davis,Female,23-08-1999,Seville,Spain,Freelancer,Retail,5243.74,05-07-2021
C00476,Hans,Taylor,Male,19-12-1999,Limerick,Ireland,Student,Premium,12057.1,15-02-2023
C00477,Lucas,Hernandez,Male,18-09-1975,Toulouse,France,Business Owner,Retail,9133.03,06-12-2022
C00478,Mateo,Gonzalez,Male,15-05-1979,Bologna,Italy,Self Employed,Retail,5018.42,25-07-2024
C00479,Camille,Garcia,Female,14-07-1968,Munich,Germany,Salaried,Retail,2434.4,21-10-2020
C00480,Emma,Lopez,Female,23-11-2004,Cologne,Germany,Salaried,Corporate,15390.72,16-11-2023
C00481,Marco,Lopez,Male,06-10-1992,Florence,Italy,Self Employed,Retail,3401.11,16-08-2019
C00482,Ethan,Lee,Male,10-07-1963,Kraków,Poland,Self Employed,Retail,8740.32,10-04-2020
C00483,Isabella,Davis,Female,01-05-1999,Amsterdam,Netherlands,Self Employed,Retail,11528.47,07-06-2020
C00484,Elena,Rodriguez,Female,15-08-2002,Turin,Italy,Retired,Retail,2250.0,18-01-2025
C00485,Clara,Johnson,Female,06-01-1973,Cologne,Germany,Business Owner,Retail,6426.01,26-12-2018
C00486,Marco,Rodriguez,Male,06-07-1966,Stuttgart,Germany,Student,Retail,3035.02,29-06-2024
C00487,Hans,Gonzalez,Male,25-02-1962,Galway,Ireland,Business Owner,Retail,4529.19,13-04-2023
C00488,Hans,Clark,Male,28-12-1967,Stockholm,Sweden,Salaried,Retail,5835.24,29-05-2024
C00489,Emma,Moore,Female,24-08-1965,Kraków,Poland,Self Employed,Premium,5957.56,21-11-2024
C00490,Isabella,Davis,Female,24-09-1991,Bordeaux,France,Self Employed,Premium,9868.83,07-01-2018
C00491,Ava,Hernandez,Female,21-08-1961,Turin,Italy,Salaried,Corporate,16140.67,29-09-2021
C00492,Hannah,Gonzalez,Female,07-11-1995,Lyon,France,Business Owner,Retail,3734.99,07-09-2023
C00493,Marco,Jones,Male,04-01-1980,Milan,Italy,Self Employed,Premium,5782.86,15-09-2021
C00494,Olivia,White,Female,16-08-2003,Salzburg,Austria,Student,Corporate,15858.79,23-08-2022
C00495,Charlotte,Taylor,Female,19-05-1993,Berlin,Germany,Business Owner,Premium,6840.93,29-09-2018
C00496,Sofia,Martin,Female,11-01-1977,Stockholm,Sweden,Self Employed,Wealth,35384.36,03-09-2024
C00497,Freya,Lee,Female,28-12-1979,Cork,Ireland,Student,Retail,2601.9,24-05-2021
C00498,Sofia,Davis,Female,06-05-1993,Gothenburg,Sweden,Retired,Retail,18543.87,13-04-2018
C00499,Alexander,Davis,Male,07-03-1992,Malmö,Sweden,Salaried,Retail,4886.95,16-10-2023
C00500,Julian,Jones,Male,02-12-1973,Stockholm,Sweden,Freelancer,Retail,8434.31,31-08-2024
C00501,Charlotte,Martinez,Female,02-08-1981,Toulouse,France,Freelancer,Retail,14839.23,09-05-2020
C00502,Hans,Martin,Male,10-04-1972,Florence,Italy,Self Employed,Retail,4075.11,25-01-2021
C00503,Ethan,Anderson,Male,18-10-1960,Porto,Portugal,Freelancer,Retail,3611.33,06-03-2021
C00504,Leo,Jones,Male,03-03-1975,Graz,Austria,Student,Retail,12376.35,29-07-2025
C00505,Sophia,Lee,Female,02-07-1966,Seville,Spain,Retired,Retail,3915.32,27-12-2021
C00506,Liam,Jackson,Male,23-04-1981,Gothenburg,Sweden,Student,Corporate,13055.24,25-06-2021
C00507,Leo,Perez,Male,08-04-1990,Rotterdam,Netherlands,Freelancer,Retail,9147.07,17-06-2025
C00508,Clara,Miller,Female,16-08-1980,Lyon,France,Business Owner,Retail,5335.24,11-10-2024
C00509,Freya,Jones,Female,04-09-1968,Warsaw,Poland,Retired,Retail,6935.22,04-03-2023
C00510,Isabella,Thompson,Female,08-07-1997,Dublin,Ireland,Self Employed,Premium,56309.27,13-10-2025
C00511,Camille,Lewis,Female,19-07-1987,Seville,Spain,Salaried,Corporate,12854.29,22-08-2024
C00512,Leo,Robinson,Male,18-06-1989,Porto,Portugal,Freelancer,Retail,5132.11,08-09-2024
C00513,Ava,Wilson,Female,21-08-1980,Rotterdam,Netherlands,Retired,Premium,6727.57,25-06-2024
C00514,Hannah,Harris,Female,22-04-1972,Faro,Portugal,Freelancer,SME,3150.0,11-11-2021
C00515,Ava,Lee,Female,20-01-1997,Madrid,Spain,Retired,Wealth,14957.62,06-08-2018
C00516,Hannah,Jackson,Female,04-06-1995,Malmö,Sweden,Freelancer,SME,12156.41,27-07-2021
C00517,Hannah,Garcia,Female,14-07-1985,Rotterdam,Netherlands,Business Owner,Retail,7405.13,05-09-2022
C00518,Ethan,Williams,Male,05-11-1978,Lisbon,Portugal,Self Employed,Retail,8306.86,15-03-2025
C00519,Elena,Moore,Female,20-12-1989,Limerick,Ireland,Student,SME,9581.45,26-12-2021
C00520,Camille,Brown,Female,20-07-1971,Milan,Italy,Student,Retail,5494.54,16-02-2024
C00521,Liam,Hernandez,Male,02-01-1983,Hamburg,Germany,Freelancer,Premium,12378.83,15-03-2026
C00522,Freya,Lewis,Female,17-08-1977,Bologna,Italy,Retired,Retail,5000.77,05-08-2018
C00523,Ava,White,Female,16-01-1994,Bilbao,Spain,Business Owner,Retail,13592.38,30-03-2021
C00524,James,Harris,Male,20-12-1962,Nice,France,Retired,Corporate,19876.35,31-07-2018
C00525,Mia,Lewis,Female,10-01-1999,Cologne,Germany,Business Owner,Retail,7910.46,28-02-2018
C00526,Alexander,Wilson,Male,19-03-1998,Innsbruck,Austria,Student,Corporate,15439.85,11-01-2020
C00527,Isabella,Anderson,Female,03-06-1962,Limerick,Ireland,Student,Wealth,27508.76,01-09-2020
C00528,Camille,Robinson,Female,07-03-2000,Graz,Austria,Student,Premium,4050.0,05-05-2023
C00529,Freya,Lewis,Female,25-12-1990,Utrecht,Netherlands,Self Employed,SME,3499.66,13-12-2023
C00530,Sofia,Robinson,Female,26-05-1960,Munich,Germany,Student,Retail,6620.36,05-11-2024
C00531,Louis,Rodriguez,Male,09-05-1981,Graz,Austria,Retired,SME,4443.95,14-10-2021
C00532,Liam,Harris,Male,01-09-1980,Graz,Austria,Salaried,Premium,9324.65,08-04-2018
C00533,Noah,Brown,Male,20-01-1965,Braga,Portugal,Student,Premium,15553.83,12-05-2025
C00534,Ava,Garcia,Female,23-02-1971,Milan,Italy,Student,Retail,3124.64,06-10-2025
C00535,Emma,Harris,Female,25-03-1976,Braga,Portugal,Business Owner,Retail,8447.25,30-12-2019
C00536,Chloe,Martin,Female,07-08-1964,Cologne,Germany,Self Employed,Premium,5477.71,19-11-2024
C00537,Lucas,Martin,Male,09-12-1988,Hamburg,Germany,Student,Retail,2250.0,02-09-2019
C00538,Chloe,Martin,Female,13-11-1962,Barcelona,Spain,Student,Retail,6395.16,13-07-2022
C00539,Sophia,Martin,Female,01-04-1994,Braga,Portugal,Business Owner,Retail,12444.75,24-08-2025
C00540,Noah,Davis,Male,21-01-1985,Bruges,Belgium,Student,Wealth,20645.33,02-04-2021
C00541,Sofia,Smith,Female,02-09-1971,Warsaw,Poland,Student,Wealth,20596.83,14-12-2018
C00542,Ethan,Williams,Male,02-03-1972,Bologna,Italy,Retired,Retail,9203.34,20-03-2025
C00543,Camille,Harris,Female,27-09-1991,Frankfurt,Germany,Salaried,SME,6157.82,17-05-2020
C00544,Mateo,Jones,Male,28-11-1989,Barcelona,Spain,Freelancer,SME,3522.89,03-08-2019
C00545,Leo,Ramirez,Male,16-01-2001,Braga,Portugal,Self Employed,SME,8972.55,04-02-2025
C00546,Julian,Thomas,Male,15-02-1979,Turin,Italy,Salaried,Premium,13959.52,10-04-2020
C00547,Camille,Lee,Female,22-12-1981,Braga,Portugal,Self Employed,Retail,2250.0,06-07-2018
C00548,Ethan,Garcia,Male,03-06-1971,Vienna,Austria,Student,Retail,3100.06,24-09-2020
C00549,Freya,Gonzalez,Female,04-03-1962,Barcelona,Spain,Salaried,Corporate,14859.02,27-01-2018
C00550,Mateo,Thomas,Male,23-02-1971,Milan,Italy,Self Employed,Premium,18603.74,10-08-2019
C00551,Ava,Garcia,Female,14-08-1993,Stockholm,Sweden,Retired,Retail,2250.0,27-12-2018
C00552,Sophia,Davis,Female,01-07-1982,Utrecht,Netherlands,Salaried,Premium,10087.37,04-03-2020
C00553,James,Wilson,Male,28-11-1969,Rotterdam,Netherlands,Freelancer,Wealth,16111.28,31-01-2022
C00554,Arthur,Smith,Male,09-07-1973,Bologna,Italy,Retired,Retail,18210.52,22-12-2019
C00555,Hans,Rodriguez,Male,17-08-1961,Porto,Portugal,Salaried,Retail,6296.5,28-08-2021
C00556,Alexander,Davis,Male,24-04-1966,Madrid,Spain,Self Employed,Retail,2250.0,01-11-2024
C00557,Camille,Perez,Female,12-07-1971,Gdańsk,Poland,Self Employed,Retail,9716.88,12-05-2018
C00558,Noah,Harris,Male,05-05-1963,Utrecht,Netherlands,Business Owner,Retail,5229.53,08-10-2024
C00559,Sophia,Williams,Female,06-10-2000,Valencia,Spain,Self Employed,Premium,10618.79,20-08-2024
C00560,Liam,Robinson,Male,01-05-1989,Utrecht,Netherlands,Retired,Corporate,16354.15,03-09-2019
C00561,Amelia,Ramirez,Female,02-07-1960,Graz,Austria,Student,Retail,4906.45,24-10-2025
C00562,Julian,Thomas,Male,08-08-1988,Lisbon,Portugal,Business Owner,Retail,12042.48,26-04-2021
C00563,Louis,Hernandez,Male,01-02-2001,Salzburg,Austria,Student,Retail,2972.99,15-03-2023
C00564,Freya,Anderson,Female,26-03-1985,Utrecht,Netherlands,Freelancer,SME,11597.43,25-09-2021
C00565,Hans,Davis,Male,14-05-1962,Gothenburg,Sweden,Retired,Corporate,19706.13,07-10-2021
C00566,Charlotte,Gonzalez,Female,12-11-1992,Malmö,Sweden,Business Owner,SME,4340.94,19-12-2019
C00567,Clara,Johnson,Female,23-09-1964,Vienna,Austria,Freelancer,Corporate,7283.99,04-07-2024
C00568,Chloe,White,Female,12-06-1974,Malmö,Sweden,Business Owner,SME,7787.51,28-01-2023
C00569,Freya,Gonzalez,Female,27-09-1992,Utrecht,Netherlands,Retired,Retail,10233.31,16-02-2022
C00570,Louis,Hernandez,Male,03-08-1972,Florence,Italy,Business Owner,Retail,9373.17,04-04-2019
C00571,Charlotte,Martin,Female,28-03-1991,Vienna,Austria,Business Owner,Retail,4315.7,17-09-2022
C00572,Camille,Jackson,Female,10-01-2001,Wrocław,Poland,Freelancer,Retail,10677.16,31-03-2025
C00573,Julian,Moore,Male,22-10-1991,Wrocław,Poland,Business Owner,Premium,17806.11,05-12-2019
C00574,Leo,Lee,Male,12-08-1974,Toulouse,France,Freelancer,Wealth,12859.86,02-01-2024
C00575,Hans,Thompson,Male,27-03-1971,Faro,Portugal,Student,Premium,6931.44,02-12-2020
C00576,Clara,Johnson,Female,18-04-1971,Malmö,Sweden,Salaried,Premium,5450.81,13-04-2018
C00577,Elena,Brown,Female,15-03-1991,Malmö,Sweden,Business Owner,SME,8457.73,07-06-2024
C00578,Mateo,Anderson,Male,15-12-1996,Stuttgart,Germany,Business Owner,Retail,2740.5,12-04-2018
C00579,Carlos,Lewis,Male,15-04-1999,Antwerp,Belgium,Business Owner,Retail,3640.51,12-03-2020
C00580,James,Lewis,Male,28-09-1965,Graz,Austria,Student,Retail,6603.42,25-07-2021
C00581,Sophia,Taylor,Female,02-09-1998,Cork,Ireland,Student,SME,6638.18,08-03-2022
C00582,Elena,Gonzalez,Female,12-06-1978,Gothenburg,Sweden,Student,Retail,4919.64,28-03-2021
C00583,Camille,Johnson,Female,14-12-1987,Faro,Portugal,Retired,Retail,6051.0,05-10-2021
C00584,Elena,Gonzalez,Female,03-07-1997,Toulouse,France,Freelancer,Retail,6622.35,15-05-2024
C00585,Elena,Harris,Female,27-03-1972,Warsaw,Poland,Student,Retail,5831.56,09-04-2024
C00586,Sofia,Johnson,Female,26-01-1974,Gothenburg,Sweden,Self Employed,Retail,10055.56,08-07-2023
C00587,Sophia,Martinez,Female,25-02-1961,Marseille,France,Freelancer,Retail,9614.68,10-09-2025
C00588,Mateo,Gonzalez,Male,12-02-2004,Utrecht,Netherlands,Self Employed,Retail,8751.32,02-08-2021
C00589,Hans,Martinez,Male,12-03-2004,Rotterdam,Netherlands,Business Owner,Retail,3821.75,09-04-2021
C00590,Clara,Clark,Female,17-02-2000,Bruges,Belgium,Business Owner,Retail,9240.43,06-09-2025
C00591,Lucas,Anderson,Male,23-11-1977,Milan,Italy,Self Employed,Premium,4050.0,24-10-2023
C00592,Liam,Wilson,Male,14-08-1983,Dublin,Ireland,Student,Retail,3639.14,02-03-2023
C00593,Isabella,Martin,Female,01-03-1967,Hamburg,Germany,Self Employed,Retail,4184.16,17-12-2025
C00594,Hannah,Johnson,Female,27-12-1961,Brussels,Belgium,Self Employed,Retail,2250.0,09-05-2020
C00595,Louis,Taylor,Male,23-07-1965,Madrid,Spain,Freelancer,Corporate,11852.69,05-10-2023
C00596,Hans,Jones,Male,04-08-1963,Stuttgart,Germany,Retired,SME,4177.12,21-04-2020
C00597,Mateo,Clark,Male,22-03-1972,Graz,Austria,Retired,Retail,4660.79,24-05-2024
C00598,Marco,Anderson,Male,25-10-1966,Porto,Portugal,Freelancer,Retail,3974.62,09-02-2019
C00599,Olivia,White,Female,16-12-1992,Seville,Spain,Student,Retail,6428.4,04-10-2022
C00600,Leo,Brown,Male,14-04-1992,Barcelona,Spain,Business Owner,Retail,12785.61,16-07-2023
C00601,Liam,Harris,Male,15-05-1984,Brussels,Belgium,Salaried,Premium,8841.55,03-05-2023
C00602,Julian,Lewis,Male,22-01-1971,Turin,Italy,Self Employed,Retail,2849.87,06-06-2022
C00603,Camille,Moore,Female,04-10-2004,Bruges,Belgium,Self Employed,Corporate,18993.56,02-09-2024
C00604,Ava,Gonzalez,Female,27-04-1967,Innsbruck,Austria,Freelancer,Retail,5510.46,28-06-2022
C00605,Charlotte,Hernandez,Female,20-11-1990,Kraków,Poland,Student,Wealth,9013.74,03-08-2020
C00606,Mateo,Smith,Male,24-02-1961,Gothenburg,Sweden,Business Owner,Retail,11378.21,22-12-2024
C00607,Ava,Anderson,Female,22-02-1966,Gothenburg,Sweden,Student,Corporate,41129.8,30-08-2023
C00608,Julian,Lewis,Male,26-06-1994,Turin,Italy,Student,SME,19576.36,18-01-2023
C00609,Louis,Lewis,Male,15-08-1984,Graz,Austria,Student,Retail,2259.27,31-10-2022
C00610,Sophia,Lewis,Female,13-12-1979,Turin,Italy,Student,Retail,2250.0,21-04-2024
C00611,Amelia,Williams,Female,13-01-1992,Toulouse,France,Business Owner,Retail,6348.91,09-09-2018
C00612,Isabella,Hernandez,Female,05-01-1997,Gothenburg,Sweden,Salaried,SME,4454.39,20-10-2022
C00613,Louis,Lee,Male,12-07-1982,Madrid,Spain,Freelancer,Retail,4034.61,26-09-2018
C00614,Hannah,Thompson,Female,06-06-1967,Limerick,Ireland,Business Owner,Retail,4079.12,25-03-2018
C00615,Arthur,Garcia,Male,11-01-1997,Lisbon,Portugal,Freelancer,Retail,4340.88,28-07-2025
C00616,Camille,White,Female,17-08-1981,Vienna,Austria,Self Employed,SME,9357.76,29-07-2023
C00617,Oliver,Williams,Male,10-04-1994,Frankfurt,Germany,Freelancer,Retail,3531.81,26-06-2024
C00618,Oliver,Thompson,Male,09-06-1997,Milan,Italy,Freelancer,Retail,9504.75,21-05-2021
C00619,Amelia,Lee,Female,22-07-1979,Lisbon,Portugal,Freelancer,Retail,3444.41,21-02-2024
C00620,Mia,Williams,Female,23-11-1961,Stuttgart,Germany,Freelancer,Retail,3063.73,23-12-2023
C00621,Leo,Thompson,Male,24-10-1987,Lisbon,Portugal,Freelancer,Premium,10288.81,08-09-2025
C00622,Charlotte,White,Female,11-07-1987,Dublin,Ireland,Business Owner,SME,22340.14,31-03-2025
C00623,Clara,Taylor,Female,20-11-1976,Munich,Germany,Student,Retail,4136.85,12-06-2023
C00624,Chloe,Garcia,Female,21-07-1987,Antwerp,Belgium,Freelancer,SME,5259.68,05-03-2024
C00625,Charlotte,Moore,Female,24-01-2001,Amsterdam,Netherlands,Business Owner,Retail,2250.0,14-07-2025
C00626,Charlotte,Johnson,Female,27-12-1985,Antwerp,Belgium,Student,Retail,12997.12,05-01-2019
C00627,Clara,Garcia,Female,25-02-1998,Stockholm,Sweden,Self Employed,SME,5255.03,14-08-2019
C00628,Hannah,Hernandez,Female,09-04-1971,Rotterdam,Netherlands,Freelancer,Retail,3144.05,08-04-2019
C00629,Chloe,Ramirez,Female,16-07-1994,Bruges,Belgium,Salaried,Premium,19015.55,28-03-2025
C00630,Sofia,Ramirez,Female,22-12-1962,Amsterdam,Netherlands,Freelancer,Corporate,15110.92,15-05-2019
C00631,Ava,Garcia,Female,13-08-1975,Kraków,Poland,Self Employed,Retail,9720.75,19-10-2019
C00632,Freya,Jones,Female,26-06-2000,Utrecht,Netherlands,Student,Corporate,11102.32,19-08-2022
C00633,Ava,Harris,Female,27-02-1987,Valencia,Spain,Student,Retail,4343.37,18-10-2025
C00634,Louis,Johnson,Male,21-11-1963,Turin,Italy,Freelancer,Retail,4765.64,05-06-2021
C00635,Charlotte,Martinez,Female,04-02-1996,Milan,Italy,Business Owner,Retail,9200.48,24-01-2023
C00636,Isabella,White,Female,06-05-1968,Bilbao,Spain,Retired,Premium,6125.13,08-07-2020
C00637,Clara,Anderson,Female,21-09-1961,Lisbon,Portugal,Freelancer,Premium,7515.96,23-11-2019
C00638,Isabella,Lee,Female,14-10-1985,Lyon,France,Student,Premium,4849.01,22-07-2025
C00639,Ava,Brown,Female,23-04-1967,Braga,Portugal,Self Employed,Retail,2316.85,23-09-2024
C00640,Hannah,Jones,Female,22-12-1978,Berlin,Germany,Salaried,Retail,3510.05,12-02-2018
C00641,Sophia,Smith,Female,23-06-1968,Cologne,Germany,Salaried,Retail,3560.06,26-01-2019
C00642,Julian,Harris,Male,11-01-1963,Amsterdam,Netherlands,Salaried,SME,7420.26,04-11-2020
C00643,Lucas,Smith,Male,10-07-1999,Ghent,Belgium,Retired,Wealth,19986.32,05-01-2020
C00644,Amelia,Thomas,Female,16-09-1970,Bruges,Belgium,Self Employed,SME,11674.85,02-12-2020
C00645,Freya,Thomas,Female,05-01-1980,Florence,Italy,Business Owner,Retail,10292.57,15-11-2024
C00646,Leo,Sanchez,Male,14-06-1993,Salzburg,Austria,Self Employed,SME,10379.35,01-09-2019
C00647,James,Martin,Male,02-03-1974,Lisbon,Portugal,Student,Retail,3047.98,31-12-2021
C00648,Hans,Thomas,Male,16-08-1991,Kraków,Poland,Business Owner,Retail,7054.1,10-01-2020
C00649,Noah,Miller,Male,19-05-1992,Stockholm,Sweden,Student,SME,9400.91,11-11-2018
C00650,Chloe,Perez,Female,04-11-1991,Galway,Ireland,Self Employed,SME,10257.65,29-04-2018
C00651,Amelia,Anderson,Female,22-12-1989,Brussels,Belgium,Salaried,Retail,6527.13,11-05-2025
C00652,Alexander,Anderson,Male,24-06-1988,Dublin,Ireland,Retired,Wealth,24671.33,02-10-2024
C00653,Oliver,Martin,Male,09-07-1965,The Hague,Netherlands,Business Owner,Retail,2435.47,04-07-2023
C00654,Chloe,Smith,Female,20-11-1979,Limerick,Ireland,Student,Retail,14014.94,09-05-2022
C00655,Sophia,Lewis,Female,20-10-1977,Malmö,Sweden,Freelancer,Retail,19898.65,11-10-2022
C00656,Elena,Rodriguez,Female,11-09-1962,Valencia,Spain,Retired,Wealth,26609.21,22-01-2025
C00657,Chloe,Lee,Female,15-05-1965,Stockholm,Sweden,Self Employed,Retail,11538.83,13-11-2023
C00658,Elena,Clark,Female,02-10-1978,Galway,Ireland,Salaried,Premium,22358.29,19-03-2023
C00659,Freya,Miller,Female,09-06-1976,Stockholm,Sweden,Salaried,Premium,15188.07,08-12-2018
C00660,Emma,Garcia,Female,19-06-1979,Toulouse,France,Self Employed,Premium,15478.64,14-05-2020
C00661,Ava,Johnson,Female,20-12-1965,Utrecht,Netherlands,Salaried,Retail,7383.1,24-02-2018
C00662,Sofia,Lopez,Female,15-08-2001,Lisbon,Portugal,Freelancer,Premium,12004.73,22-07-2025
C00663,Emma,Jones,Female,05-02-1979,Seville,Spain,Freelancer,Retail,6945.33,18-08-2019
C00664,Freya,Johnson,Female,28-11-1987,Wrocław,Poland,Student,Corporate,8016.54,31-03-2018
C00665,Marco,Jackson,Male,24-03-1970,Bruges,Belgium,Self Employed,Premium,22785.8,22-04-2021
C00666,Freya,Martin,Female,11-01-1985,Stuttgart,Germany,Salaried,Retail,8491.72,20-06-2023
C00667,Lucas,Hernandez,Male,19-09-1991,Porto,Portugal,Student,Premium,15636.58,18-06-2024
C00668,Hannah,Williams,Female,09-02-1995,Hamburg,Germany,Student,SME,6674.12,28-10-2025
C00669,Emma,Brown,Female,10-03-1961,Rotterdam,Netherlands,Retired,Premium,9453.19,08-01-2026
C00670,Alexander,Garcia,Male,24-05-1968,Bilbao,Spain,Retired,Premium,18419.2,28-04-2020
C00671,Liam,Perez,Male,03-12-2004,Bologna,Italy,Student,Premium,6429.09,16-07-2023
C00672,Lucas,Martin,Male,18-04-1975,Ghent,Belgium,Salaried,Retail,4711.03,15-10-2021
C00673,Marco,Thompson,Male,08-10-1967,Nice,France,Retired,Retail,3894.08,31-12-2020
C00674,Louis,Martin,Male,20-09-2004,Naples,Italy,Retired,Premium,8934.7,02-11-2024
C00675,Julian,Sanchez,Male,17-01-1995,Utrecht,Netherlands,Freelancer,Retail,14290.17,11-04-2021
C00676,Leo,Garcia,Male,24-08-1992,Faro,Portugal,Self Employed,SME,4636.83,04-12-2022
C00677,Amelia,White,Female,27-04-1960,Toulouse,France,Freelancer,SME,5721.38,27-08-2022
C00678,Chloe,Lopez,Female,08-11-2000,Malmö,Sweden,Student,Retail,8363.28,04-08-2022
C00679,Hans,Johnson,Male,12-11-1993,Galway,Ireland,Salaried,SME,6116.39,17-10-2021
C00680,Oliver,Harris,Male,14-03-1985,Marseille,France,Freelancer,Retail,11357.53,31-12-2025
C00681,Isabella,Hernandez,Female,13-07-1978,Kraków,Poland,Salaried,SME,34636.16,19-02-2021
C00682,Mia,Lewis,Female,23-03-1999,Amsterdam,Netherlands,Freelancer,Retail,18500.43,15-11-2021
C00683,Charlotte,Clark,Female,03-05-1972,Innsbruck,Austria,Self Employed,Retail,3133.5,16-01-2019
C00684,Olivia,Harris,Female,17-05-1995,Limerick,Ireland,Self Employed,Retail,6304.81,29-05-2021
C00685,Alexander,Clark,Male,24-02-1992,Munich,Germany,Freelancer,Retail,4010.49,26-05-2019
C00686,Leo,Williams,Male,24-10-1979,Bruges,Belgium,Business Owner,Retail,4532.77,10-05-2021
C00687,Isabella,Thomas,Female,19-12-2002,Cologne,Germany,Retired,Premium,15166.12,13-07-2024
C00688,Ava,Brown,Female,04-08-1983,Nice,France,Self Employed,Retail,4908.5,05-05-2023
C00689,Camille,Ramirez,Female,12-02-1988,Stuttgart,Germany,Retired,Premium,8084.56,06-08-2023
C00690,Isabella,Hernandez,Female,16-12-1988,Gdańsk,Poland,Freelancer,Corporate,11078.88,18-02-2023
C00691,Elena,Wilson,Female,04-09-1992,The Hague,Netherlands,Salaried,Premium,9530.87,30-09-2024
C00692,Leo,Miller,Male,12-02-1967,Stockholm,Sweden,Retired,Premium,6937.25,24-09-2022
C00693,Camille,Miller,Female,07-05-1979,Faro,Portugal,Retired,Retail,5802.69,22-06-2021
C00694,Chloe,Johnson,Female,26-06-1988,Ghent,Belgium,Freelancer,Retail,3698.95,14-01-2023
C00695,Olivia,Jackson,Female,26-02-1980,Kraków,Poland,Retired,Premium,12040.9,07-07-2018
C00696,Louis,Lee,Male,03-11-1977,Gdańsk,Poland,Freelancer,SME,12225.0,10-04-2024
C00697,Leo,Williams,Male,18-10-1972,Munich,Germany,Salaried,Premium,4050.0,20-05-2025
C00698,Amelia,White,Female,09-01-1971,Frankfurt,Germany,Salaried,Corporate,5377.81,26-12-2023
C00699,Camille,Martin,Female,19-07-1980,Marseille,France,Student,Retail,4996.04,19-11-2020
C00700,Hannah,Sanchez,Female,18-02-1967,Braga,Portugal,Student,Retail,3522.08,11-08-2025
C00701,Louis,Martinez,Male,11-10-1963,Turin,Italy,Student,Retail,7366.33,20-08-2021
C00702,Charlotte,Martin,Female,02-02-1984,Cologne,Germany,Salaried,Retail,9824.63,08-01-2021
C00703,Freya,Hernandez,Female,18-08-1980,The Hague,Netherlands,Retired,Retail,5392.52,28-07-2024
C00704,Lucas,Taylor,Male,21-09-1975,Vienna,Austria,Self Employed,Corporate,8916.67,10-03-2022
C00705,Chloe,Martin,Female,18-04-1970,Antwerp,Belgium,Retired,Wealth,44140.47,30-03-2021
C00706,Mia,Robinson,Female,16-01-1960,Berlin,Germany,Salaried,Retail,2653.03,24-10-2019
C00707,Ava,Martin,Female,10-02-1996,Rotterdam,Netherlands,Student,Retail,16689.57,13-05-2020
C00708,Chloe,Thomas,Female,22-06-1992,Utrecht,Netherlands,Self Employed,SME,10138.4,27-02-2023
C00709,Leo,White,Male,23-01-1981,Bruges,Belgium,Student,Retail,15311.93,26-03-2024
C00710,Marco,Thomas,Male,03-09-1985,Naples,Italy,Business Owner,Corporate,14170.71,22-03-2022
C00711,Mateo,Sanchez,Male,06-07-1982,Rotterdam,Netherlands,Self Employed,SME,4411.77,23-03-2018
C00712,Liam,Lewis,Male,12-12-2003,Graz,Austria,Student,Retail,12262.15,26-01-2022
C00713,Julian,Davis,Male,23-08-1977,Utrecht,Netherlands,Business Owner,Premium,7074.98,20-05-2024
C00714,Louis,Martinez,Male,18-03-1991,Utrecht,Netherlands,Salaried,Retail,10996.44,06-08-2024
C00715,Sophia,Smith,Female,09-03-1964,Amsterdam,Netherlands,Freelancer,SME,10426.09,13-04-2024
C00716,Olivia,Smith,Female,21-07-1960,Stockholm,Sweden,Business Owner,Premium,26223.59,14-05-2019
C00717,Amelia,Lee,Female,12-08-1989,Gothenburg,Sweden,Salaried,Retail,5783.11,31-05-2024
C00718,Arthur,Brown,Male,14-12-1974,Milan,Italy,Freelancer,Wealth,27078.3,05-01-2025
C00719,Louis,Ramirez,Male,14-08-1961,Hamburg,Germany,Salaried,SME,9779.77,24-04-2023
C00720,Sophia,Sanchez,Female,27-01-1981,Rotterdam,Netherlands,Retired,Retail,10958.6,27-05-2019
C00721,Julian,Wilson,Male,13-01-1963,Braga,Portugal,Salaried,Retail,5112.89,07-08-2025
C00722,Alexander,Johnson,Male,10-01-1995,Stuttgart,Germany,Student,SME,6075.66,22-04-2022
C00723,Mia,Lopez,Female,20-10-1987,Naples,Italy,Retired,Retail,8579.9,28-02-2020
C00724,Leo,Sanchez,Male,20-01-1966,Valencia,Spain,Freelancer,Premium,17261.0,16-09-2023
C00725,Marco,Miller,Male,16-07-1982,Hamburg,Germany,Self Employed,Premium,9290.29,30-06-2021
C00726,James,Lee,Male,21-09-1987,Cologne,Germany,Student,Corporate,4950.0,18-06-2021
C00727,Noah,Thompson,Male,12-05-1981,Galway,Ireland,Retired,Wealth,17419.03,10-04-2024
C00728,Lucas,Rodriguez,Male,07-06-1987,Toulouse,France,Freelancer,Wealth,19587.0,03-05-2023
C00729,Clara,Williams,Female,11-12-1998,Galway,Ireland,Self Employed,SME,8504.25,06-03-2019
C00730,Lucas,Martinez,Male,08-08-1962,Innsbruck,Austria,Self Employed,SME,11863.74,24-05-2023
C00731,Leo,Moore,Male,13-04-1984,Malmö,Sweden,Retired,Retail,11423.01,17-04-2019
C00732,Ethan,Harris,Male,07-08-1978,Gothenburg,Sweden,Business Owner,Premium,18290.24,15-12-2019
C00733,Emma,Brown,Female,06-12-1976,Marseille,France,Salaried,Retail,5887.45,27-03-2018
C00734,Sofia,Hernandez,Female,26-11-1984,Ghent,Belgium,Business Owner,SME,6382.79,31-05-2025
C00735,Mia,Gonzalez,Female,14-10-1993,Ghent,Belgium,Freelancer,SME,4849.33,28-09-2020
C00736,Camille,Jackson,Female,07-10-1999,Milan,Italy,Self Employed,SME,6163.27,13-09-2023
C00737,Chloe,Smith,Female,24-04-1991,Warsaw,Poland,Freelancer,Retail,5093.52,17-09-2023
C00738,Freya,Garcia,Female,15-09-1991,Bordeaux,France,Business Owner,Retail,8437.83,08-07-2024
C00739,Sophia,Hernandez,Female,21-10-2000,Munich,Germany,Self Employed,Retail,3967.65,07-06-2021
C00740,Freya,Hernandez,Female,06-10-1984,Ghent,Belgium,Student,SME,5944.1,27-10-2023
C00741,Hannah,Perez,Female,02-10-1974,Amsterdam,Netherlands,Business Owner,Retail,6748.77,31-07-2023
C00742,Amelia,Robinson,Female,01-07-1977,Kraków,Poland,Retired,Retail,2723.62,02-10-2023
C00743,Mateo,Sanchez,Male,26-02-2001,Porto,Portugal,Business Owner,Retail,4132.03,16-03-2020
C00744,James,Lee,Male,24-05-1976,Munich,Germany,Freelancer,SME,9829.41,03-02-2024
C00745,Liam,Thomas,Male,10-05-1960,Graz,Austria,Student,SME,12119.0,03-05-2025
C00746,Ava,Lee,Female,08-07-1969,The Hague,Netherlands,Freelancer,Retail,8649.43,05-03-2023
C00747,Amelia,Lewis,Female,28-06-1965,The Hague,Netherlands,Retired,Retail,12858.77,04-05-2018
C00748,Freya,Moore,Female,28-10-1968,Paris,France,Business Owner,Retail,4263.22,01-08-2024
C00749,Hannah,Hernandez,Female,05-01-1996,Kraków,Poland,Student,Retail,10463.49,16-04-2020
C00750,Mateo,Sanchez,Male,13-09-1964,Turin,Italy,Self Employed,Retail,2345.34,04-03-2019
C00751,Freya,Wilson,Female,27-01-1971,Salzburg,Austria,Self Employed,Premium,9823.67,12-08-2020
C00752,Hannah,White,Female,03-09-2002,Ghent,Belgium,Self Employed,Retail,3029.95,17-06-2019
C00753,James,Clark,Male,27-07-1979,Lyon,France,Retired,Premium,9374.17,14-01-2026
C00754,Elena,Martinez,Female,01-04-1977,Ghent,Belgium,Retired,Wealth,12390.5,04-07-2023
C00755,Chloe,White,Female,02-10-1989,Paris,France,Retired,Corporate,10602.7,19-12-2019
C00756,Marco,Hernandez,Male,20-03-1975,Bordeaux,France,Student,Corporate,7786.76,01-11-2025
C00757,Elena,Moore,Female,09-03-1975,Nice,France,Student,SME,8615.03,14-03-2024
C00758,Emma,Miller,Female,25-02-1983,Kraków,Poland,Self Employed,Retail,8031.38,04-09-2023
C00759,Julian,Perez,Male,03-01-1989,Turin,Italy,Student,Premium,13544.15,04-06-2018
C00760,Ethan,Sanchez,Male,23-02-1976,Paris,France,Salaried,SME,4045.54,25-02-2024
C00761,Hans,Lewis,Male,16-03-1988,Madrid,Spain,Self Employed,SME,11418.71,19-04-2021
C00762,Arthur,Lopez,Male,13-12-1994,Braga,Portugal,Freelancer,Retail,3772.44,21-12-2023
C00763,Olivia,Jones,Female,02-12-1988,Antwerp,Belgium,Freelancer,SME,17556.91,16-06-2021
C00764,Lucas,Clark,Male,01-10-1963,Stuttgart,Germany,Self Employed,Retail,4784.11,10-01-2019
C00765,James,Hernandez,Male,01-01-1986,Limerick,Ireland,Freelancer,Retail,2299.77,16-11-2019
C00766,Charlotte,Lee,Female,04-09-1986,Vienna,Austria,Student,SME,4945.1,10-05-2019
C00767,Elena,Clark,Female,12-02-1973,Stockholm,Sweden,Salaried,Retail,2555.07,03-10-2018
C00768,Ava,Jackson,Female,25-05-1986,Naples,Italy,Freelancer,Premium,14836.84,23-10-2025
C00769,Julian,Gonzalez,Male,05-12-2003,Frankfurt,Germany,Business Owner,Retail,16624.31,14-03-2018
C00770,Liam,Martin,Male,13-08-1997,Utrecht,Netherlands,Salaried,Retail,8755.51,29-11-2024
C00771,Olivia,Ramirez,Female,24-04-1979,Seville,Spain,Business Owner,Retail,4251.94,07-04-2020
C00772,Arthur,Harris,Male,21-04-1984,Gothenburg,Sweden,Business Owner,Retail,14942.27,24-07-2021
C00773,Isabella,Thompson,Female,21-07-1993,Galway,Ireland,Self Employed,SME,10520.39,23-04-2020
C00774,Freya,Hernandez,Female,08-11-1963,Munich,Germany,Self Employed,SME,9824.39,17-12-2022
C00775,Louis,Johnson,Male,03-08-1964,Stockholm,Sweden,Retired,Wealth,8384.26,17-11-2018
C00776,Isabella,Wilson,Female,06-05-1989,Frankfurt,Germany,Retired,Premium,7431.82,11-01-2023
C00777,Olivia,Thomas,Female,03-08-1977,Seville,Spain,Retired,Wealth,13408.92,01-11-2024
C00778,Hans,Davis,Male,01-08-1969,Dublin,Ireland,Retired,Corporate,11290.4,24-02-2026
C00779,Mia,Anderson,Female,15-07-1976,Amsterdam,Netherlands,Self Employed,Retail,3466.31,07-01-2026
C00780,Freya,Martinez,Female,07-03-1972,Toulouse,France,Student,Retail,4531.11,29-06-2023
C00781,Sophia,Taylor,Female,03-10-2001,Bruges,Belgium,Freelancer,Retail,4306.17,28-11-2021
C00782,Lucas,Garcia,Male,23-11-1991,Amsterdam,Netherlands,Student,Retail,2804.64,22-05-2018
C00783,Oliver,Lopez,Male,22-12-2000,Nice,France,Business Owner,Retail,6643.7,10-10-2020
C00784,Arthur,Johnson,Male,27-11-1997,Warsaw,Poland,Retired,Retail,7648.64,13-02-2020
C00785,Clara,Miller,Female,09-07-1970,Kraków,Poland,Freelancer,Premium,9967.32,13-08-2022
C00786,Hannah,Williams,Female,19-11-1966,Kraków,Poland,Freelancer,Corporate,10251.38,15-06-2021
C00787,Amelia,Taylor,Female,01-08-1970,Naples,Italy,Self Employed,Retail,8618.32,24-12-2019
C00788,James,Sanchez,Male,05-12-1971,Braga,Portugal,Freelancer,Retail,4303.51,19-01-2020
C00789,Amelia,Lewis,Female,15-07-1976,Vienna,Austria,Salaried,Premium,24284.03,28-03-2022
C00790,Leo,Jones,Male,11-02-1977,Salzburg,Austria,Salaried,Retail,3401.17,25-12-2020
C00791,Sophia,Hernandez,Female,26-10-2002,Warsaw,Poland,Student,Wealth,7481.74,23-04-2023
C00792,Hannah,Thomas,Female,11-07-1998,Bruges,Belgium,Salaried,Retail,7105.07,13-01-2018
C00793,Camille,Ramirez,Female,24-07-2004,Cork,Ireland,Student,SME,3627.79,07-12-2024
C00794,Elena,Martinez,Female,22-07-1992,Bilbao,Spain,Self Employed,Retail,4816.23,21-10-2024
C00795,Clara,Hernandez,Female,20-12-1985,Limerick,Ireland,Business Owner,Corporate,26945.24,22-10-2024
C00796,Ava,Harris,Female,19-09-1969,Seville,Spain,Self Employed,Corporate,12140.3,02-01-2023
C00797,Carlos,Brown,Male,18-11-1990,Limerick,Ireland,Student,Retail,2250.0,10-01-2026
C00798,Carlos,Taylor,Male,13-06-1970,Braga,Portugal,Retired,Corporate,8527.35,08-02-2025
C00799,Sofia,Jones,Female,11-12-1965,Naples,Italy,Self Employed,SME,10109.95,04-07-2020
C00800,Sophia,White,Female,03-05-1967,Florence,Italy,Self Employed,Retail,3821.22,07-07-2021
C00801,Emma,Anderson,Female,01-12-1996,Wrocław,Poland,Business Owner,Retail,6141.73,14-08-2025
C00802,Alexander,Thompson,Male,20-11-1993,Nice,France,Student,Premium,16183.89,17-08-2025
C00803,Freya,Taylor,Female,10-10-1969,Malmö,Sweden,Business Owner,Retail,12126.15,20-08-2023
C00804,Oliver,Smith,Male,19-12-1977,Rome,Italy,Business Owner,Retail,10220.21,18-09-2019
C00805,Isabella,Robinson,Female,24-12-1974,Naples,Italy,Freelancer,Retail,8416.58,15-10-2019
C00806,James,Perez,Male,11-07-1995,Amsterdam,Netherlands,Retired,Retail,5321.4,24-02-2026
C00807,Carlos,Martin,Male,07-12-1978,Rotterdam,Netherlands,Freelancer,Premium,10466.59,30-05-2021
C00808,Carlos,Williams,Male,19-03-2001,Bordeaux,France,Freelancer,Retail,7178.04,12-03-2020
C00809,Ethan,Anderson,Male,28-12-1983,Stockholm,Sweden,Business Owner,Premium,6447.31,25-04-2023
C00810,Hans,Johnson,Male,17-02-1963,Ghent,Belgium,Student,Premium,12170.51,25-06-2023
C00811,Olivia,Taylor,Female,06-10-2004,Amsterdam,Netherlands,Freelancer,Premium,6796.9,15-04-2022
C00812,Arthur,Perez,Male,15-11-2000,Antwerp,Belgium,Retired,Retail,5362.89,04-06-2024
C00813,Camille,Martinez,Female,23-05-1990,Munich,Germany,Retired,Corporate,17078.46,28-05-2019
C00814,Emma,Jackson,Female,23-02-1980,Rotterdam,Netherlands,Retired,SME,10896.39,07-01-2024
C00815,Arthur,Martinez,Male,17-02-1991,Lisbon,Portugal,Freelancer,SME,9484.95,26-04-2019
C00816,Marco,Lewis,Male,06-12-1998,Stockholm,Sweden,Freelancer,Retail,5142.86,23-10-2019
C00817,Sophia,Hernandez,Female,28-05-1995,Paris,France,Freelancer,Corporate,14838.25,28-12-2023
C00818,Noah,Miller,Male,16-10-1968,Hamburg,Germany,Freelancer,Premium,45958.88,10-02-2019
C00819,Lucas,Rodriguez,Male,07-01-1975,Gothenburg,Sweden,Retired,Retail,8485.3,10-01-2022
C00820,Elena,Hernandez,Female,20-12-1968,Gdańsk,Poland,Student,Retail,5893.42,08-12-2018
C00821,Clara,Anderson,Female,23-07-2003,Braga,Portugal,Retired,Retail,2600.39,16-05-2025
C00822,Marco,Brown,Male,14-03-1998,Stockholm,Sweden,Salaried,SME,3421.93,11-01-2021
C00823,Lucas,Jones,Male,22-02-1994,Porto,Portugal,Business Owner,Retail,4554.02,10-02-2018
C00824,Ava,Rodriguez,Female,13-04-1984,Braga,Portugal,Salaried,Wealth,22492.69,07-12-2023
C00825,Olivia,Smith,Female,28-10-2004,Ghent,Belgium,Student,Retail,4351.17,11-01-2020
C00826,Julian,Moore,Male,18-09-2003,Limerick,Ireland,Freelancer,Premium,18701.49,05-10-2023
C00827,Leo,Brown,Male,05-03-2002,Warsaw,Poland,Freelancer,Retail,6991.86,29-10-2024
C00828,Noah,Moore,Male,15-03-1989,Stuttgart,Germany,Business Owner,Wealth,29212.24,16-02-2025
C00829,Mia,Moore,Female,25-07-1979,Stockholm,Sweden,Freelancer,Retail,9256.72,15-09-2023
C00830,Ethan,Rodriguez,Male,17-08-1990,Valencia,Spain,Retired,Premium,14220.91,18-02-2020
C00831,Liam,Thompson,Male,18-12-1987,Stuttgart,Germany,Retired,Corporate,4950.0,12-01-2023
C00832,Clara,Martinez,Female,08-09-2003,Cork,Ireland,Student,Retail,4784.97,02-04-2022
C00833,Chloe,Davis,Female,11-02-1983,Hamburg,Germany,Business Owner,SME,4638.52,02-06-2023
C00834,Liam,Williams,Male,01-04-1976,Rome,Italy,Student,Corporate,13219.35,05-12-2024
C00835,Lucas,Martin,Male,01-06-1963,Bilbao,Spain,Student,Premium,7749.52,23-12-2021
C00836,Hannah,Hernandez,Female,16-07-1966,Cork,Ireland,Salaried,Retail,7248.0,30-09-2019
C00837,Leo,Anderson,Male,13-08-1974,Antwerp,Belgium,Student,Retail,2250.0,12-05-2025
C00838,James,Jones,Male,12-03-1970,Gothenburg,Sweden,Student,Corporate,15190.15,21-09-2022
C00839,Emma,Thomas,Female,22-03-1962,Salzburg,Austria,Student,Retail,5216.67,03-03-2024
C00840,Hans,Perez,Male,05-12-2003,Dublin,Ireland,Salaried,Retail,5658.51,18-03-2019
C00841,Emma,Brown,Female,12-03-1968,Paris,France,Retired,Retail,7695.66,02-02-2018
C00842,Alexander,Johnson,Male,10-05-1990,Stockholm,Sweden,Self Employed,Retail,7671.11,25-02-2021
C00843,Oliver,Wilson,Male,08-12-1976,Wrocław,Poland,Self Employed,Premium,8766.66,18-08-2024
C00844,Alexander,Garcia,Male,05-02-1974,Galway,Ireland,Retired,Retail,4246.47,28-03-2020
C00845,Camille,Martin,Female,14-07-1963,Florence,Italy,Freelancer,Retail,3500.17,31-07-2018
C00846,Hans,Jackson,Male,12-05-1967,Vienna,Austria,Salaried,Retail,4343.44,03-01-2018
C00847,Marco,Clark,Male,11-12-2002,Florence,Italy,Business Owner,Retail,4145.99,06-07-2023
C00848,Camille,Thompson,Female,04-05-1981,Innsbruck,Austria,Self Employed,Retail,9215.61,17-04-2025
C00849,Mateo,Martin,Male,13-10-1973,Gdańsk,Poland,Retired,Retail,2250.0,04-05-2025
C00850,Mia,Martinez,Female,15-12-1972,Marseille,France,Self Employed,SME,3196.45,26-12-2023
C00851,Ethan,Clark,Male,07-03-1962,Malmö,Sweden,Student,Retail,6034.3,05-10-2018
C00852,Noah,Thompson,Male,17-09-1986,Bruges,Belgium,Retired,Corporate,7890.99,07-09-2018
C00853,Clara,Perez,Female,22-08-1985,Florence,Italy,Retired,Retail,5606.78,18-05-2022
C00854,Clara,Moore,Female,07-05-1998,Rome,Italy,Retired,Retail,3669.62,08-12-2025
C00855,Oliver,Robinson,Male,28-05-1976,Lisbon,Portugal,Retired,Retail,8576.06,02-09-2020
C00856,Arthur,Harris,Male,05-11-1962,Graz,Austria,Self Employed,SME,6078.97,30-12-2023
C00857,Amelia,Jackson,Female,12-11-1960,The Hague,Netherlands,Freelancer,Premium,19252.9,02-07-2019
C00858,Ava,Williams,Female,11-05-1999,Malmö,Sweden,Salaried,Wealth,10003.24,11-01-2024
C00859,Carlos,Sanchez,Male,24-12-1966,Innsbruck,Austria,Student,Premium,17535.19,22-06-2020
C00860,Hannah,Thompson,Female,19-04-1977,Lisbon,Portugal,Business Owner,Premium,17411.04,31-08-2019
C00861,Mateo,Brown,Male,06-08-1965,Berlin,Germany,Freelancer,Retail,7937.9,01-03-2021
C00862,Amelia,Martinez,Female,06-03-1979,Salzburg,Austria,Self Employed,SME,9625.05,07-02-2023
C00863,Marco,Lee,Male,17-12-1966,Brussels,Belgium,Self Employed,Retail,2995.54,14-10-2020
C00864,Louis,Harris,Male,21-03-1977,Malmö,Sweden,Self Employed,Premium,18162.34,25-07-2019
C00865,Amelia,Thomas,Female,27-08-1996,Braga,Portugal,Freelancer,Retail,4583.5,05-02-2024
C00866,Sophia,Davis,Female,04-01-1961,Cologne,Germany,Freelancer,Retail,3950.53,20-03-2021
C00867,Liam,Ramirez,Male,22-07-2003,Madrid,Spain,Salaried,SME,10911.55,28-02-2021
C00868,Hannah,Martin,Female,11-10-1964,Porto,Portugal,Retired,Retail,14210.48,13-01-2020
C00869,Isabella,Robinson,Female,22-11-1969,Seville,Spain,Freelancer,Retail,8758.72,20-02-2022
C00870,Mia,Gonzalez,Female,28-01-1964,Malmö,Sweden,Student,SME,3150.0,02-02-2026
C00871,Liam,Thompson,Male,19-02-1964,Bologna,Italy,Student,Retail,7101.5,15-12-2021
C00872,Hans,Perez,Male,16-07-1991,Faro,Portugal,Student,Premium,6718.04,11-09-2022
C00873,Mia,Sanchez,Female,18-09-1991,Marseille,France,Retired,Retail,5781.13,24-06-2024
C00874,Carlos,Lewis,Male,08-02-2004,Barcelona,Spain,Business Owner,Retail,4320.72,18-01-2022
C00875,Ethan,Anderson,Male,05-08-1978,Bruges,Belgium,Self Employed,SME,15712.2,17-08-2018
C00876,Mateo,Smith,Male,23-12-1967,Bordeaux,France,Freelancer,Retail,11403.69,11-03-2019
C00877,Oliver,Thomas,Male,27-08-1964,Limerick,Ireland,Salaried,Premium,6820.59,21-02-2018
C00878,Olivia,Lopez,Female,25-03-1986,Dublin,Ireland,Student,Retail,13770.62,07-02-2026
C00879,Mateo,Anderson,Male,23-11-1988,Hamburg,Germany,Salaried,Retail,7766.27,12-06-2022
C00880,Freya,Garcia,Female,18-08-2003,Turin,Italy,Self Employed,Premium,5838.92,18-01-2021
C00881,Lucas,Harris,Male,05-07-1993,Gothenburg,Sweden,Freelancer,Corporate,11013.55,03-04-2023
C00882,Ethan,Martin,Male,21-11-1980,Braga,Portugal,Business Owner,Retail,4908.23,21-03-2019
C00883,Julian,Jones,Male,20-06-1964,The Hague,Netherlands,Salaried,Corporate,9919.87,17-05-2020
C00884,Leo,Brown,Male,07-05-1960,Brussels,Belgium,Retired,Premium,11392.42,05-06-2023
C00885,Alexander,Clark,Male,03-06-1963,Barcelona,Spain,Business Owner,SME,3765.29,20-05-2022
C00886,Louis,Sanchez,Male,22-12-1968,Gothenburg,Sweden,Salaried,Retail,3942.73,02-08-2024
C00887,Oliver,Hernandez,Male,28-10-1990,Toulouse,France,Freelancer,SME,6130.59,06-08-2020
C00888,Elena,Lee,Female,05-11-2003,Gdańsk,Poland,Student,Corporate,12876.08,22-06-2019
C00889,Oliver,Sanchez,Male,20-06-1978,Galway,Ireland,Self Employed,SME,4264.4,05-11-2024
C00890,Lucas,Moore,Male,19-03-1964,Gdańsk,Poland,Student,Premium,9835.86,21-01-2019
C00891,Mateo,Gonzalez,Male,10-03-1980,Brussels,Belgium,Freelancer,Retail,3992.25,03-03-2023
C00892,Chloe,Wilson,Female,25-05-1990,Utrecht,Netherlands,Salaried,SME,9130.93,28-01-2022
C00893,Sophia,Martin,Female,28-07-1985,Lisbon,Portugal,Business Owner,Premium,13500.43,08-12-2018
C00894,Noah,Moore,Male,09-08-1992,Frankfurt,Germany,Salaried,SME,19295.3,05-04-2021
C00895,Ava,Thomas,Female,13-10-1970,The Hague,Netherlands,Salaried,SME,9893.01,18-12-2018
C00896,Charlotte,Williams,Female,25-07-1966,Ghent,Belgium,Self Employed,Retail,5007.29,16-11-2025
C00897,Mia,Miller,Female,15-05-1967,Amsterdam,Netherlands,Retired,Retail,2996.32,09-05-2018
C00898,Carlos,Thompson,Male,26-01-1984,Bruges,Belgium,Freelancer,Retail,4879.24,29-09-2022
C00899,Chloe,Wilson,Female,06-11-1976,Brussels,Belgium,Retired,Retail,2792.89,26-05-2020
C00900,Arthur,Wilson,Male,03-01-1971,Graz,Austria,Business Owner,SME,3150.0,13-09-2022
C00901,Chloe,Sanchez,Female,23-09-1990,Seville,Spain,Salaried,Corporate,26540.32,16-04-2024
C00902,Ethan,Moore,Male,24-02-1972,Warsaw,Poland,Self Employed,Premium,11711.43,22-02-2023
C00903,Camille,Davis,Female,04-06-1991,Cork,Ireland,Self Employed,Corporate,15200.2,11-02-2025
C00904,Liam,Perez,Male,04-10-2000,Innsbruck,Austria,Retired,Retail,7356.68,27-03-2022
C00905,Marco,Williams,Male,07-04-1982,Faro,Portugal,Business Owner,Wealth,17856.82,11-06-2021
C00906,Camille,Robinson,Female,16-12-1967,Graz,Austria,Retired,Premium,9277.47,07-10-2021
C00907,Camille,Jackson,Female,14-08-1971,Rome,Italy,Freelancer,Retail,5868.87,21-09-2025
C00908,Carlos,Thomas,Male,23-05-2000,Milan,Italy,Student,Premium,4050.0,30-12-2024
C00909,Oliver,Jackson,Male,15-11-1966,Galway,Ireland,Self Employed,Retail,13180.53,06-02-2023
C00910,Chloe,Anderson,Female,07-02-1984,Rotterdam,Netherlands,Freelancer,SME,14899.52,22-11-2025
C00911,Ethan,Moore,Male,26-06-1960,Valencia,Spain,Salaried,Retail,2250.0,26-08-2022
C00912,Olivia,Clark,Female,05-01-1960,Limerick,Ireland,Business Owner,Corporate,23738.2,30-11-2019
C00913,Amelia,Garcia,Female,18-04-1987,Bruges,Belgium,Self Employed,Wealth,7339.45,19-02-2025
C00914,Lucas,Gonzalez,Male,11-07-1971,Paris,France,Freelancer,Retail,5179.05,21-06-2024
C00915,Oliver,Martin,Male,27-05-2000,Madrid,Spain,Salaried,Premium,5032.12,06-12-2024
C00916,Oliver,Perez,Male,13-10-1965,Kraków,Poland,Business Owner,Retail,9783.1,04-03-2020
C00917,Carlos,Martin,Male,25-12-1975,Barcelona,Spain,Self Employed,SME,6627.11,13-01-2025
C00918,Clara,Clark,Female,28-10-2000,Ghent,Belgium,Business Owner,Retail,5026.81,10-01-2020
C00919,Charlotte,Hernandez,Female,28-08-1964,Brussels,Belgium,Salaried,Retail,9339.08,16-06-2023
C00920,Mateo,Lee,Male,14-11-1973,Cologne,Germany,Salaried,Retail,7886.63,05-11-2021
C00921,Marco,Johnson,Male,20-10-1990,Limerick,Ireland,Retired,Retail,2250.0,02-05-2018
C00922,Oliver,Miller,Male,17-09-1961,Brussels,Belgium,Business Owner,Corporate,7982.17,22-07-2019
C00923,Freya,Jones,Female,23-12-1965,Milan,Italy,Student,SME,5071.83,24-07-2023
C00924,Hannah,Jackson,Female,07-07-1992,Lisbon,Portugal,Student,Retail,6105.92,02-10-2022
C00925,Hans,Harris,Male,20-06-1977,Toulouse,France,Student,Retail,4817.85,17-11-2019
C00926,Sofia,Sanchez,Female,19-05-1992,Warsaw,Poland,Salaried,Retail,12289.44,15-04-2019
C00927,James,Harris,Male,26-07-1980,Cork,Ireland,Business Owner,Retail,4071.57,16-05-2019
C00928,Liam,Perez,Male,01-12-1980,Gothenburg,Sweden,Student,Premium,5331.41,07-03-2021
C00929,Ava,Anderson,Female,07-09-1973,Bologna,Italy,Freelancer,Retail,3241.75,18-11-2022
C00930,Leo,Martinez,Male,07-04-1980,The Hague,Netherlands,Salaried,Retail,5497.06,29-01-2023
C00931,Alexander,Martin,Male,19-06-1998,Ghent,Belgium,Student,Retail,6116.94,10-03-2021
C00932,Chloe,Anderson,Female,18-01-1985,Gothenburg,Sweden,Student,SME,21716.68,23-11-2018
C00933,Sophia,Miller,Female,20-08-1980,Bruges,Belgium,Retired,Retail,5434.14,25-02-2019
C00934,Marco,Lewis,Male,27-01-1974,Seville,Spain,Self Employed,Retail,3189.96,27-12-2018
C00935,Ethan,Martinez,Male,01-09-1983,Milan,Italy,Salaried,SME,12375.66,31-05-2021
C00936,Chloe,Sanchez,Female,23-06-1976,Seville,Spain,Salaried,Premium,14907.29,02-06-2019
C00937,Hans,Perez,Male,28-10-1969,Cologne,Germany,Retired,Wealth,14309.87,12-05-2023
C00938,Isabella,Robinson,Female,25-06-1977,Barcelona,Spain,Retired,Corporate,8561.58,19-09-2020
C00939,Hannah,Wilson,Female,03-02-2004,Hamburg,Germany,Business Owner,Wealth,11941.18,12-12-2025
C00940,Camille,Robinson,Female,28-03-2001,Munich,Germany,Retired,Retail,9119.3,05-10-2023
C00941,Ethan,Williams,Male,03-04-1985,Malmö,Sweden,Self Employed,Retail,3500.53,04-03-2023
C00942,Julian,Smith,Male,01-04-1967,Antwerp,Belgium,Business Owner,SME,10234.35,03-11-2022
C00943,Julian,Taylor,Male,17-07-1969,Amsterdam,Netherlands,Freelancer,Retail,4176.25,16-04-2022
C00944,Charlotte,Ramirez,Female,07-05-1972,Wrocław,Poland,Salaried,Retail,6678.21,22-08-2025
C00945,Liam,Ramirez,Male,04-04-2001,Seville,Spain,Retired,Retail,4366.87,05-11-2025
C00946,Lucas,Johnson,Male,04-07-1985,Wrocław,Poland,Self Employed,Retail,14909.01,24-11-2021
C00947,Ethan,Lewis,Male,24-05-1998,Naples,Italy,Business Owner,Retail,8600.68,23-08-2025
C00948,Leo,Johnson,Male,11-03-1970,Frankfurt,Germany,Self Employed,SME,7468.57,14-08-2025
C00949,James,Thompson,Male,16-06-1998,Brussels,Belgium,Retired,Premium,9809.42,17-08-2025
C00950,Elena,Clark,Female,17-09-1974,Marseille,France,Retired,Retail,2749.36,20-11-2020
C00951,Mia,Brown,Female,15-06-1976,Galway,Ireland,Salaried,Retail,3422.82,10-01-2021
C00952,Freya,Martinez,Female,05-01-2000,Malmö,Sweden,Salaried,Wealth,44508.13,27-09-2020
C00953,Freya,Smith,Female,12-07-2004,Utrecht,Netherlands,Retired,Retail,4859.54,18-12-2019
C00954,Noah,Wilson,Male,11-06-2003,Salzburg,Austria,Student,Retail,4584.11,07-02-2023
C00955,Camille,Jackson,Female,04-05-1982,Gothenburg,Sweden,Retired,Wealth,16537.18,05-04-2024
C00956,Alexander,Lee,Male,10-08-1979,Nice,France,Salaried,Retail,3879.0,24-06-2023
C00957,Ethan,Thompson,Male,12-07-1960,Limerick,Ireland,Salaried,Premium,8172.91,31-12-2025
C00958,Charlotte,Gonzalez,Female,07-12-1969,Marseille,France,Self Employed,Retail,9647.36,11-08-2025
C00959,Charlotte,Wilson,Female,04-07-1987,Valencia,Spain,Freelancer,SME,20709.28,13-08-2021
C00960,Leo,Miller,Male,25-11-1968,Cologne,Germany,Business Owner,Retail,2557.45,10-05-2024
C00961,Sofia,Garcia,Female,13-03-1994,Utrecht,Netherlands,Retired,Corporate,17238.52,07-09-2025
C00962,Mateo,Jones,Male,14-06-1989,Faro,Portugal,Student,Retail,12409.03,29-12-2018
C00963,Sophia,Moore,Female,26-05-1999,Frankfurt,Germany,Salaried,Retail,5603.63,28-05-2022
C00964,Alexander,Clark,Male,01-11-1985,Porto,Portugal,Salaried,Retail,9253.99,11-01-2021
C00965,Hans,Lopez,Male,04-10-1981,Kraków,Poland,Freelancer,SME,9452.32,22-07-2024
C00966,Carlos,Wilson,Male,07-12-1963,Limerick,Ireland,Business Owner,Retail,33096.79,17-01-2025
C00967,Liam,Martinez,Male,20-08-1960,Antwerp,Belgium,Salaried,Premium,11127.51,25-04-2023
C00968,Freya,Perez,Female,13-08-1992,Graz,Austria,Retired,Retail,3037.21,22-08-2025
C00969,Liam,Jones,Male,04-10-2002,Rome,Italy,Retired,Retail,6474.42,05-11-2025
C00970,James,Williams,Male,16-08-1972,Frankfurt,Germany,Student,Retail,5420.78,04-09-2022
C00971,Sofia,Smith,Female,10-01-1969,Utrecht,Netherlands,Salaried,Retail,5879.53,23-12-2021
C00972,Liam,White,Male,15-12-1989,Bordeaux,France,Business Owner,Retail,11223.03,02-12-2025
C00973,Hannah,Thomas,Female,03-09-1984,Utrecht,Netherlands,Freelancer,Retail,2250.0,28-07-2019
C00974,Marco,Wilson,Male,13-05-2002,Limerick,Ireland,Retired,Retail,10281.95,12-12-2025
C00975,Liam,Williams,Male,09-09-2002,Kraków,Poland,Salaried,Retail,3802.0,14-10-2019
C00976,Liam,Lee,Male,04-11-1966,Faro,Portugal,Self Employed,Retail,7102.06,02-03-2026
C00977,Clara,Wilson,Female,02-02-1986,Paris,France,Salaried,Premium,18707.49,01-11-2025
C00978,Carlos,Anderson,Male,21-03-1984,Milan,Italy,Self Employed,Premium,6814.1,26-10-2019
C00979,Hans,Sanchez,Male,03-04-1993,Naples,Italy,Salaried,Premium,14377.71,12-01-2022
C00980,Camille,Martin,Female,28-09-1996,Cologne,Germany,Self Employed,Retail,2250.0,29-04-2020
C00981,Hans,Wilson,Male,12-09-1990,Galway,Ireland,Retired,Retail,9183.05,17-11-2018
C00982,Julian,Garcia,Male,04-05-1993,Brussels,Belgium,Business Owner,Retail,2922.11,26-10-2020
C00983,Amelia,Taylor,Female,28-02-1982,Limerick,Ireland,Student,SME,12566.26,08-12-2024
C00984,Alexander,Moore,Male,04-12-1994,Warsaw,Poland,Business Owner,Premium,11558.34,01-09-2018
C00985,Carlos,Anderson,Male,27-09-1973,Faro,Portugal,Business Owner,Corporate,19406.45,17-10-2018
C00986,Alexander,Lopez,Male,20-12-1998,Amsterdam,Netherlands,Salaried,SME,15614.28,26-05-2018
C00987,Noah,Garcia,Male,21-04-1992,Bologna,Italy,Salaried,Retail,5020.04,18-04-2018
C00988,Charlotte,Martin,Female,28-10-1994,Rotterdam,Netherlands,Freelancer,Retail,5380.46,15-10-2022
C00989,Emma,Jackson,Female,15-02-1968,Utrecht,Netherlands,Student,Retail,17143.73,26-08-2018
C00990,Mateo,Ramirez,Male,19-02-1974,Rotterdam,Netherlands,Salaried,Retail,3969.76,27-01-2026
C00991,Louis,Davis,Male,02-02-1963,Rome,Italy,Retired,Retail,3664.99,18-06-2022
C00992,Louis,Taylor,Male,22-02-2002,Gdańsk,Poland,Student,Retail,3299.39,30-12-2025
C00993,Isabella,Wilson,Female,10-09-1983,Gothenburg,Sweden,Student,SME,5333.4,29-11-2025
C00994,Hannah,Moore,Female,03-05-1991,Valencia,Spain,Freelancer,Retail,2250.0,05-08-2019
C00995,Chloe,Lopez,Female,15-12-1975,Faro,Portugal,Business Owner,Premium,9475.9,06-08-2024
C00996,Emma,Johnson,Female,02-02-1979,Malmö,Sweden,Student,Retail,6789.76,01-07-2018
C00997,Chloe,Thomas,Female,06-07-1973,Lisbon,Portugal,Salaried,Premium,10894.75,29-10-2024
C00998,Louis,Lopez,Male,07-10-1976,Marseille,France,Salaried,Corporate,5052.14,16-03-2024
C00999,Olivia,Jackson,Female,28-05-2003,Limerick,Ireland,Self Employed,Wealth,17562.33,11-04-2022
C01000,Amelia,Thompson,Female,01-03-1975,Galway,Ireland,Business Owner,Retail,7012.26,28-05-2024
C01001,Oliver,Jones,Male,09-10-1962,Graz,Austria,Salaried,Retail,11031.36,11-06-2021
C01002,Camille,White,Female,27-06-2002,Dublin,Ireland,Salaried,Retail,3145.94,09-01-2022
C01003,Elena,Ramirez,Female,07-09-2000,Naples,Italy,Salaried,Retail,6000.15,10-12-2022
C01004,Arthur,Harris,Male,09-05-1976,Brussels,Belgium,Self Employed,SME,3150.0,14-04-2019
C01005,Lucas,Anderson,Male,17-11-1971,Munich,Germany,Freelancer,SME,8376.01,27-11-2020
C01006,Elena,Williams,Female,28-11-1961,Innsbruck,Austria,Salaried,SME,4737.03,14-11-2018
C01007,Leo,Lewis,Male,17-02-1988,Munich,Germany,Freelancer,Retail,2887.09,13-10-2022
C01008,Julian,Williams,Male,11-01-1969,Lisbon,Portugal,Self Employed,Premium,18131.68,17-02-2022
C01009,Sophia,Thomas,Female,19-03-1978,Hamburg,Germany,Self Employed,Retail,9451.34,01-04-2022
C01010,Sofia,White,Female,24-11-1962,Berlin,Germany,Retired,Retail,11207.52,12-05-2019
C01011,Sofia,Perez,Female,16-10-1963,Vienna,Austria,Self Employed,Premium,10237.89,08-09-2021
C01012,Oliver,Perez,Male,15-04-1983,Toulouse,France,Business Owner,Retail,2250.0,14-04-2024
C01013,Marco,Moore,Male,21-06-1964,Rotterdam,Netherlands,Retired,Retail,2250.0,30-09-2020
C01014,Arthur,Jackson,Male,22-10-2003,Galway,Ireland,Student,Retail,4027.06,21-09-2022
C01015,Lucas,Martin,Male,16-10-1969,Dublin,Ireland,Self Employed,Premium,6124.36,20-05-2018
C01016,Emma,Lewis,Female,06-12-1961,Rome,Italy,Salaried,Wealth,13182.97,11-10-2021
C01017,Mia,Moore,Female,20-10-1997,Innsbruck,Austria,Student,Retail,6934.75,27-01-2025
C01018,Arthur,Smith,Male,25-05-1987,Rome,Italy,Self Employed,Retail,3625.52,01-02-2018
C01019,Amelia,Anderson,Female,22-06-1997,Ghent,Belgium,Salaried,Premium,8127.68,09-08-2020
C01020,Elena,Lewis,Female,02-06-1991,Ghent,Belgium,Business Owner,Premium,24292.99,23-04-2022
C01021,Amelia,Jackson,Female,02-03-1971,Turin,Italy,Salaried,SME,4388.54,23-11-2021
C01022,Louis,Hernandez,Male,10-02-1970,Graz,Austria,Self Employed,Retail,3345.19,22-06-2025
C01023,Alexander,Lopez,Male,07-02-1969,Milan,Italy,Salaried,Premium,10053.08,24-06-2023
C01024,Clara,Martinez,Female,10-04-1983,Cork,Ireland,Business Owner,SME,9947.52,25-03-2019
C01025,Lucas,Garcia,Male,16-07-1988,Malmö,Sweden,Freelancer,Retail,7082.19,01-11-2018
C01026,Emma,Thompson,Female,11-09-1970,Seville,Spain,Salaried,Retail,7122.19,11-11-2022
C01027,Hans,Martin,Male,07-06-1993,Cologne,Germany,Self Employed,SME,26803.22,29-07-2024
C01028,Louis,Martinez,Male,07-11-1974,Barcelona,Spain,Salaried,Retail,7518.77,14-11-2022
C01029,Camille,Sanchez,Female,20-09-1991,Salzburg,Austria,Freelancer,Retail,3281.28,19-07-2024
C01030,Chloe,Rodriguez,Female,16-06-2000,Kraków,Poland,Retired,Retail,7546.79,25-05-2023
C01031,James,Lee,Male,04-04-1966,Madrid,Spain,Self Employed,Wealth,14463.05,19-03-2023
C01032,Amelia,Jackson,Female,12-02-2002,Bruges,Belgium,Freelancer,Premium,23380.73,19-08-2020
C01033,Ava,Jackson,Female,17-05-1978,Porto,Portugal,Freelancer,Retail,9685.03,24-07-2021
C01034,Emma,Perez,Female,14-08-1985,Hamburg,Germany,Freelancer,Retail,9412.02,06-07-2018
C01035,Isabella,Sanchez,Female,08-07-1988,Rotterdam,Netherlands,Self Employed,Premium,6696.84,13-10-2024
C01036,Camille,Martin,Female,01-12-1961,Kraków,Poland,Retired,SME,8947.03,23-03-2020
C01037,Emma,Martinez,Female,28-07-1994,Graz,Austria,Self Employed,Premium,7861.17,14-03-2024
C01038,Amelia,Williams,Female,28-01-1960,Stuttgart,Germany,Salaried,Retail,4587.17,31-07-2020
C01039,Liam,Taylor,Male,24-05-1962,Valencia,Spain,Salaried,Retail,12033.54,30-10-2018
C01040,Olivia,Ramirez,Female,01-01-1986,Bruges,Belgium,Self Employed,Corporate,19771.62,16-10-2024
C01041,Clara,Rodriguez,Female,17-07-1980,Marseille,France,Student,Corporate,8616.5,07-04-2021
C01042,Lucas,Jones,Male,14-04-1965,Malmö,Sweden,Student,Premium,8396.86,12-03-2018
C01043,Julian,Rodriguez,Male,25-06-1985,Amsterdam,Netherlands,Student,Retail,3434.66,23-02-2022
C01044,Lucas,Ramirez,Male,21-02-1996,Gdańsk,Poland,Self Employed,Retail,2250.0,30-06-2023
C01045,Lucas,Smith,Male,05-02-1975,Gothenburg,Sweden,Salaried,Retail,10799.66,15-07-2023
C01046,Camille,Brown,Female,24-05-1986,Stuttgart,Germany,Salaried,Retail,3402.09,03-01-2021
C01047,Julian,Garcia,Male,18-08-1995,Antwerp,Belgium,Salaried,Retail,9752.04,10-10-2022
C01048,Hans,Jackson,Male,25-03-1984,Brussels,Belgium,Salaried,Retail,5649.87,04-10-2022
C01049,Camille,Jones,Female,26-11-1970,Seville,Spain,Freelancer,Retail,5115.45,03-08-2025
C01050,Marco,Anderson,Male,20-06-1993,Galway,Ireland,Retired,SME,8321.79,05-01-2026
C01051,Ethan,Sanchez,Male,09-10-1993,Bilbao,Spain,Retired,Retail,3678.78,07-01-2026
C01052,Liam,Rodriguez,Male,14-06-1960,Galway,Ireland,Salaried,Retail,4043.37,03-01-2025
C01053,Arthur,Thompson,Male,03-03-1998,Limerick,Ireland,Business Owner,Retail,5943.72,10-03-2021
C01054,Noah,Thomas,Male,10-12-1997,The Hague,Netherlands,Salaried,Retail,6495.47,12-03-2026
C01055,Ava,Sanchez,Female,09-03-1977,Seville,Spain,Retired,Premium,4761.93,22-08-2024
C01056,Leo,Ramirez,Male,28-12-1977,Marseille,France,Salaried,Premium,16221.57,23-11-2024
C01057,Emma,Hernandez,Female,16-03-1969,Kraków,Poland,Student,SME,3150.0,16-06-2025
C01058,Olivia,Jones,Female,17-05-1980,Florence,Italy,Business Owner,Corporate,8130.0,30-06-2021
C01059,Chloe,Robinson,Female,03-09-1980,Florence,Italy,Freelancer,SME,26898.49,23-10-2020
C01060,Freya,Jones,Female,21-07-1995,Madrid,Spain,Self Employed,Retail,2729.44,02-12-2024
C01061,Freya,Thomas,Female,12-07-1972,Barcelona,Spain,Business Owner,Retail,4927.95,21-01-2019
C01062,Arthur,Wilson,Male,01-09-1976,Gothenburg,Sweden,Freelancer,Premium,5424.7,24-11-2025
C01063,Arthur,Gonzalez,Male,02-11-1977,Wrocław,Poland,Salaried,Wealth,21192.12,22-02-2022
C01064,Sophia,Perez,Female,05-12-1999,Wrocław,Poland,Salaried,Premium,5222.04,07-02-2024
C01065,Mateo,White,Male,20-11-1972,The Hague,Netherlands,Retired,Corporate,7518.19,05-02-2026
C01066,Marco,Garcia,Male,22-01-1993,Madrid,Spain,Freelancer,Retail,14509.06,28-12-2020
C01067,Sophia,Jackson,Female,02-08-1971,Gdańsk,Poland,Business Owner,Retail,3112.18,15-04-2024
C01068,Louis,Clark,Male,15-06-1967,Gothenburg,Sweden,Salaried,Premium,15255.52,18-01-2020
C01069,Ethan,Johnson,Male,19-06-1971,Dublin,Ireland,Freelancer,Premium,7340.07,28-06-2019
C01070,Marco,Rodriguez,Male,23-07-1963,Brussels,Belgium,Business Owner,Retail,3423.74,27-03-2020
C01071,Clara,Clark,Female,23-05-1978,Bruges,Belgium,Freelancer,Retail,3046.02,15-09-2025
C01072,Oliver,Johnson,Male,13-10-1962,Galway,Ireland,Business Owner,Retail,4636.27,05-11-2025
C01073,Ava,Anderson,Female,26-12-1995,Salzburg,Austria,Salaried,Retail,5618.61,18-04-2019
C01074,Alexander,Thomas,Male,06-11-2002,Malmö,Sweden,Business Owner,Retail,5283.4,12-11-2025
C01075,Lucas,Thomas,Male,28-06-2000,Wrocław,Poland,Business Owner,SME,4190.46,08-06-2021
C01076,Camille,Harris,Female,06-09-1989,Stockholm,Sweden,Freelancer,Corporate,10470.61,24-06-2022
C01077,Hans,Moore,Male,24-05-1975,Cork,Ireland,Retired,Retail,3436.11,18-03-2019
C01078,Noah,Gonzalez,Male,19-05-1987,Nice,France,Retired,Retail,2250.0,26-07-2019
C01079,Sofia,Thompson,Female,26-06-2002,Braga,Portugal,Student,Wealth,31541.37,10-06-2022
C01080,Alexander,Thomas,Male,22-01-1989,Stuttgart,Germany,Self Employed,Retail,9275.31,24-11-2022
C01081,Isabella,Jones,Female,22-03-1975,Cork,Ireland,Student,Premium,10757.41,02-12-2025
C01082,Elena,Ramirez,Female,05-07-1966,Warsaw,Poland,Retired,Retail,10963.42,02-06-2022
C01083,Charlotte,Smith,Female,16-06-1964,Madrid,Spain,Business Owner,Premium,15497.7,16-08-2023
C01084,Lucas,Robinson,Male,25-10-1999,Valencia,Spain,Self Employed,Retail,3294.2,21-05-2021
C01085,Arthur,Anderson,Male,13-06-1965,Utrecht,Netherlands,Business Owner,Premium,9024.79,24-09-2022
C01086,Alexander,Perez,Male,22-07-1970,Dublin,Ireland,Self Employed,Retail,3214.55,30-07-2021
C01087,Mia,Taylor,Female,13-09-1996,The Hague,Netherlands,Business Owner,Premium,13145.17,10-02-2025
C01088,Marco,Johnson,Male,17-08-1998,Cork,Ireland,Self Employed,Retail,5326.43,03-10-2022
C01089,Olivia,Robinson,Female,03-11-1984,Stockholm,Sweden,Student,Retail,6148.64,18-07-2018
C01090,Elena,Lee,Female,04-01-1978,Frankfurt,Germany,Student,SME,7442.51,14-10-2021
C01091,Ethan,Ramirez,Male,09-09-1961,Gothenburg,Sweden,Retired,Retail,4820.01,03-04-2019
C01092,Charlotte,Martin,Female,24-09-1962,Faro,Portugal,Student,Retail,2861.22,30-01-2021
C01093,Hans,Lee,Male,20-12-1989,Antwerp,Belgium,Business Owner,Retail,8767.32,07-03-2022
C01094,Freya,Rodriguez,Female,24-10-1969,Milan,Italy,Freelancer,Premium,17835.71,21-05-2021
C01095,Mia,Rodriguez,Female,06-01-1985,Cork,Ireland,Salaried,Wealth,8566.79,24-02-2020
C01096,Isabella,Sanchez,Female,20-05-1976,Braga,Portugal,Retired,Retail,8603.71,22-04-2023
C01097,Olivia,Rodriguez,Female,24-05-1987,Ghent,Belgium,Self Employed,Premium,5490.73,09-08-2025
C01098,Sofia,Jackson,Female,14-01-1977,Kraków,Poland,Retired,Retail,12020.07,13-02-2025
C01099,Charlotte,Anderson,Female,08-04-1966,Innsbruck,Austria,Retired,Retail,4634.21,20-09-2022
C01100,Clara,Perez,Female,13-09-1981,Hamburg,Germany,Self Employed,Retail,6007.54,08-03-2023
C01101,Louis,Davis,Male,23-09-1973,The Hague,Netherlands,Freelancer,Retail,4648.21,16-06-2023
C01102,Camille,Perez,Female,07-02-1982,The Hague,Netherlands,Freelancer,Corporate,12664.38,30-03-2023
C01103,Chloe,Harris,Female,19-10-1969,Stockholm,Sweden,Retired,Retail,4323.0,04-07-2023
C01104,Sophia,Taylor,Female,05-09-1984,Seville,Spain,Self Employed,Retail,4881.73,14-10-2019
C01105,Ethan,Perez,Male,12-07-1995,Brussels,Belgium,Freelancer,Corporate,10034.57,14-09-2025
C01106,Camille,Garcia,Female,18-09-1992,Salzburg,Austria,Self Employed,Retail,10814.16,29-12-2019
C01107,Mia,Moore,Female,18-01-1978,Porto,Portugal,Retired,SME,15931.23,29-04-2025
C01108,James,Perez,Male,07-07-1986,Stuttgart,Germany,Retired,Premium,11338.59,26-05-2024
C01109,James,Clark,Male,20-06-1961,Bruges,Belgium,Freelancer,Retail,6259.18,29-09-2024
C01110,Oliver,Smith,Male,28-09-1995,Innsbruck,Austria,Student,Retail,11350.28,29-12-2025
C01111,Alexander,Brown,Male,10-03-1980,Rome,Italy,Student,Retail,4896.4,11-08-2023
C01112,Leo,Brown,Male,28-06-1998,Limerick,Ireland,Freelancer,SME,4258.34,04-08-2025
C01113,Marco,Anderson,Male,28-08-1993,Amsterdam,Netherlands,Student,Retail,12085.81,24-05-2023
C01114,Mia,Davis,Female,27-07-1978,Braga,Portugal,Student,SME,11530.78,24-05-2019
C01115,Camille,Martinez,Female,25-05-1969,Amsterdam,Netherlands,Freelancer,SME,10135.69,23-10-2021
C01116,Lucas,Miller,Male,07-08-1975,Faro,Portugal,Business Owner,Retail,3275.9,03-11-2021
C01117,James,Smith,Male,11-08-2004,Gothenburg,Sweden,Self Employed,Corporate,18817.28,08-11-2023
C01118,Chloe,Williams,Female,12-04-1961,Valencia,Spain,Student,Premium,13315.95,30-12-2025
C01119,Emma,Martin,Female,05-05-2003,Faro,Portugal,Freelancer,Corporate,15094.72,22-07-2020
C01120,Sofia,Lewis,Female,10-10-1973,The Hague,Netherlands,Student,Retail,2680.92,08-12-2024
C01121,Carlos,Miller,Male,05-11-1982,Stockholm,Sweden,Retired,Premium,9975.91,29-05-2023
C01122,Julian,Lee,Male,01-07-1990,Porto,Portugal,Business Owner,Premium,5860.43,28-10-2024
C01123,Oliver,Thompson,Male,12-04-2001,Florence,Italy,Freelancer,Retail,6628.95,09-04-2020
C01124,Oliver,Williams,Male,13-01-2002,Madrid,Spain,Salaried,Premium,23661.8,04-01-2023
C01125,Carlos,Martin,Male,08-04-1993,Braga,Portugal,Freelancer,Retail,11453.29,17-01-2026
C01126,Liam,Gonzalez,Male,20-01-1971,Malmö,Sweden,Retired,Retail,2442.21,25-05-2021
C01127,Sofia,Harris,Female,08-04-1973,Kraków,Poland,Freelancer,Premium,11486.13,27-10-2018
C01128,Hannah,Lee,Female,15-02-1990,Brussels,Belgium,Business Owner,Retail,2963.33,20-05-2024
C01129,Chloe,Sanchez,Female,28-07-1997,Bordeaux,France,Salaried,SME,11235.66,28-10-2020
C01130,Ava,Lewis,Female,16-05-1998,Graz,Austria,Retired,Premium,7279.76,16-10-2020
C01131,Olivia,Thompson,Female,18-11-1977,Bordeaux,France,Salaried,Retail,6321.37,31-07-2021
C01132,Ava,Rodriguez,Female,06-08-1990,Wrocław,Poland,Freelancer,Retail,11724.05,14-09-2025
C01133,Isabella,Anderson,Female,25-04-1971,Bordeaux,France,Salaried,Retail,3838.01,05-09-2025
C01134,Marco,Robinson,Male,19-04-1999,Gdańsk,Poland,Retired,Premium,8102.98,06-06-2025
C01135,Olivia,Lee,Female,16-09-1980,Berlin,Germany,Student,Premium,34295.61,28-05-2021
C01136,Amelia,Robinson,Female,11-05-1969,Kraków,Poland,Student,Premium,15669.68,24-01-2018
C01137,Lucas,Harris,Male,12-07-1963,Warsaw,Poland,Self Employed,Premium,5325.25,04-06-2025
C01138,Alexander,Thompson,Male,01-06-1978,Warsaw,Poland,Retired,Retail,8308.59,23-08-2023
C01139,Hannah,Perez,Female,03-02-1977,Turin,Italy,Salaried,Retail,4029.93,24-05-2025
C01140,Arthur,Harris,Male,16-12-2004,Bruges,Belgium,Student,Retail,4010.92,05-07-2019
C01141,Ethan,Rodriguez,Male,14-12-1980,Dublin,Ireland,Student,SME,18299.38,01-10-2020
C01142,Liam,Harris,Male,25-09-1996,Lisbon,Portugal,Salaried,Premium,13339.26,04-11-2025
C01143,Olivia,Rodriguez,Female,24-08-1983,Salzburg,Austria,Self Employed,SME,4420.03,07-08-2025
C01144,Clara,Johnson,Female,24-10-1976,Bilbao,Spain,Salaried,SME,3150.0,05-12-2023
C01145,Charlotte,Gonzalez,Female,01-06-1992,Antwerp,Belgium,Retired,Premium,16795.57,29-09-2021
C01146,Ethan,Johnson,Male,03-10-1964,Utrecht,Netherlands,Retired,Wealth,29202.1,03-04-2023
C01147,Lucas,Clark,Male,25-04-2001,Limerick,Ireland,Freelancer,Retail,14333.59,15-09-2021
C01148,Lucas,Garcia,Male,19-11-1971,Frankfurt,Germany,Student,Retail,6021.16,12-06-2024
C01149,Mateo,Williams,Male,27-10-1960,Stuttgart,Germany,Retired,Retail,2789.57,25-07-2025
C01150,Mateo,Robinson,Male,21-08-1994,Gdańsk,Poland,Self Employed,Premium,18110.27,31-08-2019
C01151,Sophia,Martin,Female,04-03-1979,Antwerp,Belgium,Salaried,Retail,10272.24,03-09-2021
C01152,Charlotte,Garcia,Female,07-11-1974,Gothenburg,Sweden,Student,Retail,8435.83,24-03-2020
C01153,Marco,Thomas,Male,27-10-1984,Bordeaux,France,Self Employed,Retail,13568.51,08-05-2020
C01154,Olivia,Jones,Female,20-12-1991,Amsterdam,Netherlands,Student,Retail,12296.93,11-11-2020
C01155,Elena,Harris,Female,01-08-1967,Hamburg,Germany,Business Owner,Retail,8913.78,23-06-2021
C01156,Charlotte,Miller,Female,10-11-1987,Graz,Austria,Salaried,Retail,9519.36,30-01-2021
C01157,Chloe,Lee,Female,28-03-1962,Frankfurt,Germany,Salaried,Retail,5930.4,08-09-2018
C01158,Oliver,Robinson,Male,22-12-1973,Madrid,Spain,Retired,Retail,10358.03,13-09-2019
C01159,Amelia,Thompson,Female,26-02-1983,Braga,Portugal,Retired,Retail,5511.82,08-08-2021
C01160,Lucas,Brown,Male,01-06-1961,Munich,Germany,Salaried,SME,5799.18,03-03-2018
C01161,Emma,Williams,Female,14-02-1974,Seville,Spain,Self Employed,Wealth,8259.23,06-10-2024
C01162,Oliver,Jackson,Male,16-08-1979,Bruges,Belgium,Student,SME,5517.3,12-07-2023
C01163,Louis,Rodriguez,Male,08-03-1972,Antwerp,Belgium,Freelancer,Retail,7739.61,13-07-2022
C01164,Clara,Anderson,Female,08-02-1999,Galway,Ireland,Self Employed,Retail,2308.6,05-09-2021
C01165,James,Lewis,Male,05-11-1983,Berlin,Germany,Salaried,Premium,18558.86,09-08-2019
C01166,Amelia,Jones,Female,13-03-1975,Innsbruck,Austria,Student,Retail,6309.11,29-05-2020
C01167,Sofia,Lee,Female,18-05-1999,Cologne,Germany,Self Employed,Retail,10816.31,11-11-2020
C01168,James,Robinson,Male,15-09-1991,Innsbruck,Austria,Business Owner,Premium,12667.81,14-10-2022
C01169,James,Perez,Male,04-03-1994,Rome,Italy,Business Owner,Retail,5285.85,11-06-2021
C01170,Alexander,Rodriguez,Male,03-09-1987,Gdańsk,Poland,Self Employed,Wealth,16790.58,20-12-2021
C01171,Liam,Thompson,Male,19-03-1998,Galway,Ireland,Freelancer,SME,8714.6,15-12-2023
C01172,Mia,Lewis,Female,04-03-1983,Milan,Italy,Self Employed,Premium,24542.24,14-02-2021
C01173,Alexander,Jackson,Male,13-05-1985,Berlin,Germany,Business Owner,SME,7476.35,11-12-2025
C01174,James,Taylor,Male,07-05-2002,Limerick,Ireland,Self Employed,SME,3824.17,22-05-2022
C01175,Louis,Harris,Male,13-07-2001,Rome,Italy,Student,Premium,6908.86,21-05-2019
C01176,Amelia,Thomas,Female,07-03-2003,Bordeaux,France,Retired,Retail,10902.71,25-02-2019
C01177,Alexander,Gonzalez,Male,22-04-1990,Munich,Germany,Salaried,Retail,10729.58,28-01-2026
C01178,Carlos,White,Male,13-01-1977,Bologna,Italy,Freelancer,SME,4171.4,03-10-2025
C01179,Clara,Sanchez,Female,17-04-1978,Bordeaux,France,Student,Retail,6403.38,21-08-2018
C01180,Clara,Williams,Female,24-12-1977,Nice,France,Salaried,Retail,3435.46,22-02-2018
C01181,Elena,Davis,Female,19-04-1991,Brussels,Belgium,Retired,Retail,7150.93,27-10-2023
C01182,Emma,Gonzalez,Female,04-10-1962,Berlin,Germany,Retired,Premium,10792.58,18-07-2025
C01183,Louis,Clark,Male,23-07-1986,Marseille,France,Student,Corporate,6163.48,16-01-2025
C01184,Clara,Thomas,Female,07-01-2002,Antwerp,Belgium,Freelancer,Premium,28483.8,10-11-2021
C01185,Oliver,Jackson,Male,15-05-1975,Milan,Italy,Self Employed,Corporate,7017.35,06-04-2024
C01186,Leo,Robinson,Male,24-06-2001,Bilbao,Spain,Business Owner,Retail,2549.17,11-12-2021
C01187,Mia,Hernandez,Female,26-12-1994,Munich,Germany,Self Employed,SME,9376.39,20-12-2020
C01188,Marco,Martinez,Male,26-06-1982,Dublin,Ireland,Salaried,Retail,4733.9,17-02-2020
C01189,Alexander,Johnson,Male,23-09-1979,Salzburg,Austria,Self Employed,Premium,6430.55,18-01-2019
C01190,Marco,Lee,Male,13-11-1998,Salzburg,Austria,Student,SME,4665.28,01-03-2019
C01191,Olivia,Lopez,Female,03-10-1999,Milan,Italy,Self Employed,Retail,4164.04,18-10-2025
C01192,Leo,Ramirez,Male,15-04-1975,Gothenburg,Sweden,Student,Premium,19131.45,02-02-2020
C01193,Mia,Williams,Female,21-07-1997,Stockholm,Sweden,Student,Premium,18493.19,25-02-2022
C01194,Freya,Anderson,Female,18-06-1975,Naples,Italy,Retired,Retail,3296.94,08-07-2021
C01195,Arthur,Harris,Male,24-04-1998,Paris,France,Student,Retail,8171.06,09-12-2024
C01196,Isabella,Lee,Female,14-10-1991,Frankfurt,Germany,Freelancer,Retail,4812.36,29-08-2019
C01197,Sophia,Garcia,Female,03-06-2003,Salzburg,Austria,Student,Wealth,12508.17,24-11-2025
C01198,Elena,Johnson,Female,22-04-1985,Salzburg,Austria,Self Employed,Retail,6181.58,20-01-2024
C01199,Alexander,Perez,Male,20-01-1980,Nice,France,Retired,Retail,9896.72,22-08-2022
C01200,Sophia,Martinez,Female,20-04-1972,Innsbruck,Austria,Student,Corporate,16803.09,11-04-2022
C01201,Camille,Gonzalez,Female,06-06-1968,Cork,Ireland,Salaried,Retail,3467.26,26-01-2020
C01202,Hannah,Brown,Female,08-04-1985,Berlin,Germany,Salaried,Retail,6433.18,18-10-2024
C01203,Marco,Thompson,Male,22-01-1995,Lisbon,Portugal,Retired,Retail,5684.96,26-04-2024
C01204,Ethan,Thomas,Male,07-03-1964,Salzburg,Austria,Retired,Premium,9918.02,13-03-2022
C01205,Oliver,Lewis,Male,23-08-1971,Rome,Italy,Retired,SME,13034.25,08-06-2018
C01206,Sofia,Anderson,Female,10-05-1967,Galway,Ireland,Self Employed,Retail,8427.85,07-10-2024
C01207,Louis,Miller,Male,15-06-1999,Salzburg,Austria,Business Owner,SME,8337.52,05-10-2020
C01208,Liam,Johnson,Male,27-04-1969,Wrocław,Poland,Retired,Retail,4914.13,08-01-2019
C01209,Sophia,Smith,Female,19-10-1993,Dublin,Ireland,Business Owner,Premium,10827.96,09-07-2019
C01210,Louis,Jackson,Male,21-05-1972,Antwerp,Belgium,Business Owner,Retail,5173.37,17-04-2024
C01211,Noah,Thomas,Male,10-07-1999,Braga,Portugal,Self Employed,Retail,8079.03,01-01-2019
C01212,Alexander,Williams,Male,19-12-1997,Amsterdam,Netherlands,Business Owner,Retail,9209.22,26-04-2022
C01213,Arthur,Moore,Male,02-09-1982,Milan,Italy,Retired,SME,10523.32,27-02-2022
C01214,Marco,Martinez,Male,15-02-1973,Bologna,Italy,Salaried,SME,4668.09,12-04-2022
C01215,Mateo,Moore,Male,10-02-2004,Hamburg,Germany,Student,Retail,2250.0,24-07-2020
C01216,Freya,Sanchez,Female,05-01-1985,Dublin,Ireland,Self Employed,Retail,2685.01,30-04-2025
C01217,Amelia,Smith,Female,01-12-1986,Bordeaux,France,Business Owner,Retail,4939.9,24-09-2024
C01218,James,Hernandez,Male,13-12-2000,Rome,Italy,Freelancer,Retail,7385.77,14-04-2019
C01219,Emma,Hernandez,Female,03-08-1970,Limerick,Ireland,Retired,Retail,2691.78,19-03-2021
C01220,Clara,White,Female,04-05-1996,Limerick,Ireland,Self Employed,Corporate,5113.55,05-06-2019
C01221,James,Gonzalez,Male,16-08-1962,Wrocław,Poland,Student,Retail,2250.0,25-11-2024
C01222,Oliver,Miller,Male,05-12-1988,Bilbao,Spain,Freelancer,Retail,11745.25,26-07-2021
C01223,Clara,Lee,Female,05-01-1996,Bilbao,Spain,Student,Retail,4633.44,20-09-2019
C01224,Sofia,Taylor,Female,08-02-1992,Amsterdam,Netherlands,Salaried,Retail,2379.53,03-10-2020
C01225,Amelia,Perez,Female,18-05-1993,Bruges,Belgium,Retired,Retail,5902.47,29-12-2023
C01226,Carlos,Ramirez,Male,06-12-1999,Rotterdam,Netherlands,Salaried,Premium,8356.21,11-04-2022
C01227,Leo,Jones,Male,27-01-1996,Vienna,Austria,Salaried,Retail,8602.11,11-04-2025
C01228,Camille,Jackson,Female,13-11-1996,Bordeaux,France,Retired,Retail,6747.58,21-10-2020
C01229,Noah,Robinson,Male,16-08-2000,Innsbruck,Austria,Business Owner,SME,3821.55,22-02-2025
C01230,Oliver,Johnson,Male,06-05-1984,Gothenburg,Sweden,Student,Retail,2969.02,28-05-2019
C01231,Camille,Jones,Female,14-07-1973,Vienna,Austria,Business Owner,SME,7233.92,28-08-2021
C01232,Amelia,Lee,Female,17-12-1968,Berlin,Germany,Student,Retail,3975.38,24-02-2024
C01233,Emma,Thomas,Female,10-11-1983,Graz,Austria,Salaried,Retail,6790.44,27-03-2020
C01234,Hans,Robinson,Male,06-09-1981,Utrecht,Netherlands,Student,Premium,20570.52,13-05-2024
C01235,Julian,Johnson,Male,22-12-1977,Florence,Italy,Student,Premium,5784.12,20-07-2021
C01236,Noah,Thompson,Male,05-12-1975,Bologna,Italy,Freelancer,Corporate,11780.34,02-02-2019
C01237,Sofia,Jones,Female,01-01-1965,Madrid,Spain,Self Employed,SME,13041.92,09-09-2019
C01238,Emma,Garcia,Female,12-02-1979,Toulouse,France,Salaried,Premium,9224.35,20-04-2024
C01239,Sofia,Johnson,Female,14-03-1969,Bordeaux,France,Freelancer,Retail,10653.76,25-02-2021
C01240,Hans,Martinez,Male,05-11-1967,Hamburg,Germany,Retired,SME,15290.25,19-09-2025
C01241,Carlos,Sanchez,Male,19-10-1988,Amsterdam,Netherlands,Business Owner,Retail,14627.67,10-10-2018
C01242,Olivia,Anderson,Female,10-10-1968,Madrid,Spain,Retired,Premium,4557.35,20-07-2023
C01243,Julian,Garcia,Male,14-10-1999,Wrocław,Poland,Student,Wealth,13994.28,28-07-2021
C01244,Carlos,Jackson,Male,08-11-1963,Malmö,Sweden,Business Owner,Premium,8062.1,08-03-2024
C01245,Olivia,Clark,Female,01-10-1968,Lyon,France,Student,Corporate,5848.59,28-05-2018
C01246,Freya,Brown,Female,11-07-2004,Rome,Italy,Self Employed,Retail,35909.34,19-11-2021
C01247,Olivia,Thomas,Female,16-04-1995,Salzburg,Austria,Retired,Retail,2706.16,10-04-2019
C01248,Julian,Sanchez,Male,08-02-1968,Innsbruck,Austria,Salaried,Retail,4801.88,09-02-2018
C01249,Julian,Davis,Male,03-10-1981,Bilbao,Spain,Retired,Retail,13946.73,15-05-2019
C01250,Olivia,Sanchez,Female,24-04-1968,The Hague,Netherlands,Freelancer,SME,3150.0,12-08-2020
C01251,Sophia,Wilson,Female,03-12-1963,Utrecht,Netherlands,Retired,Retail,6403.41,02-12-2025
C01252,Ethan,Sanchez,Male,24-05-1990,Ghent,Belgium,Freelancer,Premium,6799.04,23-05-2019
C01253,Freya,White,Female,28-03-1972,Faro,Portugal,Self Employed,Retail,7563.56,14-10-2022
C01254,Marco,Gonzalez,Male,08-12-1982,Nice,France,Student,Retail,2250.0,10-11-2021
C01255,Mia,Brown,Female,03-07-1999,Utrecht,Netherlands,Retired,Premium,19626.12,20-01-2022
C01256,Sofia,Jackson,Female,19-02-2003,Rome,Italy,Student,Retail,9913.14,14-05-2021
C01257,Elena,Jones,Female,24-09-1980,Madrid,Spain,Student,Retail,6026.66,21-08-2021
C01258,Mia,Clark,Female,15-08-1989,Malmö,Sweden,Student,Retail,7968.37,02-02-2025
C01259,Clara,Miller,Female,01-06-1985,Antwerp,Belgium,Student,Retail,5335.36,11-10-2019
C01260,Clara,Johnson,Female,08-05-1995,Limerick,Ireland,Freelancer,Retail,6762.94,02-09-2018
C01261,Julian,Garcia,Male,11-02-1966,Hamburg,Germany,Student,Premium,11206.56,03-07-2023
C01262,Ethan,Williams,Male,06-11-1979,Stockholm,Sweden,Retired,Retail,3461.98,28-02-2021
C01263,Olivia,Rodriguez,Female,28-12-1983,Limerick,Ireland,Student,Retail,6217.06,05-10-2020
C01264,Ava,Harris,Female,08-12-1980,Wrocław,Poland,Retired,SME,21847.83,27-10-2021
C01265,Alexander,Garcia,Male,07-12-1981,Graz,Austria,Self Employed,SME,16713.42,25-06-2023
C01266,Camille,Lopez,Female,11-01-1990,Hamburg,Germany,Salaried,Retail,6278.73,16-01-2023
C01267,Elena,Garcia,Female,23-05-1972,Toulouse,France,Retired,Retail,2882.27,22-08-2019
C01268,Mateo,Davis,Male,11-08-1980,Bologna,Italy,Business Owner,Premium,12095.28,06-09-2018
C01269,Hannah,Jackson,Female,10-09-1993,Berlin,Germany,Business Owner,Retail,3741.21,16-04-2020
C01270,Emma,Jones,Female,01-01-1978,Braga,Portugal,Freelancer,Premium,13022.97,14-04-2022
C01271,Olivia,Sanchez,Female,15-10-1970,Limerick,Ireland,Business Owner,Corporate,7309.67,30-10-2019
C01272,Freya,Lee,Female,01-06-1968,Marseille,France,Freelancer,Retail,12009.67,17-03-2022
C01273,Chloe,Gonzalez,Female,14-11-1961,Braga,Portugal,Business Owner,Premium,8598.9,05-05-2024
C01274,Arthur,Garcia,Male,02-09-1962,Innsbruck,Austria,Self Employed,Premium,14858.08,23-02-2019
C01275,Emma,Lewis,Female,08-12-1970,Porto,Portugal,Salaried,Retail,4505.15,11-07-2023
C01276,Mateo,Williams,Male,17-01-1994,Bruges,Belgium,Student,Retail,13535.32,14-10-2019
C01277,James,Smith,Male,08-04-1976,Brussels,Belgium,Self Employed,Retail,8633.4,10-08-2020
C01278,Ava,Robinson,Female,11-09-1968,Warsaw,Poland,Student,Retail,11503.54,07-04-2018
C01279,Olivia,Thompson,Female,02-02-1995,Madrid,Spain,Retired,Retail,5462.14,04-11-2019
C01280,Sofia,Jackson,Female,18-03-1973,Stockholm,Sweden,Retired,Retail,7610.99,10-05-2022
C01281,Hannah,Martinez,Female,09-10-1972,Gothenburg,Sweden,Salaried,Retail,4435.35,30-12-2022
C01282,Alexander,Thompson,Male,17-11-2001,Paris,France,Self Employed,Corporate,8886.59,24-05-2024
C01283,Clara,Sanchez,Female,07-11-2004,Innsbruck,Austria,Self Employed,SME,12378.91,25-09-2023
C01284,Clara,Thomas,Female,07-01-1979,Rotterdam,Netherlands,Student,SME,11882.99,20-05-2022
C01285,Louis,Jones,Male,16-08-1970,Warsaw,Poland,Salaried,Premium,15591.02,11-12-2024
C01286,Noah,Jones,Male,01-05-1960,Ghent,Belgium,Business Owner,Retail,4268.06,31-05-2020
C01287,Marco,Rodriguez,Male,12-12-1987,Bordeaux,France,Business Owner,Retail,5106.84,04-08-2019
C01288,Leo,Anderson,Male,04-04-1989,Amsterdam,Netherlands,Salaried,SME,15975.36,07-04-2019
C01289,Charlotte,Davis,Female,28-08-1975,Gothenburg,Sweden,Salaried,SME,9971.32,15-03-2026
C01290,Ava,Martin,Female,13-02-1973,Valencia,Spain,Self Employed,Premium,4118.27,24-02-2018
C01291,Camille,Johnson,Female,03-11-1962,Faro,Portugal,Self Employed,Wealth,21495.55,19-08-2020
C01292,Julian,Garcia,Male,02-11-1960,Brussels,Belgium,Freelancer,SME,13560.1,13-07-2018
C01293,Louis,Thomas,Male,20-02-1983,Marseille,France,Business Owner,Retail,10747.68,03-03-2025
C01294,Chloe,Williams,Female,19-03-1986,Cologne,Germany,Freelancer,Retail,5276.19,31-01-2024
C01295,Sofia,Clark,Female,03-07-1983,The Hague,Netherlands,Retired,Premium,17152.52,18-08-2025
C01296,Arthur,Martinez,Male,17-06-1962,Braga,Portugal,Self Employed,SME,5154.73,10-10-2025
C01297,Mia,Wilson,Female,04-07-1965,Brussels,Belgium,Retired,Wealth,18087.8,15-06-2025
C01298,Emma,Moore,Female,23-11-1974,Malmö,Sweden,Retired,Corporate,11983.61,14-05-2025
C01299,Noah,Miller,Male,12-10-1974,Salzburg,Austria,Retired,Corporate,5883.64,18-03-2019
C01300,Oliver,Taylor,Male,23-02-1969,Rotterdam,Netherlands,Self Employed,Wealth,11008.44,07-04-2018
C01301,Olivia,Martin,Female,04-05-1961,Malmö,Sweden,Salaried,Retail,14552.9,25-09-2022
C01302,Mia,Ramirez,Female,01-07-2002,Bruges,Belgium,Retired,Premium,7316.39,12-08-2024
C01303,Arthur,Moore,Male,19-10-2000,Rotterdam,Netherlands,Business Owner,Retail,5483.67,09-11-2025
C01304,Leo,Davis,Male,25-09-1984,Warsaw,Poland,Student,Retail,8835.48,08-06-2018
C01305,Amelia,Harris,Female,09-08-1965,Braga,Portugal,Salaried,Retail,4663.86,15-08-2021
C01306,Marco,Perez,Male,28-12-1995,Ghent,Belgium,Retired,Retail,6226.24,26-12-2022
C01307,Sophia,Rodriguez,Female,15-03-1992,Warsaw,Poland,Retired,Retail,7531.72,27-04-2019
C01308,James,Miller,Male,15-03-1991,Galway,Ireland,Freelancer,Retail,3531.95,27-09-2019
C01309,Olivia,Sanchez,Female,16-08-1972,Nice,France,Salaried,Retail,3647.31,23-05-2021
C01310,Liam,Perez,Male,28-06-1974,Porto,Portugal,Self Employed,Premium,15191.31,25-07-2019
C01311,Freya,Robinson,Female,01-10-1998,Utrecht,Netherlands,Freelancer,Retail,3641.51,05-02-2024
C01312,Amelia,Thomas,Female,02-08-1986,Vienna,Austria,Freelancer,Retail,6072.48,04-01-2022
C01313,Ava,Garcia,Female,08-09-1985,Malmö,Sweden,Freelancer,SME,3685.06,15-02-2024
C01314,Marco,Robinson,Male,16-05-1995,Stuttgart,Germany,Self Employed,Retail,7738.16,09-04-2020
C01315,James,Johnson,Male,24-03-1979,Malmö,Sweden,Business Owner,Premium,13522.7,16-07-2019
C01316,Marco,Lopez,Male,26-08-1975,The Hague,Netherlands,Student,Retail,7440.06,15-03-2024
C01317,Lucas,Miller,Male,22-03-1964,Stockholm,Sweden,Retired,Retail,5913.82,06-11-2019
C01318,Charlotte,Rodriguez,Female,27-07-2000,Lyon,France,Salaried,Premium,6968.0,28-02-2020
C01319,Ethan,Martin,Male,20-08-1985,Ghent,Belgium,Self Employed,SME,5269.92,19-09-2024
C01320,Arthur,Lewis,Male,25-08-1978,Wrocław,Poland,Freelancer,Retail,6500.37,13-06-2018
C01321,Clara,Anderson,Female,09-07-1977,Frankfurt,Germany,Retired,Retail,3710.77,21-06-2023
C01322,James,Brown,Male,23-10-2004,Turin,Italy,Student,Premium,15287.62,12-10-2021
C01323,Camille,Johnson,Female,11-08-2004,Amsterdam,Netherlands,Business Owner,Retail,6217.63,31-08-2024
C01324,Hannah,Moore,Female,11-06-1974,Barcelona,Spain,Retired,SME,8519.0,01-08-2025
C01325,Ava,Garcia,Female,20-05-1977,Milan,Italy,Self Employed,Retail,10571.88,15-09-2025
C01326,Arthur,Smith,Male,11-09-1994,Malmö,Sweden,Self Employed,Retail,5139.01,15-09-2024
C01327,Amelia,Taylor,Female,26-11-1971,Utrecht,Netherlands,Retired,Retail,3472.18,30-10-2021
C01328,Olivia,Williams,Female,03-10-1976,Warsaw,Poland,Retired,Retail,11594.59,13-05-2024
C01329,Hannah,Davis,Female,02-05-1972,Cork,Ireland,Student,Wealth,21023.58,06-07-2021
C01330,Camille,Anderson,Female,04-03-1968,Warsaw,Poland,Self Employed,Retail,8701.68,28-01-2019
C01331,Chloe,Jackson,Female,22-01-1973,Madrid,Spain,Student,Premium,4952.16,12-09-2020
C01332,Ethan,Wilson,Male,20-10-1974,Stuttgart,Germany,Salaried,Premium,6086.34,17-03-2024
C01333,Noah,White,Male,06-04-1980,Kraków,Poland,Salaried,SME,11377.71,28-05-2024
C01334,Marco,Lewis,Male,04-08-1977,Graz,Austria,Self Employed,Retail,8402.57,21-06-2020
C01335,Mia,Davis,Female,08-01-1966,Limerick,Ireland,Self Employed,Premium,6413.62,09-08-2020
C01336,Clara,Brown,Female,23-07-1965,Florence,Italy,Business Owner,Retail,2359.79,26-03-2018
C01337,Mia,Davis,Female,13-10-1992,Ghent,Belgium,Self Employed,SME,9088.66,13-07-2022
C01338,Olivia,Davis,Female,12-06-1973,Lyon,France,Salaried,Retail,3959.14,12-09-2025
C01339,Camille,Wilson,Female,23-11-1975,Innsbruck,Austria,Freelancer,Retail,6145.87,30-12-2022
C01340,Carlos,Miller,Male,09-07-1965,Galway,Ireland,Salaried,Retail,4225.28,12-04-2022
C01341,Charlotte,Lewis,Female,03-04-1963,Ghent,Belgium,Salaried,Premium,4309.04,22-11-2023
C01342,Sophia,Williams,Female,10-03-1988,Brussels,Belgium,Business Owner,Retail,3460.1,14-11-2019
C01343,Mateo,Jackson,Male,28-04-1964,Amsterdam,Netherlands,Salaried,Retail,12064.85,11-03-2020
C01344,Amelia,Johnson,Female,25-02-1964,Cork,Ireland,Freelancer,Retail,7962.52,03-01-2020
C01345,Hans,Wilson,Male,08-03-1994,Munich,Germany,Retired,Corporate,9972.68,29-08-2023
C01346,Ava,Miller,Female,06-03-1985,Malmö,Sweden,Retired,Retail,3804.01,17-02-2021
C01347,Hans,Martin,Male,06-08-1975,Madrid,Spain,Student,Premium,12658.63,11-07-2019
C01348,Amelia,Garcia,Female,17-08-1978,Madrid,Spain,Freelancer,Corporate,16047.4,30-10-2023
C01349,Alexander,Lopez,Male,23-10-1998,Turin,Italy,Retired,SME,6870.23,09-08-2023
C01350,Ava,Anderson,Female,03-04-1962,Florence,Italy,Student,Premium,8329.51,11-05-2021
C01351,Camille,Miller,Female,16-06-1961,Seville,Spain,Retired,Retail,2462.67,27-07-2019
C01352,Sofia,Lopez,Female,05-04-1985,Gdańsk,Poland,Freelancer,Retail,3494.4,21-03-2023
C01353,Isabella,Miller,Female,05-08-1973,Cologne,Germany,Salaried,Retail,4510.27,16-09-2024
C01354,Ethan,Jones,Male,18-09-1982,Gdańsk,Poland,Salaried,Retail,5367.09,19-02-2019
C01355,Emma,Thompson,Female,02-05-1995,Gdańsk,Poland,Business Owner,Retail,3177.17,15-11-2024
C01356,Chloe,Johnson,Female,11-10-1982,Marseille,France,Student,Retail,2300.07,07-10-2023
C01357,Lucas,Jones,Male,24-09-2002,Porto,Portugal,Self Employed,Corporate,6943.46,15-03-2020
C01358,Olivia,Ramirez,Female,09-07-1999,Malmö,Sweden,Retired,Retail,2974.72,04-03-2020
C01359,Amelia,Anderson,Female,18-07-1969,Paris,France,Salaried,Premium,14080.51,24-11-2018
C01360,Charlotte,Garcia,Female,24-10-1981,The Hague,Netherlands,Retired,Wealth,9892.18,30-09-2019
C01361,Clara,Hernandez,Female,09-11-1993,Faro,Portugal,Student,SME,10964.03,19-01-2021
C01362,Noah,Lewis,Male,16-05-1992,Lisbon,Portugal,Retired,Wealth,25663.27,04-07-2020
C01363,Isabella,Martin,Female,05-08-1975,Galway,Ireland,Retired,SME,11286.08,18-09-2021
C01364,Ava,Sanchez,Female,06-04-1965,Stuttgart,Germany,Student,Premium,4924.66,06-05-2018
C01365,Arthur,Lee,Male,10-02-1983,Stuttgart,Germany,Student,Retail,11180.4,28-10-2022
C01366,Julian,Lewis,Male,20-04-1978,Faro,Portugal,Salaried,SME,5270.06,03-12-2018
C01367,Liam,Jackson,Male,18-03-1960,Wrocław,Poland,Student,Retail,13813.03,29-12-2019
C01368,Leo,Ramirez,Male,27-05-1968,Dublin,Ireland,Salaried,Retail,15201.54,08-11-2019
C01369,Sophia,Williams,Female,02-02-1981,Stockholm,Sweden,Retired,Wealth,30235.99,25-11-2023
C01370,Alexander,Ramirez,Male,05-05-1999,Faro,Portugal,Student,Retail,6331.8,20-10-2024
C01371,Elena,Thomas,Female,02-05-2004,Vienna,Austria,Retired,Retail,4610.7,09-06-2021
C01372,Freya,Miller,Female,27-12-2001,Rome,Italy,Self Employed,Retail,8075.92,12-09-2020
C01373,Julian,Thomas,Male,05-12-1969,Milan,Italy,Freelancer,Retail,4065.89,27-05-2023
C01374,Freya,Anderson,Female,21-02-1986,Marseille,France,Freelancer,Premium,18109.67,19-05-2018
C01375,Isabella,Smith,Female,07-07-1970,Rotterdam,Netherlands,Freelancer,Retail,8842.11,17-06-2022
C01376,Louis,Wilson,Male,27-03-1988,Milan,Italy,Salaried,Retail,11852.33,04-11-2019
C01377,Camille,Ramirez,Female,16-02-1986,Ghent,Belgium,Business Owner,SME,6578.06,08-04-2020
C01378,Sophia,Davis,Female,25-01-1986,Marseille,France,Salaried,Retail,4527.71,05-03-2019
C01379,Mia,Wilson,Female,07-04-1992,Turin,Italy,Retired,Retail,18296.6,20-05-2022
C01380,Chloe,Davis,Female,20-10-1997,Amsterdam,Netherlands,Retired,Retail,14256.45,13-02-2023
C01381,Hannah,Robinson,Female,01-06-1978,Warsaw,Poland,Retired,Retail,9836.19,31-05-2024
C01382,Chloe,Jones,Female,08-10-1980,Gdańsk,Poland,Student,Retail,3217.6,22-12-2020
C01383,Hans,Jackson,Male,02-04-1993,Stuttgart,Germany,Salaried,Retail,8238.63,25-01-2021
C01384,Hannah,Smith,Female,01-07-1994,Hamburg,Germany,Retired,Retail,6690.18,24-05-2020
C01385,Alexander,Johnson,Male,10-09-2002,Stockholm,Sweden,Salaried,Corporate,8305.5,07-09-2025
C01386,James,Thomas,Male,21-06-1965,Porto,Portugal,Freelancer,Retail,5414.72,12-04-2021
C01387,Camille,Harris,Female,14-03-1986,Graz,Austria,Retired,Retail,3891.53,03-10-2025
C01388,Leo,Johnson,Male,03-02-2000,Cologne,Germany,Student,Wealth,59611.3,14-10-2021
C01389,Charlotte,Taylor,Female,15-09-1992,Cork,Ireland,Salaried,Retail,5282.09,17-12-2021
C01390,Alexander,Thomas,Male,18-04-1984,Naples,Italy,Student,SME,4770.06,30-01-2025
C01391,Arthur,Sanchez,Male,28-06-1961,Galway,Ireland,Self Employed,Retail,7246.13,18-02-2020
C01392,Camille,Clark,Female,25-08-2000,Amsterdam,Netherlands,Student,Premium,40160.84,12-08-2021
C01393,Olivia,Anderson,Female,02-01-1972,Hamburg,Germany,Student,Retail,2674.5,31-01-2018
C01394,Mateo,Davis,Male,05-02-1989,Vienna,Austria,Student,SME,9490.67,18-07-2023
C01395,Oliver,Moore,Male,25-12-1995,Utrecht,Netherlands,Business Owner,Retail,6246.79,09-01-2024
C01396,Clara,Smith,Female,28-01-1978,Brussels,Belgium,Salaried,Retail,2250.0,03-08-2023
C01397,Louis,White,Male,01-07-1979,Bruges,Belgium,Business Owner,Retail,4312.67,10-04-2019
C01398,Alexander,Miller,Male,11-06-1976,Dublin,Ireland,Salaried,SME,5293.68,06-02-2021
C01399,Ava,Lopez,Female,28-09-1995,Braga,Portugal,Salaried,Retail,11940.27,12-07-2022
C01400,Lucas,Davis,Male,03-07-1979,Nice,France,Salaried,Premium,7909.99,08-05-2023
C01401,Marco,Williams,Male,13-06-1990,Faro,Portugal,Business Owner,Retail,3211.14,21-11-2019
C01402,James,Thomas,Male,23-10-2001,Gdańsk,Poland,Freelancer,SME,8778.08,27-08-2025
C01403,Sofia,Martinez,Female,01-07-1975,Malmö,Sweden,Retired,Premium,22966.29,01-09-2020
C01404,Ava,Thompson,Female,20-04-1987,Faro,Portugal,Retired,Premium,5384.54,13-08-2022
C01405,Amelia,Ramirez,Female,08-05-1978,Gothenburg,Sweden,Retired,Premium,5542.19,23-02-2020
C01406,Julian,White,Male,19-03-2004,Stockholm,Sweden,Freelancer,Retail,6431.47,14-06-2018
C01407,Julian,Smith,Male,02-12-1975,Graz,Austria,Retired,Corporate,14864.63,12-01-2018
C01408,Amelia,Anderson,Female,01-12-1967,Berlin,Germany,Business Owner,Retail,4218.59,11-08-2022
C01409,Clara,Jones,Female,22-09-2002,Innsbruck,Austria,Business Owner,Retail,16317.43,10-02-2020
C01410,Carlos,Thompson,Male,09-08-1991,Stockholm,Sweden,Freelancer,Retail,3660.12,23-02-2023
C01411,Alexander,Garcia,Male,14-04-1978,Utrecht,Netherlands,Student,Retail,4178.79,10-12-2023
C01412,Clara,Ramirez,Female,12-08-1997,Ghent,Belgium,Student,Retail,3993.6,09-01-2021
C01413,Ethan,Lee,Male,15-04-1990,Stockholm,Sweden,Salaried,SME,7611.51,01-01-2021
C01414,Mateo,Thompson,Male,23-05-1993,Graz,Austria,Salaried,Retail,11208.02,12-05-2024
C01415,Marco,Smith,Male,09-05-1975,Amsterdam,Netherlands,Freelancer,SME,16121.65,29-07-2023
C01416,Carlos,Lee,Male,01-03-1960,Salzburg,Austria,Student,Retail,8258.92,03-03-2020
C01417,Oliver,Gonzalez,Male,10-12-1966,Faro,Portugal,Freelancer,Premium,7883.19,05-07-2022
C01418,Hans,Thompson,Male,12-10-1996,Naples,Italy,Business Owner,Retail,5350.43,01-01-2022
C01419,Ethan,Taylor,Male,11-09-1975,Limerick,Ireland,Retired,Retail,4763.82,16-07-2019
C01420,Emma,Martinez,Female,07-01-1986,Nice,France,Freelancer,Retail,6274.48,10-07-2019
C01421,Alexander,Harris,Male,12-04-1973,Warsaw,Poland,Business Owner,Retail,18817.29,27-08-2020
C01422,Lucas,Thompson,Male,26-02-1967,Graz,Austria,Student,Retail,7973.03,23-09-2025
C01423,Chloe,Moore,Female,22-03-1994,Marseille,France,Salaried,Corporate,4950.0,30-12-2018
C01424,Julian,Sanchez,Male,19-04-1997,Valencia,Spain,Salaried,Retail,4975.74,04-02-2019
C01425,Noah,Sanchez,Male,09-11-1961,Salzburg,Austria,Self Employed,Retail,8226.42,20-03-2020
C01426,Sofia,Williams,Female,02-08-1978,Turin,Italy,Freelancer,Premium,7380.82,12-05-2021
C01427,Julian,Lewis,Male,03-12-1969,Lyon,France,Retired,SME,4615.61,19-12-2019
C01428,Ethan,White,Male,25-02-1966,Warsaw,Poland,Business Owner,Retail,2778.18,02-01-2026
C01429,Hans,Johnson,Male,17-11-1995,Malmö,Sweden,Student,SME,11933.68,07-10-2022
C01430,Leo,Robinson,Male,09-08-1999,Vienna,Austria,Student,Retail,21526.33,25-04-2021
C01431,Marco,Lopez,Male,03-08-1994,Cologne,Germany,Freelancer,SME,3150.0,08-11-2025
C01432,Hans,Johnson,Male,16-09-1967,Cork,Ireland,Retired,Retail,9036.59,07-01-2020
C01433,Oliver,Gonzalez,Male,08-03-1974,Turin,Italy,Retired,SME,7900.22,12-03-2024
C01434,Ethan,Anderson,Male,18-09-1981,Marseille,France,Student,Retail,3355.5,03-07-2023
C01435,Julian,Johnson,Male,23-04-1968,Bologna,Italy,Freelancer,Premium,10414.12,11-08-2021
C01436,Ethan,Lopez,Male,09-11-1970,Rotterdam,Netherlands,Freelancer,Wealth,14160.16,05-05-2018
C01437,Ava,Lee,Female,25-03-1980,Kraków,Poland,Salaried,Corporate,14004.57,04-12-2022
C01438,Elena,Thompson,Female,02-06-2001,Dublin,Ireland,Business Owner,Corporate,22021.26,02-04-2022
C01439,Olivia,Moore,Female,10-11-1992,Stockholm,Sweden,Business Owner,Corporate,9506.8,05-07-2023
C01440,Camille,Harris,Female,06-03-1964,Innsbruck,Austria,Student,SME,4574.19,15-06-2018
C01441,Noah,Jones,Male,01-08-1987,Salzburg,Austria,Business Owner,Retail,9927.88,13-02-2026
C01442,Ethan,Davis,Male,05-09-1977,Salzburg,Austria,Business Owner,Retail,5977.51,22-02-2022
C01443,Elena,Brown,Female,27-05-1983,Cork,Ireland,Salaried,Retail,7230.39,24-07-2022
C01444,Marco,Thomas,Male,20-07-1975,Stuttgart,Germany,Self Employed,SME,8940.87,22-09-2018
C01445,Louis,Harris,Male,04-01-1977,Madrid,Spain,Business Owner,SME,4720.7,06-01-2025
C01446,Chloe,Ramirez,Female,18-03-2001,Antwerp,Belgium,Freelancer,SME,7579.81,08-02-2020
C01447,Camille,Miller,Female,13-02-2001,Faro,Portugal,Student,Retail,9000.68,03-05-2021
C01448,Clara,White,Female,14-04-1961,Toulouse,France,Salaried,Corporate,21557.49,08-03-2023
C01449,Arthur,Davis,Male,21-05-1984,Cologne,Germany,Self Employed,Retail,3193.44,10-07-2022
C01450,Ethan,Lopez,Male,11-06-2003,Malmö,Sweden,Student,Retail,3837.45,26-03-2022
C01451,Hans,Rodriguez,Male,28-05-1986,Toulouse,France,Freelancer,Retail,8131.72,23-03-2019
C01452,Leo,Perez,Male,23-09-1975,Innsbruck,Austria,Business Owner,Retail,4562.01,14-09-2025
C01453,Charlotte,Rodriguez,Female,07-04-1978,Bologna,Italy,Retired,SME,3150.0,14-07-2021
C01454,Emma,Williams,Female,08-12-1985,Gothenburg,Sweden,Retired,SME,10632.71,26-03-2023
C01455,Mia,Lopez,Female,20-01-1994,Lyon,France,Self Employed,Wealth,12679.23,06-07-2019
C01456,Amelia,Thomas,Female,08-06-2001,Gdańsk,Poland,Business Owner,Retail,5047.86,14-05-2022
C01457,Leo,Taylor,Male,28-09-1989,Vienna,Austria,Self Employed,Retail,7963.28,04-05-2020
C01458,Carlos,Brown,Male,04-10-1961,Toulouse,France,Self Employed,Retail,4628.09,20-09-2025
C01459,Amelia,Thompson,Female,21-08-1981,Florence,Italy,Salaried,Premium,7293.69,18-12-2024
C01460,Elena,Perez,Female,20-06-1985,Wrocław,Poland,Salaried,Corporate,10043.91,18-01-2024
C01461,Carlos,Moore,Male,13-04-1974,Innsbruck,Austria,Self Employed,Retail,4749.41,09-02-2026
C01462,Hannah,Martinez,Female,20-10-1973,Bilbao,Spain,Salaried,Retail,2656.01,13-01-2019
C01463,Amelia,Martin,Female,24-12-1962,Berlin,Germany,Freelancer,SME,5165.09,29-03-2018
C01464,Mia,Sanchez,Female,13-08-1975,The Hague,Netherlands,Salaried,Retail,5642.93,22-06-2018
C01465,Sofia,Thompson,Female,07-09-1963,Lisbon,Portugal,Self Employed,Retail,4326.05,06-09-2025
C01466,Arthur,Lewis,Male,24-06-1964,Galway,Ireland,Student,Retail,3889.53,01-06-2024
C01467,Oliver,Miller,Male,28-11-1991,Faro,Portugal,Retired,Retail,11108.44,16-12-2020
C01468,Hannah,Lewis,Female,08-02-1962,Gothenburg,Sweden,Business Owner,Retail,7097.6,30-08-2020
C01469,Mateo,Williams,Male,24-09-2002,Lisbon,Portugal,Salaried,SME,5181.98,25-06-2025
C01470,Oliver,Gonzalez,Male,23-12-1988,Vienna,Austria,Business Owner,Retail,10252.05,16-03-2021
C01471,Hannah,Garcia,Female,23-01-1971,Valencia,Spain,Retired,Wealth,6750.0,03-06-2024
C01472,Lucas,Williams,Male,27-05-2002,The Hague,Netherlands,Retired,Premium,12744.17,25-04-2021
C01473,Oliver,Garcia,Male,19-06-1994,Berlin,Germany,Business Owner,Retail,9751.45,29-03-2018
C01474,Isabella,Brown,Female,20-10-1979,Stuttgart,Germany,Retired,Corporate,4950.0,12-04-2024
C01475,Camille,Jones,Female,23-10-1986,Rome,Italy,Student,Retail,5899.57,06-05-2018
C01476,Amelia,Jones,Female,07-12-1971,Limerick,Ireland,Freelancer,Retail,5665.62,26-09-2020
C01477,Freya,Miller,Female,18-11-1968,Toulouse,France,Business Owner,Corporate,7989.7,03-05-2018
C01478,Leo,Lee,Male,19-07-1969,Bilbao,Spain,Retired,Corporate,12779.94,16-04-2022
C01479,Emma,Martinez,Female,14-06-1984,Nice,France,Salaried,Premium,16577.56,15-07-2025
C01480,Alexander,Perez,Male,11-09-1972,Amsterdam,Netherlands,Self Employed,Premium,7450.7,03-08-2024
C01481,Elena,Robinson,Female,21-05-1992,Faro,Portugal,Retired,SME,3150.0,20-05-2022
C01482,Liam,Thomas,Male,04-01-1964,Cologne,Germany,Retired,SME,12773.55,03-10-2021
C01483,Ethan,Wilson,Male,13-02-1963,Rotterdam,Netherlands,Freelancer,Retail,6404.02,09-08-2021
C01484,Amelia,White,Female,25-07-1989,Braga,Portugal,Freelancer,Retail,6438.0,12-08-2019
C01485,Sofia,Smith,Female,21-04-1983,Cologne,Germany,Student,Retail,2250.0,27-10-2019
C01486,Isabella,Miller,Female,24-03-1988,Faro,Portugal,Salaried,Retail,15682.73,25-03-2024
C01487,Olivia,Smith,Female,21-12-1991,Cork,Ireland,Business Owner,SME,4598.32,07-01-2026
C01488,Carlos,Sanchez,Male,13-06-1972,Madrid,Spain,Freelancer,Retail,5789.26,21-02-2019
C01489,Sophia,Clark,Female,01-03-1998,Gdańsk,Poland,Self Employed,Retail,3495.15,31-03-2023
C01490,Elena,Lee,Female,12-10-1994,Stockholm,Sweden,Business Owner,Retail,3259.2,19-12-2020
C01491,Ethan,Wilson,Male,06-12-1963,The Hague,Netherlands,Salaried,SME,6374.65,02-11-2022
C01492,Julian,Hernandez,Male,08-01-1978,Amsterdam,Netherlands,Self Employed,Retail,15373.77,13-03-2023
C01493,Marco,Lee,Male,06-09-2002,Kraków,Poland,Salaried,SME,22732.44,17-01-2025
C01494,Clara,Hernandez,Female,14-09-1976,Brussels,Belgium,Self Employed,Retail,6515.4,11-10-2022
C01495,Mateo,Jackson,Male,04-04-1994,Salzburg,Austria,Business Owner,SME,3150.0,26-07-2020
C01496,Sofia,Thompson,Female,01-12-1988,Limerick,Ireland,Freelancer,Retail,8418.54,03-05-2019
C01497,Leo,Clark,Male,02-12-1990,Limerick,Ireland,Salaried,Retail,9500.58,04-02-2022
C01498,Elena,Anderson,Female,05-09-1984,Kraków,Poland,Freelancer,Retail,8186.12,15-10-2019
C01499,Amelia,Martinez,Female,28-11-1985,Marseille,France,Student,Premium,5000.65,21-05-2024
C01500,Julian,Jones,Male,21-09-1964,Braga,Portugal,Retired,Corporate,5528.36,16-08-2024
C01501,Hans,Sanchez,Male,08-05-2003,Innsbruck,Austria,Self Employed,Retail,6390.27,04-06-2018
C01502,Isabella,Garcia,Female,23-10-1962,Seville,Spain,Retired,Premium,13909.87,10-04-2021
C01503,Clara,Rodriguez,Female,11-10-1979,Seville,Spain,Business Owner,SME,9762.92,25-01-2023
C01504,Sophia,Thomas,Female,26-08-1992,Wrocław,Poland,Self Employed,Corporate,7035.47,18-01-2024
C01505,Mia,Martinez,Female,15-10-1961,Dublin,Ireland,Retired,Retail,13389.35,07-09-2019
C01506,Arthur,Ramirez,Male,17-07-1996,Valencia,Spain,Freelancer,Retail,2685.17,20-12-2023
C01507,James,Jones,Male,01-09-2003,Brussels,Belgium,Freelancer,Retail,2510.13,08-01-2021
C01508,Ethan,Martinez,Male,25-06-2002,The Hague,Netherlands,Salaried,Wealth,12348.82,19-07-2025
C01509,Amelia,Garcia,Female,18-05-1970,Rome,Italy,Retired,Retail,4232.54,03-06-2022
C01510,Chloe,Robinson,Female,27-06-1968,Malmö,Sweden,Student,SME,4525.55,29-06-2020
C01511,Ava,Thompson,Female,04-10-1994,Gdańsk,Poland,Self Employed,Retail,7125.29,07-11-2021
C01512,Elena,Martinez,Female,06-10-1970,Marseille,France,Salaried,Retail,10474.03,04-07-2020
C01513,Ava,Garcia,Female,23-09-1966,Braga,Portugal,Salaried,Retail,5457.26,03-11-2024
C01514,Carlos,Thompson,Male,10-11-1991,Malmö,Sweden,Freelancer,SME,5605.62,30-09-2023
C01515,Louis,Lewis,Male,16-02-1964,Porto,Portugal,Business Owner,Premium,6706.65,04-06-2018
C01516,Marco,Sanchez,Male,13-04-1983,Frankfurt,Germany,Salaried,Retail,4089.43,06-06-2020
C01517,Liam,Garcia,Male,07-10-1983,Stockholm,Sweden,Student,SME,6678.41,07-01-2023
C01518,Sophia,Brown,Female,20-01-1962,Naples,Italy,Salaried,Retail,16280.91,25-05-2018
C01519,James,Hernandez,Male,13-08-1971,Cork,Ireland,Student,Premium,11730.73,28-01-2018
C01520,Julian,Jones,Male,08-03-1983,Ghent,Belgium,Self Employed,SME,9232.57,17-09-2021
C01521,Amelia,Rodriguez,Female,02-07-1987,The Hague,Netherlands,Business Owner,Wealth,37850.64,08-05-2021
C01522,Mia,Garcia,Female,23-08-1968,Utrecht,Netherlands,Freelancer,Retail,3058.42,06-08-2024
C01523,Noah,Moore,Male,26-06-1983,Antwerp,Belgium,Salaried,Premium,11340.96,10-10-2025
C01524,Louis,Johnson,Male,05-01-1981,Vienna,Austria,Salaried,SME,4846.97,26-08-2020
C01525,Sofia,Hernandez,Female,26-02-2001,Frankfurt,Germany,Salaried,Retail,4448.46,08-11-2023
C01526,Mia,Jones,Female,14-11-2000,Faro,Portugal,Student,Premium,7132.34,30-07-2024
C01527,Mia,Anderson,Female,16-03-1991,Bologna,Italy,Freelancer,Wealth,8093.86,20-08-2022
C01528,Leo,Garcia,Male,12-03-1960,Valencia,Spain,Self Employed,SME,13493.39,08-12-2025
C01529,Elena,Martinez,Female,05-12-1966,Stockholm,Sweden,Retired,Retail,3302.21,15-01-2019
C01530,Oliver,Robinson,Male,01-12-1984,Stuttgart,Germany,Freelancer,SME,7990.93,14-03-2024
C01531,James,Gonzalez,Male,18-01-1982,Warsaw,Poland,Self Employed,Retail,5231.32,04-12-2021
C01532,Hannah,Thomas,Female,09-06-1989,Malmö,Sweden,Self Employed,Corporate,8601.28,28-05-2024
C01533,Arthur,Jones,Male,20-03-1980,Bologna,Italy,Freelancer,Retail,8002.8,23-02-2019
C01534,Mateo,Robinson,Male,28-09-1963,Toulouse,France,Student,Retail,5182.67,16-09-2025
C01535,Ethan,Jones,Male,26-08-1972,Nice,France,Business Owner,Premium,5395.0,15-01-2020
C01536,Emma,White,Female,19-10-1969,Frankfurt,Germany,Business Owner,SME,4893.77,16-05-2025
C01537,Elena,Taylor,Female,10-11-1964,Dublin,Ireland,Freelancer,Retail,5887.43,28-09-2020
C01538,Mia,Lee,Female,11-04-1994,Turin,Italy,Self Employed,Premium,7292.89,24-10-2019
C01539,Louis,Martinez,Male,01-04-1978,Turin,Italy,Self Employed,Premium,7358.14,05-01-2023
C01540,Amelia,Lewis,Female,01-08-1997,Antwerp,Belgium,Retired,Retail,3169.39,01-08-2023
C01541,Lucas,Harris,Male,23-08-1973,Cork,Ireland,Self Employed,SME,5249.61,04-09-2019
C01542,Julian,Perez,Male,05-02-2003,Braga,Portugal,Self Employed,Corporate,7653.71,04-06-2018
C01543,Ava,Sanchez,Female,16-09-1976,Faro,Portugal,Freelancer,Premium,10314.7,12-05-2020
C01544,Julian,White,Male,12-09-2002,Barcelona,Spain,Salaried,Retail,6850.45,13-02-2021
C01545,Hannah,Robinson,Female,21-07-1975,Rotterdam,Netherlands,Salaried,Retail,7717.2,21-11-2021
C01546,Amelia,Hernandez,Female,19-12-1973,Lyon,France,Freelancer,SME,3539.14,09-04-2018
C01547,Louis,Brown,Male,16-04-1979,Kraków,Poland,Salaried,Retail,11252.19,19-06-2024
C01548,Camille,Thomas,Female,07-02-1990,Lisbon,Portugal,Salaried,Premium,9951.07,06-02-2025
C01549,Hans,Johnson,Male,07-02-1969,Galway,Ireland,Salaried,Retail,11544.18,17-10-2024
C01550,Liam,Perez,Male,13-02-1967,Rome,Italy,Student,Retail,3609.37,12-07-2019
C01551,Leo,Brown,Male,17-12-2002,Warsaw,Poland,Business Owner,Corporate,20233.89,31-05-2024
C01552,Lucas,Smith,Male,11-07-1987,Braga,Portugal,Self Employed,Retail,8454.05,01-03-2021
C01553,Charlotte,Martin,Female,10-02-1966,Naples,Italy,Salaried,Retail,6057.18,19-06-2024
C01554,Freya,Davis,Female,20-03-1968,Porto,Portugal,Salaried,Retail,7376.42,07-05-2025
C01555,Mateo,Lopez,Male,22-12-1973,Nice,France,Salaried,Premium,5137.72,26-07-2020
C01556,Olivia,Hernandez,Female,09-03-1967,Gothenburg,Sweden,Business Owner,Retail,13763.81,18-06-2019
C01557,James,Martin,Male,03-05-1961,Porto,Portugal,Retired,SME,6903.63,20-07-2023
C01558,Sofia,Miller,Female,20-03-1963,Cork,Ireland,Retired,Premium,8209.14,02-04-2018
C01559,Chloe,Taylor,Female,05-03-1974,Porto,Portugal,Business Owner,SME,13207.62,12-10-2019
C01560,Sophia,Sanchez,Female,23-12-1974,Rotterdam,Netherlands,Retired,SME,3784.23,05-03-2025
C01561,Hannah,Harris,Female,26-07-1983,Gdańsk,Poland,Business Owner,Retail,2646.9,08-10-2022
C01562,Lucas,Miller,Male,16-05-1975,Warsaw,Poland,Salaried,SME,7467.03,08-10-2023
C01563,Emma,Williams,Female,01-04-1962,Toulouse,France,Student,SME,11323.23,05-02-2021
C01564,Elena,Ramirez,Female,14-03-1991,Galway,Ireland,Salaried,Retail,6030.76,30-08-2019
C01565,Mateo,Perez,Male,04-12-1961,Antwerp,Belgium,Student,Wealth,23762.5,30-01-2023
C01566,Sofia,Williams,Female,15-01-1975,Limerick,Ireland,Business Owner,Premium,15068.82,28-03-2020
C01567,Elena,Gonzalez,Female,23-02-1971,Wrocław,Poland,Student,Retail,2469.95,11-10-2022
C01568,Sophia,Thomas,Female,16-05-1998,Utrecht,Netherlands,Self Employed,Retail,2332.04,06-12-2022
C01569,Ethan,Martin,Male,14-07-1987,Stockholm,Sweden,Freelancer,SME,3150.0,30-04-2023
C01570,Julian,Taylor,Male,09-01-1962,Nice,France,Salaried,Retail,4994.52,23-04-2019
C01571,James,Robinson,Male,16-10-1988,Antwerp,Belgium,Retired,Premium,6196.09,11-03-2024
C01572,Marco,Lopez,Male,28-12-1996,The Hague,Netherlands,Business Owner,Premium,15383.03,07-12-2019
C01573,Charlotte,Jones,Female,20-10-1976,Utrecht,Netherlands,Student,Retail,8362.43,18-10-2024
C01574,Camille,Ramirez,Female,08-11-1991,Munich,Germany,Student,Premium,4972.87,05-10-2024
C01575,Charlotte,Lopez,Female,14-02-1978,Marseille,France,Self Employed,SME,5740.54,13-08-2020
C01576,Charlotte,Lopez,Female,06-07-1980,Limerick,Ireland,Retired,Retail,7988.28,17-05-2024
C01577,James,Martinez,Male,26-08-1999,Florence,Italy,Self Employed,Retail,3174.5,29-03-2023
C01578,Ethan,Lopez,Male,27-08-1992,Gothenburg,Sweden,Freelancer,SME,11132.76,18-06-2025
C01579,Isabella,Anderson,Female,21-11-2000,Florence,Italy,Freelancer,Retail,27749.58,14-11-2025
C01580,Freya,Moore,Female,20-09-1996,Limerick,Ireland,Freelancer,Retail,2725.99,13-09-2023
C01581,Olivia,Miller,Female,13-09-1964,Cork,Ireland,Business Owner,SME,6247.71,08-11-2023
C01582,Louis,Lewis,Male,15-10-1974,Lyon,France,Salaried,Wealth,6750.0,28-11-2020
C01583,Amelia,White,Female,16-07-1962,Cork,Ireland,Retired,Retail,13851.25,15-12-2018
C01584,Charlotte,Sanchez,Female,03-07-1998,Wrocław,Poland,Self Employed,Corporate,12419.01,23-09-2024
C01585,Mateo,Martinez,Male,05-09-1995,Berlin,Germany,Business Owner,Retail,9726.04,26-06-2018
C01586,Ava,Sanchez,Female,23-04-1982,Bruges,Belgium,Retired,Retail,6027.34,15-03-2025
C01587,Camille,Lewis,Female,10-08-1971,Galway,Ireland,Business Owner,Premium,19095.66,15-03-2019
C01588,Charlotte,White,Female,22-11-1997,Naples,Italy,Freelancer,Premium,4322.47,05-03-2025
C01589,Hans,Wilson,Male,13-07-1999,Dublin,Ireland,Salaried,Retail,5050.01,24-12-2022
C01590,Ava,Clark,Female,11-09-1969,Stuttgart,Germany,Retired,Retail,3133.94,18-02-2024
C01591,Julian,Martin,Male,19-09-1960,Warsaw,Poland,Retired,Wealth,23736.37,18-06-2018
C01592,Oliver,Jones,Male,13-05-1968,Wrocław,Poland,Salaried,Retail,4895.34,13-05-2021
C01593,Sophia,Martinez,Female,19-02-1973,Lisbon,Portugal,Salaried,SME,9067.23,10-08-2020
C01594,Mateo,Ramirez,Male,14-12-1990,Kraków,Poland,Student,SME,4346.11,23-09-2021
C01595,Elena,Hernandez,Female,09-06-1970,Braga,Portugal,Business Owner,Corporate,12097.98,17-04-2025
C01596,Olivia,Robinson,Female,10-12-1972,Utrecht,Netherlands,Freelancer,Retail,8805.26,07-06-2023
C01597,Julian,Harris,Male,23-03-1993,Malmö,Sweden,Student,Retail,6400.01,07-03-2023
C01598,Charlotte,Williams,Female,09-02-1969,Barcelona,Spain,Retired,Retail,3534.74,27-01-2020
C01599,Emma,Wilson,Female,09-07-2000,Gdańsk,Poland,Freelancer,Retail,7016.67,08-12-2024
C01600,Marco,Robinson,Male,17-05-1988,Brussels,Belgium,Salaried,Retail,3077.91,24-05-2019
C01601,Lucas,Wilson,Male,20-12-1968,Salzburg,Austria,Business Owner,Premium,9632.51,10-04-2019
C01602,Liam,Moore,Male,14-02-1990,Utrecht,Netherlands,Student,Premium,11635.05,11-07-2021
C01603,Mateo,Thompson,Male,21-12-1986,Wrocław,Poland,Student,Retail,5634.55,12-06-2023
C01604,Chloe,Harris,Female,20-01-1963,Stockholm,Sweden,Self Employed,Premium,14181.55,12-07-2018
C01605,Hannah,Jones,Female,22-07-1984,Faro,Portugal,Student,SME,21868.98,31-07-2023
C01606,Sophia,Garcia,Female,26-06-1963,Rome,Italy,Student,Retail,10016.29,24-10-2021
C01607,Carlos,Gonzalez,Male,15-10-1961,Graz,Austria,Student,Corporate,9331.58,20-06-2019
C01608,Isabella,Moore,Female,26-05-1983,Malmö,Sweden,Business Owner,Retail,4861.38,09-11-2025
C01609,Mateo,Johnson,Male,13-02-1963,Gothenburg,Sweden,Freelancer,Premium,11562.63,28-07-2025
C01610,Freya,Clark,Female,04-03-1970,Kraków,Poland,Business Owner,Retail,9045.4,02-07-2022
C01611,Lucas,Clark,Male,03-10-1980,Utrecht,Netherlands,Business Owner,Retail,3510.97,24-08-2023
C01612,Chloe,Martinez,Female,21-09-1994,Vienna,Austria,Retired,Retail,5262.71,08-06-2019
C01613,Amelia,Moore,Female,19-03-1965,Marseille,France,Student,Premium,21069.19,07-07-2019
C01614,Camille,Anderson,Female,21-03-1976,Barcelona,Spain,Self Employed,SME,8019.53,28-10-2022
C01615,Sophia,Smith,Female,24-10-2004,Paris,France,Business Owner,Retail,38536.34,07-10-2023
C01616,Clara,Smith,Female,04-03-1979,Innsbruck,Austria,Business Owner,Premium,12646.77,13-07-2018
C01617,Liam,Rodriguez,Male,09-07-2003,Paris,France,Salaried,Retail,3859.57,02-04-2019
C01618,Lucas,Lee,Male,23-03-1972,Wrocław,Poland,Student,Wealth,10712.19,01-12-2022
C01619,Carlos,Lee,Male,22-04-1973,Munich,Germany,Self Employed,Retail,9283.93,23-03-2024
C01620,Mateo,Brown,Male,06-11-1984,Porto,Portugal,Salaried,SME,13836.24,21-10-2024
C01621,Sofia,Perez,Female,09-01-1975,Berlin,Germany,Freelancer,Retail,6311.06,12-02-2024
C01622,Hans,Martinez,Male,20-05-1969,Galway,Ireland,Freelancer,SME,6295.03,11-02-2025
C01623,Charlotte,Garcia,Female,23-02-1992,Toulouse,France,Business Owner,SME,6912.41,07-12-2019
C01624,Mateo,Robinson,Male,22-05-1976,Cork,Ireland,Retired,Wealth,11201.09,21-01-2022
C01625,Louis,Lee,Male,20-10-1990,Bologna,Italy,Freelancer,Retail,8512.49,06-09-2024
C01626,Sophia,Smith,Female,15-09-1969,Bruges,Belgium,Retired,Wealth,16855.24,02-12-2023
C01627,Olivia,Harris,Female,20-12-1969,Florence,Italy,Student,Retail,6025.09,21-08-2025
C01628,Lucas,Thomas,Male,08-07-1976,Vienna,Austria,Business Owner,Retail,7984.69,26-06-2019
C01629,Oliver,Martin,Male,08-11-1995,Stockholm,Sweden,Salaried,Premium,6565.13,31-03-2025
C01630,Louis,Lopez,Male,13-01-1991,Lisbon,Portugal,Freelancer,SME,5563.16,25-06-2024
C01631,Julian,Thomas,Male,05-03-1973,Marseille,France,Retired,Retail,4572.62,30-01-2025
C01632,Chloe,Wilson,Female,26-09-2002,Rotterdam,Netherlands,Self Employed,Premium,12538.85,07-03-2022
C01633,Carlos,Rodriguez,Male,02-05-1965,Antwerp,Belgium,Freelancer,SME,4427.21,15-12-2018
C01634,Marco,Perez,Male,26-01-1992,Bilbao,Spain,Self Employed,Retail,4101.3,13-07-2021
C01635,Amelia,Thompson,Female,11-10-1986,Bilbao,Spain,Self Employed,SME,3150.0,15-01-2018
C01636,Freya,Brown,Female,24-06-1977,Bilbao,Spain,Student,Premium,9340.13,30-06-2025
C01637,Ethan,Taylor,Male,03-05-1987,Toulouse,France,Freelancer,Retail,10378.43,05-01-2019
C01638,Camille,Jackson,Female,26-01-1978,Madrid,Spain,Retired,Retail,4194.94,07-04-2023
C01639,James,Ramirez,Male,01-10-1993,Wrocław,Poland,Business Owner,Retail,5944.71,19-03-2024
C01640,Lucas,Garcia,Male,24-09-1984,Munich,Germany,Retired,Premium,11412.84,16-08-2020
C01641,Julian,Johnson,Male,18-09-1987,Ghent,Belgium,Business Owner,Retail,6391.62,06-05-2018
C01642,Liam,Hernandez,Male,06-07-1997,Berlin,Germany,Freelancer,Retail,11747.92,01-09-2024
C01643,Mateo,Lewis,Male,03-01-1968,Stockholm,Sweden,Student,Retail,2280.73,02-03-2018
C01644,Camille,Jones,Female,28-09-1965,Antwerp,Belgium,Business Owner,Retail,4788.06,22-09-2023
C01645,Mia,Garcia,Female,16-08-1967,Hamburg,Germany,Student,Retail,9985.48,02-10-2024
C01646,Emma,Rodriguez,Female,18-02-1964,Bruges,Belgium,Self Employed,Premium,20129.77,20-11-2022
C01647,Ethan,Wilson,Male,05-03-1971,Stockholm,Sweden,Freelancer,Premium,9530.86,18-12-2020
C01648,Sofia,Robinson,Female,04-03-1977,Dublin,Ireland,Student,SME,6307.85,03-09-2023
C01649,Ethan,Johnson,Male,05-10-1960,Gdańsk,Poland,Freelancer,Retail,11062.15,23-07-2018
C01650,Lucas,Martinez,Male,08-07-2000,Nice,France,Self Employed,SME,14642.84,12-07-2019
C01651,Leo,Lee,Male,17-03-1990,Nice,France,Salaried,Retail,6016.23,31-12-2018
C01652,Hans,Williams,Male,27-11-1993,Madrid,Spain,Self Employed,Retail,3585.17,16-09-2022
C01653,Leo,Miller,Male,26-09-1984,Kraków,Poland,Retired,Corporate,20889.74,03-03-2022
C01654,Arthur,Lee,Male,28-03-1999,Bologna,Italy,Freelancer,Retail,6864.64,25-01-2022
C01655,Liam,Harris,Male,27-01-1988,Barcelona,Spain,Student,Premium,4891.18,16-11-2020
C01656,Olivia,Martin,Female,26-10-1992,Innsbruck,Austria,Student,Retail,10730.57,26-08-2024
C01657,Arthur,Garcia,Male,28-04-1996,Gdańsk,Poland,Student,SME,5389.88,27-12-2018
C01658,Leo,Hernandez,Male,16-03-1992,Berlin,Germany,Business Owner,Retail,3756.83,23-09-2021
C01659,Freya,Hernandez,Female,25-06-1969,Ghent,Belgium,Business Owner,Premium,11385.16,23-05-2020
C01660,Freya,Ramirez,Female,17-05-1988,Milan,Italy,Retired,Corporate,19294.93,05-09-2018
C01661,Sofia,Sanchez,Female,14-09-1977,Gdańsk,Poland,Business Owner,Retail,5090.82,29-01-2024
C01662,Isabella,Rodriguez,Female,10-09-1972,Stockholm,Sweden,Self Employed,Wealth,13280.99,22-01-2024
C01663,Sofia,Thompson,Female,02-06-1981,Vienna,Austria,Student,Retail,5142.82,14-12-2024
C01664,Louis,Lopez,Male,12-02-1982,Malmö,Sweden,Retired,Wealth,7931.94,27-09-2021
C01665,Oliver,Moore,Male,16-01-1966,Marseille,France,Business Owner,Premium,10070.21,23-04-2021
C01666,Chloe,Lopez,Female,02-07-2003,Paris,France,Self Employed,Premium,4332.08,14-07-2021
C01667,Freya,Jones,Female,22-02-2004,Bilbao,Spain,Salaried,Retail,2998.46,13-02-2018
C01668,Emma,Jones,Female,02-12-1986,Cologne,Germany,Freelancer,Retail,3465.6,12-09-2025
C01669,Leo,Martinez,Male,21-08-1976,Naples,Italy,Student,SME,5916.09,24-11-2025
C01670,Ethan,Harris,Male,20-08-1968,Lisbon,Portugal,Salaried,Premium,11379.47,09-02-2018
C01671,Mateo,Wilson,Male,20-11-1978,Graz,Austria,Salaried,Retail,2848.26,10-02-2021
C01672,Ethan,Robinson,Male,07-01-1968,Graz,Austria,Salaried,Retail,5643.59,02-02-2024
C01673,Hans,Garcia,Male,04-10-2000,Warsaw,Poland,Retired,Wealth,33336.73,11-01-2022
C01674,Oliver,Miller,Male,22-06-1975,Seville,Spain,Student,Premium,5904.76,18-06-2023
C01675,Liam,Taylor,Male,21-01-1996,Marseille,France,Salaried,Retail,17934.57,18-02-2024
C01676,Sophia,Clark,Female,09-08-1988,Valencia,Spain,Freelancer,Retail,7052.59,18-08-2025
C01677,Noah,Sanchez,Male,07-11-1973,Brussels,Belgium,Salaried,Premium,6188.81,28-05-2022
C01678,Hannah,Moore,Female,25-07-1989,Wrocław,Poland,Salaried,SME,4783.98,26-10-2018
C01679,Chloe,Thompson,Female,11-07-1973,Warsaw,Poland,Self Employed,Retail,8768.8,12-07-2024
C01680,Freya,Taylor,Female,22-03-2000,Turin,Italy,Business Owner,SME,9691.81,26-01-2019
C01681,Carlos,Moore,Male,26-12-1960,Munich,Germany,Freelancer,Retail,4400.93,25-01-2024
C01682,Louis,Moore,Male,09-09-1986,Dublin,Ireland,Business Owner,Retail,2917.81,10-08-2025
C01683,Camille,Harris,Female,25-06-1989,The Hague,Netherlands,Retired,SME,10255.07,02-02-2020
C01684,Arthur,Brown,Male,24-10-1970,Rotterdam,Netherlands,Student,Premium,9127.57,11-07-2025
C01685,Charlotte,Anderson,Female,05-12-1960,Warsaw,Poland,Salaried,Retail,4667.16,17-10-2025
C01686,Hans,Williams,Male,15-01-1968,Valencia,Spain,Student,Retail,2250.0,08-11-2025
C01687,Oliver,Clark,Male,26-11-1966,Ghent,Belgium,Retired,Premium,11706.68,04-06-2024
C01688,Liam,Robinson,Male,12-11-1960,Bologna,Italy,Retired,Premium,7559.53,02-03-2022
C01689,James,Thomas,Male,03-09-1995,Porto,Portugal,Freelancer,Corporate,27997.22,30-09-2025
C01690,Ethan,Martinez,Male,17-09-1984,Utrecht,Netherlands,Salaried,Retail,4536.35,21-02-2024
C01691,Camille,Lopez,Female,17-03-1998,Bologna,Italy,Business Owner,SME,7564.18,07-08-2018
C01692,Liam,Clark,Male,06-03-1992,Gdańsk,Poland,Retired,Premium,9738.25,21-04-2021
C01693,Mateo,Lewis,Male,27-11-1968,Stuttgart,Germany,Salaried,Wealth,28565.79,23-09-2022
C01694,Julian,Taylor,Male,23-10-1996,Stockholm,Sweden,Business Owner,Retail,6245.87,05-01-2026
C01695,Arthur,Hernandez,Male,05-03-1974,Antwerp,Belgium,Business Owner,Premium,9831.13,19-01-2026
C01696,Liam,Thompson,Male,17-03-1962,Paris,France,Salaried,Retail,4698.82,26-08-2025
C01697,Isabella,Smith,Female,26-12-1982,Bologna,Italy,Retired,Premium,20712.36,29-01-2019
C01698,Camille,Clark,Female,05-04-1994,Hamburg,Germany,Freelancer,Corporate,20018.16,09-09-2025
C01699,Oliver,Davis,Male,13-05-1990,Lisbon,Portugal,Business Owner,SME,44588.73,12-10-2020
C01700,Liam,Ramirez,Male,20-02-1977,Galway,Ireland,Student,Retail,2646.66,18-06-2023
C01701,Camille,Jones,Female,12-01-1992,Lyon,France,Business Owner,Retail,3654.1,21-01-2022
C01702,Camille,Davis,Female,10-10-1979,Warsaw,Poland,Student,Corporate,17826.92,15-03-2020
C01703,Isabella,Jones,Female,23-04-1998,Cork,Ireland,Self Employed,Retail,5109.34,02-02-2023
C01704,Noah,Jones,Male,13-03-1968,Lisbon,Portugal,Freelancer,Retail,4410.86,08-11-2021
C01705,Olivia,Wilson,Female,09-06-2004,Frankfurt,Germany,Retired,Premium,4586.3,15-09-2025
C01706,Camille,Harris,Female,20-12-1966,The Hague,Netherlands,Business Owner,SME,4997.94,22-06-2020
C01707,Arthur,Brown,Male,26-06-1995,Limerick,Ireland,Self Employed,Retail,4834.07,03-12-2020
C01708,Olivia,Smith,Female,08-12-1962,Gdańsk,Poland,Student,Retail,7518.17,25-04-2018
C01709,Clara,Thomas,Female,28-06-1977,Marseille,France,Retired,Retail,6003.9,26-12-2025
C01710,Clara,Wilson,Female,07-06-2000,Madrid,Spain,Student,Retail,3744.43,02-03-2026
C01711,Emma,Miller,Female,26-07-1992,Salzburg,Austria,Business Owner,Retail,3774.19,24-02-2022
C01712,Oliver,Johnson,Male,01-12-1994,Turin,Italy,Student,Premium,17554.65,06-09-2024
C01713,Arthur,Perez,Male,19-06-1980,The Hague,Netherlands,Student,Retail,3946.1,05-02-2021
C01714,Elena,Jackson,Female,25-06-1975,Dublin,Ireland,Freelancer,Premium,4050.0,09-02-2024
C01715,James,Thomas,Male,26-04-1972,Malmö,Sweden,Student,SME,5881.91,09-05-2024
C01716,Olivia,Robinson,Female,25-11-1974,Turin,Italy,Self Employed,Retail,9214.1,05-08-2019
C01717,Lucas,Johnson,Male,24-06-1965,Valencia,Spain,Student,Retail,4327.98,02-09-2023
C01718,Oliver,Martinez,Male,28-05-1976,Lisbon,Portugal,Freelancer,Premium,20731.75,02-11-2019
C01719,Sofia,Smith,Female,14-09-2004,Innsbruck,Austria,Student,Corporate,7593.26,25-08-2025
C01720,Arthur,Brown,Male,07-04-1986,Hamburg,Germany,Student,Retail,6388.01,09-01-2024
C01721,Clara,Brown,Female,11-06-1961,Seville,Spain,Freelancer,Premium,11640.54,31-12-2019
C01722,Hannah,Martin,Female,06-05-1964,Seville,Spain,Retired,Retail,6801.93,14-01-2025
C01723,Sophia,Jackson,Female,02-03-1991,Faro,Portugal,Self Employed,Retail,2600.77,31-01-2026
C01724,Hans,Miller,Male,06-11-1998,Ghent,Belgium,Freelancer,Premium,12656.25,10-03-2022
C01725,Liam,Perez,Male,22-11-1982,Porto,Portugal,Freelancer,Retail,4091.53,27-11-2024
C01726,Mia,Smith,Female,20-10-1993,Bruges,Belgium,Self Employed,Retail,2250.0,14-06-2019
C01727,Olivia,Jones,Female,03-07-1987,Bruges,Belgium,Salaried,Retail,12804.1,26-09-2023
C01728,Freya,White,Female,16-10-1984,The Hague,Netherlands,Salaried,Corporate,5899.57,09-02-2019
C01729,Lucas,Jackson,Male,05-02-1991,The Hague,Netherlands,Retired,Retail,2272.68,08-08-2025
C01730,Mia,Lopez,Female,23-03-2000,Paris,France,Retired,Retail,15258.52,23-11-2020
C01731,Liam,Ramirez,Male,11-04-1990,Limerick,Ireland,Self Employed,Retail,4255.66,26-12-2025
C01732,Leo,Harris,Male,04-11-1961,Dublin,Ireland,Freelancer,Corporate,26503.03,19-12-2021
C01733,Louis,Martin,Male,06-07-1963,Gdańsk,Poland,Freelancer,SME,3504.24,05-02-2026
C01734,Sophia,Taylor,Female,28-02-1975,Cologne,Germany,Salaried,Premium,10369.83,25-08-2020
C01735,Chloe,Williams,Female,11-11-1991,Cork,Ireland,Self Employed,Retail,5990.39,25-02-2018
C01736,Olivia,Clark,Female,06-07-1974,The Hague,Netherlands,Student,Retail,6759.47,17-09-2018
C01737,Chloe,Harris,Female,02-08-1977,Marseille,France,Salaried,Retail,4294.29,20-10-2022
C01738,James,Taylor,Male,19-02-1964,Paris,France,Retired,Corporate,15527.49,31-01-2026
C01739,Sophia,Thompson,Female,19-04-1997,Brussels,Belgium,Salaried,Retail,5926.57,16-07-2019
C01740,Noah,Martinez,Male,14-03-1976,Wrocław,Poland,Self Employed,Wealth,19650.93,05-03-2026
C01741,Ava,Lewis,Female,03-05-1969,Braga,Portugal,Student,SME,10164.35,19-12-2023
C01742,Clara,Moore,Female,13-08-2001,Frankfurt,Germany,Student,Retail,12516.94,05-06-2023
C01743,Emma,White,Female,25-10-1965,Bruges,Belgium,Business Owner,Retail,5023.76,19-10-2025
C01744,Olivia,Robinson,Female,20-09-1993,Faro,Portugal,Self Employed,Retail,5902.3,18-04-2019
C01745,Sophia,Robinson,Female,25-11-1965,Cork,Ireland,Self Employed,Retail,4590.7,13-08-2020
C01746,Elena,Ramirez,Female,06-01-1969,Gdańsk,Poland,Retired,Retail,9157.5,06-03-2025
C01747,Camille,Thomas,Female,01-08-1978,Ghent,Belgium,Business Owner,Premium,4416.44,20-06-2021
C01748,Ethan,Thompson,Male,16-07-2002,Florence,Italy,Student,Retail,6540.98,04-04-2020
C01749,Julian,Garcia,Male,23-07-1982,Dublin,Ireland,Business Owner,Wealth,11777.66,13-07-2021
C01750,Mateo,Perez,Male,02-04-1990,Braga,Portugal,Student,Premium,8587.68,13-12-2022
C01751,Oliver,Garcia,Male,19-11-1967,Cologne,Germany,Salaried,Premium,4050.0,16-10-2025
C01752,Freya,Lopez,Female,24-08-1997,Faro,Portugal,Student,Retail,4807.92,25-07-2025
C01753,Charlotte,Wilson,Female,08-05-1987,Ghent,Belgium,Retired,Wealth,39357.36,31-05-2022
C01754,Noah,Taylor,Male,22-07-1978,Brussels,Belgium,Business Owner,Retail,4163.4,14-12-2025
C01755,Noah,Wilson,Male,20-05-1964,Madrid,Spain,Freelancer,Retail,6522.94,24-11-2020
C01756,Oliver,Harris,Male,10-08-1997,Stuttgart,Germany,Self Employed,Retail,3456.32,08-07-2020
C01757,Mia,Brown,Female,17-06-1997,Malmö,Sweden,Salaried,Retail,6688.9,17-10-2020
C01758,Mateo,Brown,Male,25-01-1966,Limerick,Ireland,Student,Premium,4050.0,31-08-2021
C01759,Leo,Jones,Male,07-06-1993,Marseille,France,Self Employed,Retail,7746.66,02-06-2018
C01760,Mateo,Harris,Male,10-01-1960,Cologne,Germany,Freelancer,Retail,5048.63,07-11-2024
C01761,Mia,Thompson,Female,27-01-1996,Bordeaux,France,Self Employed,Retail,4267.03,16-09-2021
C01762,Lucas,Moore,Male,22-11-1981,Stuttgart,Germany,Salaried,SME,20718.29,05-12-2020
C01763,Louis,Johnson,Male,07-05-1995,Munich,Germany,Retired,Retail,4237.37,05-03-2024
C01764,Oliver,Hernandez,Male,10-04-1963,Lisbon,Portugal,Self Employed,SME,4729.86,09-03-2020
C01765,Amelia,Brown,Female,06-05-1989,Munich,Germany,Freelancer,Retail,4060.59,01-07-2024
C01766,Alexander,Martinez,Male,23-12-1992,Bilbao,Spain,Retired,Premium,19692.07,21-04-2025
C01767,Amelia,Martin,Female,28-10-1969,Malmö,Sweden,Self Employed,Retail,4962.77,03-06-2018
C01768,Louis,Martinez,Male,02-06-1973,Bruges,Belgium,Self Employed,Retail,6524.56,09-04-2024
C01769,Marco,Clark,Male,13-07-1977,Vienna,Austria,Self Employed,Retail,5139.15,01-07-2019
C01770,Mateo,Davis,Male,26-10-1969,Lyon,France,Self Employed,Retail,3720.07,17-04-2020
C01771,Elena,Wilson,Female,08-01-1974,Brussels,Belgium,Student,Retail,4737.12,04-02-2022
C01772,Lucas,Ramirez,Male,05-07-1988,Salzburg,Austria,Freelancer,Corporate,14256.82,21-08-2018
C01773,Alexander,Miller,Male,12-11-1977,Malmö,Sweden,Salaried,Retail,5939.49,06-06-2020
C01774,Carlos,Williams,Male,05-01-1968,Gothenburg,Sweden,Salaried,Retail,2656.0,04-02-2023
C01775,Hannah,Clark,Female,26-11-1970,Marseille,France,Freelancer,Retail,2817.65,17-02-2024
C01776,Arthur,Thomas,Male,21-08-1966,Toulouse,France,Business Owner,Premium,9699.81,24-07-2018
C01777,Marco,Lopez,Male,18-11-1983,Malmö,Sweden,Business Owner,Retail,10365.26,03-09-2023
C01778,Ava,Smith,Female,11-03-1971,Vienna,Austria,Student,Premium,19806.88,27-12-2023
C01779,Sofia,Thomas,Female,24-09-1976,Cologne,Germany,Retired,Corporate,27623.29,09-11-2018
C01780,Marco,Brown,Male,03-03-1966,Cork,Ireland,Freelancer,Retail,2250.0,20-11-2021
C01781,Alexander,Anderson,Male,20-12-1986,Gdańsk,Poland,Retired,Retail,10749.35,11-09-2019
C01782,Elena,Perez,Female,20-10-1966,Turin,Italy,Salaried,Premium,12444.21,09-12-2019
C01783,Marco,Williams,Male,13-08-1969,Wrocław,Poland,Business Owner,Corporate,7135.27,30-03-2021
C01784,Olivia,Jones,Female,13-02-1969,Bruges,Belgium,Self Employed,Retail,9458.74,10-03-2020
C01785,Charlotte,Gonzalez,Female,27-09-2004,Lisbon,Portugal,Retired,Retail,10453.9,26-10-2023
C01786,Louis,Jackson,Male,19-10-1992,Antwerp,Belgium,Business Owner,SME,3274.59,19-11-2024
C01787,Olivia,White,Female,12-11-1992,Braga,Portugal,Business Owner,Retail,7970.82,30-12-2024
C01788,Hannah,Lewis,Female,21-07-1985,Graz,Austria,Student,Premium,14676.6,27-04-2023
C01789,Liam,Williams,Male,12-03-1970,Braga,Portugal,Salaried,Premium,8087.78,03-05-2025
C01790,Ethan,Miller,Male,06-12-1996,Bordeaux,France,Salaried,Retail,4448.76,14-09-2019
C01791,Ethan,Miller,Male,25-06-1980,Galway,Ireland,Freelancer,Premium,11004.35,01-08-2022
C01792,Julian,Ramirez,Male,10-12-1999,Cork,Ireland,Freelancer,Premium,8359.53,02-07-2025
C01793,Alexander,Brown,Male,07-02-1981,Paris,France,Business Owner,Retail,2250.0,08-06-2024
C01794,Sophia,Clark,Female,28-12-1974,Madrid,Spain,Retired,Retail,4658.99,22-09-2019
C01795,Alexander,White,Male,18-07-1994,Kraków,Poland,Retired,Retail,2307.51,31-08-2021
C01796,Mateo,Rodriguez,Male,02-09-1995,Graz,Austria,Retired,Retail,14661.91,21-08-2023
C01797,Clara,Thompson,Female,17-11-1988,Gdańsk,Poland,Business Owner,Retail,10630.39,24-06-2022
C01798,Arthur,Jackson,Male,14-10-1967,Bilbao,Spain,Freelancer,Premium,4563.33,22-11-2022
C01799,Chloe,Rodriguez,Female,07-02-1971,Madrid,Spain,Retired,Retail,4546.23,07-06-2020
C01800,Arthur,Sanchez,Male,16-12-1978,Ghent,Belgium,Student,SME,19265.03,24-11-2024
C01801,Arthur,Lee,Male,19-07-1969,Gothenburg,Sweden,Freelancer,Premium,18555.92,21-10-2019
C01802,Alexander,Lopez,Male,04-04-2004,Bruges,Belgium,Salaried,Corporate,10912.91,23-01-2018
C01803,Mateo,Perez,Male,06-12-1972,Stockholm,Sweden,Business Owner,Retail,3425.43,31-01-2025
C01804,Chloe,Gonzalez,Female,09-03-1980,Naples,Italy,Retired,Retail,5734.79,23-09-2025
C01805,Amelia,Taylor,Female,06-10-1986,Braga,Portugal,Retired,Premium,11643.8,27-10-2025
C01806,Lucas,Jones,Male,25-08-1970,Malmö,Sweden,Retired,Retail,4046.14,01-11-2024
C01807,Arthur,Anderson,Male,07-04-2003,Gdańsk,Poland,Freelancer,SME,5483.68,31-01-2024
C01808,Oliver,Brown,Male,15-07-1971,Lyon,France,Salaried,Retail,5056.76,17-02-2020
C01809,Lucas,Thomas,Male,26-09-2002,Brussels,Belgium,Business Owner,Retail,2250.0,05-02-2020
C01810,Amelia,Davis,Female,28-12-1998,Salzburg,Austria,Student,Retail,5131.6,13-07-2023
C01811,Marco,Jones,Male,02-11-1966,Lisbon,Portugal,Freelancer,Retail,6710.78,14-01-2024
C01812,Emma,Brown,Female,27-11-1966,Florence,Italy,Student,Retail,10842.86,24-04-2019
C01813,Camille,Johnson,Female,04-12-1992,Stockholm,Sweden,Business Owner,Retail,6820.06,30-05-2025
C01814,Freya,Williams,Female,22-12-1971,Bologna,Italy,Business Owner,Retail,11834.58,21-10-2025
C01815,Amelia,Perez,Female,25-07-1994,Graz,Austria,Student,Retail,12564.7,16-04-2020
C01816,Emma,Garcia,Female,19-09-1999,Madrid,Spain,Freelancer,Premium,19071.03,18-11-2022
C01817,Charlotte,Martin,Female,10-12-1988,Galway,Ireland,Self Employed,SME,9370.42,03-12-2024
C01818,Marco,Hernandez,Male,10-10-1987,Innsbruck,Austria,Retired,Retail,4742.04,04-09-2024
C01819,Ava,Martinez,Female,22-11-1979,Amsterdam,Netherlands,Student,Retail,6604.31,03-02-2021
C01820,Julian,Martin,Male,26-04-1992,Innsbruck,Austria,Business Owner,Premium,10009.22,21-02-2023
C01821,Olivia,Harris,Female,07-06-2000,Turin,Italy,Retired,Retail,8262.67,27-12-2023
C01822,Oliver,Perez,Male,11-05-1976,Lyon,France,Business Owner,Retail,7417.89,02-12-2019
C01823,Arthur,Taylor,Male,13-03-1962,Antwerp,Belgium,Salaried,Retail,5184.1,08-02-2024
C01824,Arthur,Thomas,Male,27-09-1977,Marseille,France,Freelancer,Retail,6005.46,18-06-2018
C01825,Clara,Anderson,Female,22-05-1990,Naples,Italy,Freelancer,SME,8785.51,11-03-2019
C01826,Noah,Martinez,Male,28-07-1982,Antwerp,Belgium,Retired,Retail,10135.71,09-09-2024
C01827,Sofia,Thomas,Female,01-04-2001,Amsterdam,Netherlands,Retired,SME,15491.31,24-02-2020
C01828,Amelia,Taylor,Female,28-11-1994,Cork,Ireland,Freelancer,SME,5443.21,21-03-2018
C01829,Isabella,Moore,Female,06-08-1993,Porto,Portugal,Business Owner,Retail,6358.36,18-09-2025
C01830,Mia,Sanchez,Female,09-04-1963,Kraków,Poland,Business Owner,SME,3279.2,17-06-2025
C01831,Carlos,Moore,Male,13-09-1987,Florence,Italy,Self Employed,SME,6533.5,24-04-2019
C01832,Leo,Smith,Male,20-10-1982,Stockholm,Sweden,Self Employed,Retail,5362.68,27-05-2019
C01833,Clara,Johnson,Female,08-06-1960,Turin,Italy,Student,Retail,8047.14,12-06-2021
C01834,Charlotte,Lewis,Female,18-05-1984,Naples,Italy,Business Owner,Retail,8494.08,01-12-2019
C01835,Hannah,Brown,Female,08-09-1974,Ghent,Belgium,Freelancer,Retail,5468.56,25-11-2021
C01836,Alexander,Anderson,Male,23-03-1966,Hamburg,Germany,Salaried,SME,11270.64,16-01-2026
C01837,Ethan,Ramirez,Male,05-11-1975,Salzburg,Austria,Retired,Premium,9553.82,20-11-2021
C01838,Alexander,Anderson,Male,22-12-1980,Cologne,Germany,Freelancer,Retail,4519.05,19-11-2021
C01839,Amelia,Johnson,Female,13-02-1980,Amsterdam,Netherlands,Salaried,Retail,5554.3,13-08-2018
C01840,Emma,Garcia,Female,28-09-1963,Stockholm,Sweden,Business Owner,Premium,7214.26,07-01-2021
C01841,Elena,Perez,Female,21-06-1974,Galway,Ireland,Salaried,Retail,7973.2,05-03-2023
C01842,Carlos,Harris,Male,10-10-1982,Seville,Spain,Salaried,Premium,23008.0,27-09-2021
C01843,Lucas,Lewis,Male,18-09-1991,Utrecht,Netherlands,Freelancer,Retail,2999.93,03-04-2020
C01844,Louis,Garcia,Male,20-09-2001,Bilbao,Spain,Retired,Wealth,15446.69,07-10-2018
C01845,Mateo,Wilson,Male,18-08-1971,Seville,Spain,Salaried,Retail,5054.48,29-12-2022
C01846,Liam,Martinez,Male,27-06-1986,Limerick,Ireland,Retired,Premium,9148.82,01-05-2024
C01847,Camille,Gonzalez,Female,22-07-1982,Nice,France,Student,Retail,2250.0,01-04-2022
C01848,Amelia,Harris,Female,19-07-1997,Berlin,Germany,Student,SME,10907.11,20-01-2025
C01849,Oliver,Jackson,Male,02-06-1976,Milan,Italy,Salaried,Premium,13956.98,21-12-2023
C01850,Marco,Thomas,Male,16-06-1995,Braga,Portugal,Freelancer,Retail,14920.63,15-12-2018
C01851,Sofia,Moore,Female,22-07-1998,Madrid,Spain,Freelancer,Retail,8760.73,09-10-2023
C01852,Sofia,Moore,Female,25-10-1979,Gothenburg,Sweden,Student,SME,17788.72,01-12-2019
C01853,Julian,Thomas,Male,11-08-1983,Utrecht,Netherlands,Retired,Premium,13074.22,30-07-2018
C01854,Mateo,Moore,Male,15-02-1969,Bordeaux,France,Business Owner,Corporate,11273.87,07-12-2023
C01855,Freya,Garcia,Female,20-11-1972,Bilbao,Spain,Business Owner,SME,7368.45,08-09-2021
C01856,Leo,Johnson,Male,14-04-1977,Marseille,France,Salaried,Retail,11586.37,17-01-2020
C01857,Alexander,Rodriguez,Male,07-01-2000,Lyon,France,Retired,Retail,4246.79,03-10-2020
C01858,Mateo,Jackson,Male,03-09-1991,Bilbao,Spain,Salaried,Retail,13983.57,29-12-2022
C01859,Alexander,Martin,Male,12-01-1996,Antwerp,Belgium,Self Employed,Retail,6105.33,11-03-2022
C01860,Marco,Lopez,Male,11-11-2000,Salzburg,Austria,Freelancer,Corporate,12625.65,28-07-2021
C01861,Arthur,Martinez,Male,13-11-1968,Gothenburg,Sweden,Salaried,Retail,7191.03,15-10-2020
C01862,Mia,Johnson,Female,16-10-1968,Naples,Italy,Salaried,Retail,6765.29,08-06-2024
C01863,James,Jackson,Male,11-09-2004,Rome,Italy,Business Owner,SME,9590.29,19-05-2020
C01864,James,Jones,Male,03-07-1973,Stockholm,Sweden,Student,SME,8031.96,20-11-2018
C01865,Carlos,Lopez,Male,17-06-2004,Antwerp,Belgium,Freelancer,Premium,8794.75,30-01-2018
C01866,Mia,Sanchez,Female,28-06-1994,Turin,Italy,Freelancer,Wealth,29207.24,05-10-2020
C01867,Camille,Jackson,Female,28-06-2001,Lyon,France,Business Owner,Retail,4168.14,19-04-2019
C01868,James,Harris,Male,08-05-1984,Cork,Ireland,Student,Retail,6596.04,15-06-2023
C01869,Hannah,Lee,Female,28-01-1989,The Hague,Netherlands,Self Employed,Retail,7030.76,05-11-2023
C01870,Mia,Gonzalez,Female,09-05-1984,Stuttgart,Germany,Business Owner,Retail,7682.63,12-02-2025
C01871,Olivia,Wilson,Female,28-09-1981,Milan,Italy,Salaried,SME,15125.43,03-06-2018
C01872,Mia,Lopez,Female,18-09-2002,Gothenburg,Sweden,Student,Retail,5466.9,04-05-2020
C01873,Alexander,Lopez,Male,28-09-1968,Galway,Ireland,Retired,Retail,8168.37,22-07-2021
C01874,James,Perez,Male,14-10-1961,Madrid,Spain,Retired,Premium,4251.21,13-12-2019
C01875,Sophia,Davis,Female,25-09-1992,Innsbruck,Austria,Business Owner,SME,17985.51,04-04-2019
C01876,Noah,Lee,Male,24-09-1981,Stockholm,Sweden,Salaried,SME,3941.62,13-03-2025
C01877,Lucas,Jackson,Male,04-09-1995,Bordeaux,France,Retired,Corporate,9644.29,15-07-2023
C01878,Oliver,Robinson,Male,15-08-1995,Innsbruck,Austria,Student,Premium,7581.26,09-03-2021
C01879,Louis,Williams,Male,27-01-1988,Rotterdam,Netherlands,Self Employed,Retail,10496.69,11-02-2024
C01880,Carlos,Martinez,Male,12-03-1985,The Hague,Netherlands,Retired,Retail,2882.98,23-05-2018
C01881,Olivia,Hernandez,Female,05-08-1988,Brussels,Belgium,Salaried,Retail,7177.09,03-05-2024
C01882,Ava,Smith,Female,12-05-1970,Porto,Portugal,Freelancer,Wealth,9612.58,28-11-2024
C01883,Elena,Hernandez,Female,05-11-1966,Antwerp,Belgium,Self Employed,Retail,5898.52,21-01-2020
C01884,James,Anderson,Male,16-02-1983,Cork,Ireland,Self Employed,SME,10876.9,14-09-2022
C01885,Marco,Ramirez,Male,27-09-1966,Innsbruck,Austria,Freelancer,Premium,5295.65,12-04-2022
C01886,Alexander,Jackson,Male,01-08-1963,Lisbon,Portugal,Salaried,Retail,4052.85,11-05-2018
C01887,Leo,Lewis,Male,13-04-1981,Madrid,Spain,Student,SME,7049.36,06-02-2024
C01888,Alexander,Rodriguez,Male,11-01-1961,Paris,France,Self Employed,Retail,6124.36,28-09-2021
C01889,Emma,Thompson,Female,26-01-1960,Vienna,Austria,Self Employed,Retail,6232.24,19-10-2019
C01890,Amelia,Jackson,Female,18-04-1966,Ghent,Belgium,Student,SME,9880.83,07-08-2019
C01891,Emma,Hernandez,Female,26-01-1967,Stuttgart,Germany,Salaried,SME,21170.26,21-05-2024
C01892,Alexander,Jackson,Male,16-02-1995,Kraków,Poland,Self Employed,SME,7280.41,20-05-2021
C01893,Alexander,Hernandez,Male,12-03-1968,Faro,Portugal,Self Employed,Retail,4575.76,20-03-2026
C01894,Chloe,Brown,Female,10-05-1997,Lisbon,Portugal,Retired,Corporate,8806.56,03-04-2018
C01895,Clara,Thomas,Female,14-03-2003,Toulouse,France,Student,Premium,8541.85,20-11-2018
C01896,Olivia,Thompson,Female,24-05-1998,Bologna,Italy,Salaried,Premium,7150.73,15-04-2022
C01897,Sofia,Miller,Female,04-02-1968,The Hague,Netherlands,Retired,Premium,15595.01,16-07-2022
C01898,Mia,Thomas,Female,14-09-1998,The Hague,Netherlands,Self Employed,Retail,7122.38,26-05-2020
C01899,Leo,Sanchez,Male,01-01-1984,Hamburg,Germany,Student,Retail,3705.54,16-05-2025
C01900,Arthur,Perez,Male,04-10-1965,Cork,Ireland,Student,Premium,9727.14,16-05-2021
C01901,Ethan,Garcia,Male,19-07-1963,Limerick,Ireland,Business Owner,Corporate,5933.17,01-08-2020
C01902,Julian,Martinez,Male,17-05-1994,Valencia,Spain,Self Employed,Retail,2250.0,09-06-2024
C01903,Ethan,Wilson,Male,09-06-1986,Graz,Austria,Business Owner,Retail,2250.0,08-09-2021
C01904,Sophia,Thomas,Female,01-04-1973,Warsaw,Poland,Self Employed,Retail,3956.72,28-08-2024
C01905,Sofia,Ramirez,Female,01-01-1999,Malmö,Sweden,Salaried,Retail,7503.08,22-07-2022
C01906,Arthur,Williams,Male,28-10-1961,Rome,Italy,Self Employed,SME,4980.21,08-09-2025
C01907,Carlos,Ramirez,Male,24-08-1972,Antwerp,Belgium,Student,SME,8859.47,06-02-2018
C01908,Elena,Miller,Female,18-05-1981,Gothenburg,Sweden,Self Employed,Wealth,35639.24,16-06-2018
C01909,Isabella,Rodriguez,Female,27-10-1961,Gothenburg,Sweden,Salaried,SME,8701.77,01-02-2019
C01910,Emma,Martinez,Female,04-02-1988,Faro,Portugal,Retired,Retail,7297.81,03-08-2019
C01911,Chloe,Gonzalez,Female,01-03-1979,Hamburg,Germany,Self Employed,Retail,2250.0,19-08-2021
C01912,Clara,Davis,Female,14-07-1977,Rotterdam,Netherlands,Student,Retail,6329.13,14-12-2022
C01913,Julian,White,Male,02-02-1963,Valencia,Spain,Freelancer,Premium,5368.34,08-09-2023
C01914,Olivia,Thompson,Female,08-11-1968,Cork,Ireland,Self Employed,Retail,8173.91,18-05-2018
C01915,Freya,Jackson,Female,03-09-1982,Wrocław,Poland,Business Owner,Retail,4781.4,17-10-2019
C01916,Oliver,Jackson,Male,01-08-1982,Stuttgart,Germany,Retired,Retail,2250.0,12-11-2025
C01917,Ethan,Rodriguez,Male,04-09-1966,Braga,Portugal,Student,Premium,42428.41,30-09-2024
C01918,Oliver,Jackson,Male,09-01-1974,Ghent,Belgium,Salaried,Retail,6245.26,11-02-2026
C01919,Arthur,Taylor,Male,19-03-1972,Seville,Spain,Salaried,Corporate,24511.73,06-05-2025
C01920,Amelia,Wilson,Female,12-12-1994,Porto,Portugal,Business Owner,Retail,8195.11,13-04-2022
C01921,Sophia,Lopez,Female,06-11-1979,Wrocław,Poland,Salaried,SME,16838.55,15-03-2019
C01922,Clara,Williams,Female,08-06-1965,Amsterdam,Netherlands,Student,Retail,5514.33,02-09-2019
C01923,Marco,Clark,Male,18-06-1975,The Hague,Netherlands,Student,Wealth,17253.61,29-06-2025
C01924,Isabella,Taylor,Female,01-08-1985,Rotterdam,Netherlands,Self Employed,Retail,16706.11,17-06-2019
C01925,Clara,Martinez,Female,15-10-1964,Hamburg,Germany,Student,SME,6405.65,29-03-2023
C01926,Charlotte,Perez,Female,19-03-2002,Berlin,Germany,Retired,Retail,2250.0,05-05-2024
C01927,Leo,Hernandez,Male,05-03-1979,Galway,Ireland,Salaried,Retail,4255.32,10-09-2019
C01928,Sophia,Wilson,Female,14-11-1981,Limerick,Ireland,Retired,SME,11512.03,06-12-2019
C01929,Alexander,Rodriguez,Male,23-11-1985,Antwerp,Belgium,Freelancer,Retail,2250.0,19-12-2025
C01930,Julian,Taylor,Male,18-04-1991,Kraków,Poland,Business Owner,Premium,10515.81,12-07-2020
C01931,Amelia,Perez,Female,26-10-2003,Madrid,Spain,Retired,Retail,11252.87,16-09-2022
C01932,Arthur,Moore,Male,13-07-1961,Paris,France,Self Employed,Retail,8219.52,09-01-2019
C01933,Liam,Lewis,Male,07-05-1983,Marseille,France,Salaried,Premium,4050.0,10-12-2025
C01934,James,Lee,Male,20-05-1963,Faro,Portugal,Salaried,Corporate,12492.19,01-01-2026
C01935,Louis,Taylor,Male,02-01-1984,Utrecht,Netherlands,Salaried,Retail,2819.78,02-01-2019
C01936,Freya,Garcia,Female,07-01-1962,Barcelona,Spain,Freelancer,Retail,2250.0,22-03-2024
C01937,Chloe,Thomas,Female,04-12-1962,Stockholm,Sweden,Salaried,SME,4784.7,11-07-2024
C01938,Noah,Perez,Male,27-08-2000,Frankfurt,Germany,Business Owner,Retail,6307.72,12-12-2023
C01939,Carlos,White,Male,16-01-1967,Innsbruck,Austria,Student,SME,9169.83,18-07-2019
C01940,Mateo,Rodriguez,Male,23-01-1998,Milan,Italy,Retired,Retail,2955.89,10-04-2023
C01941,Hannah,Lee,Female,22-04-1968,Antwerp,Belgium,Student,Premium,19357.7,10-05-2019
C01942,Leo,Sanchez,Male,11-08-1972,Utrecht,Netherlands,Business Owner,SME,8245.42,19-02-2024
C01943,Julian,Ramirez,Male,23-12-2003,Utrecht,Netherlands,Self Employed,Retail,9136.2,21-04-2025
C01944,Clara,Robinson,Female,07-05-2002,Gdańsk,Poland,Retired,Corporate,20101.32,14-12-2021
C01945,Alexander,Robinson,Male,22-07-1976,The Hague,Netherlands,Student,Retail,4582.52,13-12-2024
C01946,Chloe,White,Female,28-10-1975,Hamburg,Germany,Salaried,Wealth,9001.46,19-01-2018
C01947,Sofia,Johnson,Female,07-04-1960,Berlin,Germany,Self Employed,Retail,10097.56,18-11-2025
C01948,Leo,Miller,Male,28-09-1999,Rome,Italy,Self Employed,Retail,2618.43,07-04-2018
C01949,Mia,Anderson,Female,24-02-1979,Gothenburg,Sweden,Freelancer,Retail,10315.38,06-04-2021
C01950,Liam,Davis,Male,22-04-1975,Bilbao,Spain,Salaried,SME,9096.46,13-01-2018
C01951,Ava,White,Female,25-02-1961,Utrecht,Netherlands,Salaried,Retail,5520.79,03-08-2021
C01952,Sofia,Harris,Female,11-09-1975,Lyon,France,Retired,Retail,4626.44,01-08-2023
C01953,Lucas,Ramirez,Male,12-06-1966,Cork,Ireland,Self Employed,Retail,6178.2,25-04-2021
C01954,Alexander,Wilson,Male,27-12-1987,Wrocław,Poland,Salaried,Wealth,25868.27,06-01-2022
C01955,Mia,Ramirez,Female,01-02-1988,Warsaw,Poland,Business Owner,Retail,2415.72,25-04-2025
C01956,Freya,Robinson,Female,25-11-1994,Paris,France,Business Owner,Retail,6524.92,23-07-2020
C01957,Olivia,Lee,Female,15-03-1961,Braga,Portugal,Freelancer,Retail,3105.28,12-01-2020
C01958,Sophia,Ramirez,Female,19-03-1963,Toulouse,France,Self Employed,Retail,2250.0,21-01-2023
C01959,Alexander,Rodriguez,Male,27-09-1995,Faro,Portugal,Student,Retail,2652.33,27-04-2025
C01960,Freya,Martinez,Female,05-04-2003,Innsbruck,Austria,Student,Retail,3639.23,07-09-2022
C01961,Marco,Garcia,Male,05-10-1982,Dublin,Ireland,Student,Retail,6102.54,14-07-2025
C01962,Isabella,Perez,Female,17-09-1976,Warsaw,Poland,Self Employed,Wealth,18565.08,29-11-2020
C01963,Chloe,Davis,Female,22-01-1982,Toulouse,France,Retired,Retail,5221.15,15-01-2023
C01964,Charlotte,Davis,Female,11-01-1976,Salzburg,Austria,Retired,Retail,6872.59,04-09-2024
C01965,Olivia,Jones,Female,11-12-1991,Ghent,Belgium,Self Employed,Retail,10032.31,12-01-2020
C01966,Noah,Smith,Male,24-07-1973,Valencia,Spain,Freelancer,SME,7342.83,27-08-2019
C01967,Sophia,Sanchez,Female,25-02-1966,Graz,Austria,Retired,Retail,5245.65,10-05-2019
C01968,Carlos,Martinez,Male,06-07-1966,Valencia,Spain,Business Owner,Retail,3334.45,03-01-2021
C01969,Amelia,Thomas,Female,18-10-1985,Paris,France,Retired,Retail,7893.01,01-03-2024
C01970,Leo,Wilson,Male,06-05-1966,Gothenburg,Sweden,Salaried,Premium,4050.0,20-01-2023
C01971,Charlotte,Lee,Female,26-04-1961,Vienna,Austria,Freelancer,Wealth,14758.75,14-02-2018
C01972,Hannah,Johnson,Female,07-10-1978,Cork,Ireland,Retired,Retail,4754.06,05-07-2020
C01973,Sophia,Garcia,Female,19-03-1988,Marseille,France,Business Owner,Retail,3036.96,07-09-2018
C01974,Lucas,Jones,Male,24-10-1982,The Hague,Netherlands,Freelancer,Premium,19654.37,12-10-2024
C01975,James,Rodriguez,Male,23-08-1968,Berlin,Germany,Retired,Retail,7443.06,28-04-2019
C01976,Clara,Sanchez,Female,21-06-1974,Graz,Austria,Student,Retail,5123.69,30-03-2025
C01977,Isabella,Perez,Female,28-08-1970,Limerick,Ireland,Business Owner,Retail,6834.11,28-12-2024
C01978,Elena,Garcia,Female,15-01-1983,Ghent,Belgium,Freelancer,Premium,10072.24,22-07-2023
C01979,Marco,Ramirez,Male,06-01-1986,Amsterdam,Netherlands,Business Owner,Retail,12338.43,10-05-2021
C01980,James,White,Male,09-01-1999,Antwerp,Belgium,Business Owner,Retail,5935.79,28-02-2020
C01981,Amelia,Sanchez,Female,01-03-1973,Paris,France,Business Owner,Wealth,12814.27,01-09-2018
C01982,James,Johnson,Male,08-12-1999,Hamburg,Germany,Student,Wealth,6750.0,07-07-2024
C01983,Carlos,Lewis,Male,10-09-1995,Innsbruck,Austria,Self Employed,Premium,7074.56,21-04-2021
C01984,Oliver,Hernandez,Male,19-03-1985,Innsbruck,Austria,Self Employed,Retail,3126.14,08-01-2021
C01985,Julian,Martinez,Male,19-03-1965,Malmö,Sweden,Salaried,Retail,16007.18,28-04-2019
C01986,Carlos,Williams,Male,13-08-1975,Wrocław,Poland,Salaried,Retail,5389.44,02-03-2018
C01987,Hannah,Wilson,Female,25-10-1971,Stockholm,Sweden,Retired,SME,10520.28,05-02-2019
C01988,Hannah,Lopez,Female,13-03-1968,Lyon,France,Self Employed,Retail,6841.45,01-10-2022
C01989,Marco,Perez,Male,05-06-1990,Nice,France,Self Employed,Premium,10999.32,12-11-2025
C01990,Hannah,Williams,Female,04-07-1999,Cologne,Germany,Business Owner,Retail,5988.88,17-07-2019
C01991,Charlotte,Clark,Female,06-04-1963,Gothenburg,Sweden,Self Employed,Premium,16851.07,27-01-2026
C01992,Camille,Clark,Female,21-10-1966,Dublin,Ireland,Freelancer,Retail,5695.42,27-07-2019
C01993,Liam,Davis,Male,05-10-1989,Dublin,Ireland,Retired,Retail,6401.63,09-01-2020
C01994,Oliver,Jackson,Male,16-09-1979,Berlin,Germany,Self Employed,Retail,4633.92,18-08-2020
C01995,Camille,Taylor,Female,18-10-1997,Kraków,Poland,Salaried,Retail,5168.88,30-10-2023
C01996,Hans,Brown,Male,26-09-2000,Galway,Ireland,Business Owner,Corporate,19517.98,05-11-2025
C01997,Leo,Perez,Male,13-03-1990,Faro,Portugal,Freelancer,Corporate,4950.0,22-07-2024
C01998,Freya,Jackson,Female,07-05-1983,Bilbao,Spain,Self Employed,SME,9368.67,25-03-2024
C01999,Arthur,Robinson,Male,28-03-1971,Hamburg,Germany,Business Owner,Retail,9260.0,06-01-2023
C02000,Leo,Rodriguez,Male,07-07-1995,Munich,Germany,Self Employed,Premium,7481.91,03-10-2020
C02001,Amelia,Lewis,Female,19-05-1965,Naples,Italy,Self Employed,Premium,15128.55,12-10-2025
C02002,Olivia,Davis,Female,14-03-1962,Rotterdam,Netherlands,Student,Retail,2250.0,06-03-2020
C02003,Julian,Brown,Male,27-08-1964,The Hague,Netherlands,Self Employed,Retail,6196.29,27-02-2022
C02004,Arthur,Sanchez,Male,06-10-1994,Braga,Portugal,Student,Retail,3875.32,24-01-2018
C02005,Mia,Hernandez,Female,17-01-1986,Stockholm,Sweden,Salaried,Retail,5454.02,07-09-2025
C02006,Carlos,Jackson,Male,14-08-1963,Toulouse,France,Salaried,SME,6787.04,02-06-2024
C02007,Louis,Gonzalez,Male,06-08-1974,Nice,France,Freelancer,Retail,4857.41,01-04-2019
C02008,Clara,White,Female,04-07-1972,Ghent,Belgium,Business Owner,Retail,16233.07,17-07-2019
C02009,Camille,Davis,Female,12-07-1966,Braga,Portugal,Self Employed,Retail,7758.75,16-03-2023
C02010,Hannah,Wilson,Female,17-07-2002,Cologne,Germany,Retired,Retail,8345.03,12-04-2021
C02011,Noah,Jones,Male,27-01-1999,Faro,Portugal,Retired,Retail,5143.77,04-03-2024
C02012,Oliver,Garcia,Male,27-02-1961,Braga,Portugal,Salaried,SME,10035.77,22-11-2019
C02013,Noah,Rodriguez,Male,15-04-1995,Faro,Portugal,Business Owner,Retail,7300.82,15-11-2021
C02014,Mateo,Wilson,Male,17-04-1981,Amsterdam,Netherlands,Business Owner,SME,8766.42,16-04-2021
C02015,Isabella,Ramirez,Female,08-12-1983,Braga,Portugal,Freelancer,Retail,8444.15,31-03-2023
C02016,Chloe,Johnson,Female,14-09-1972,Wrocław,Poland,Self Employed,Corporate,6444.94,14-08-2023
C02017,Mateo,Moore,Male,16-06-2000,Madrid,Spain,Business Owner,Corporate,9560.84,13-08-2024
C02018,Ethan,Thompson,Male,19-01-1961,Toulouse,France,Business Owner,Corporate,11882.91,25-06-2023
C02019,Olivia,Hernandez,Female,08-05-1966,Ghent,Belgium,Salaried,Retail,13622.66,11-06-2022
C02020,Elena,Wilson,Female,25-09-1965,Madrid,Spain,Student,Retail,14969.19,30-03-2023
C02021,Amelia,Perez,Female,25-07-2003,Bruges,Belgium,Freelancer,Retail,7202.74,01-05-2021
C02022,Sophia,Rodriguez,Female,27-06-1993,Turin,Italy,Student,Retail,6150.7,20-10-2025
C02023,Hannah,Sanchez,Female,01-02-1996,Antwerp,Belgium,Salaried,Corporate,10072.74,03-04-2021
C02024,Hans,Jones,Male,25-07-1983,Bordeaux,France,Self Employed,SME,5502.96,21-04-2018
C02025,Ethan,Thomas,Male,15-11-1990,Paris,France,Self Employed,Premium,4669.13,22-01-2020
C02026,Camille,Lopez,Female,19-08-1986,Faro,Portugal,Retired,Premium,19559.25,04-04-2025
C02027,Freya,Martinez,Female,07-06-1987,Salzburg,Austria,Student,Retail,3706.98,20-04-2020
C02028,Emma,Lee,Female,10-04-1986,Naples,Italy,Student,Premium,5229.55,09-04-2018
C02029,Hans,Martin,Male,28-06-2000,Gdańsk,Poland,Freelancer,Retail,6967.48,09-02-2023
C02030,Emma,Clark,Female,28-11-1976,Munich,Germany,Salaried,Premium,28825.5,26-07-2022
C02031,Camille,Perez,Female,27-03-1973,Cork,Ireland,Self Employed,Retail,38552.81,04-07-2024
C02032,Clara,Johnson,Female,27-09-1971,Brussels,Belgium,Salaried,Premium,14504.68,20-04-2024
C02033,Louis,Robinson,Male,11-12-1986,Vienna,Austria,Student,Wealth,50753.49,25-01-2018
C02034,Arthur,Perez,Male,20-05-1987,Porto,Portugal,Salaried,Retail,4874.05,26-07-2025
C02035,Sophia,Rodriguez,Female,22-05-1980,Amsterdam,Netherlands,Student,Wealth,18292.41,20-04-2018
C02036,Elena,Gonzalez,Female,03-03-1998,Hamburg,Germany,Retired,Premium,17040.51,13-12-2023
C02037,Lucas,Lee,Male,18-04-1977,Gothenburg,Sweden,Freelancer,SME,10628.83,24-08-2019
C02038,Camille,Lopez,Female,18-12-1989,Graz,Austria,Freelancer,Retail,4562.79,15-01-2021
C02039,Hans,Sanchez,Male,11-02-2003,Rotterdam,Netherlands,Student,SME,9378.95,18-04-2025
C02040,Marco,Brown,Male,22-12-1997,Florence,Italy,Student,Retail,10863.46,09-07-2018
C02041,Leo,Ramirez,Male,20-01-1990,Porto,Portugal,Salaried,Wealth,14744.23,03-10-2023
C02042,Sophia,Ramirez,Female,21-09-1962,Hamburg,Germany,Retired,SME,5303.87,14-12-2019
C02043,Amelia,Gonzalez,Female,11-09-1979,Cologne,Germany,Retired,Corporate,11201.46,24-01-2020
C02044,Emma,Robinson,Female,03-05-2000,Cologne,Germany,Salaried,Retail,5902.4,04-12-2019
C02045,Charlotte,Robinson,Female,05-07-1985,Florence,Italy,Self Employed,Retail,4938.38,17-07-2025
C02046,Hannah,Rodriguez,Female,07-05-1977,Brussels,Belgium,Retired,Retail,7044.64,19-08-2025
C02047,Isabella,Williams,Female,06-02-1960,Malmö,Sweden,Self Employed,Retail,18859.28,17-05-2025
C02048,Hans,Clark,Male,20-07-1973,Kraków,Poland,Retired,Retail,12258.97,26-12-2020
C02049,Arthur,Davis,Male,27-07-1988,Naples,Italy,Self Employed,SME,10009.95,17-04-2021
C02050,Lucas,Miller,Male,05-06-1984,Cork,Ireland,Freelancer,SME,13205.33,07-10-2022
C02051,Carlos,Lewis,Male,23-02-1992,Malmö,Sweden,Student,Retail,5053.99,14-11-2025
C02052,Ava,Robinson,Female,05-09-1992,Marseille,France,Business Owner,Retail,12571.15,27-12-2025
C02053,Amelia,Lee,Female,07-03-1986,Faro,Portugal,Business Owner,Wealth,13993.82,25-07-2024
C02054,Ethan,Lewis,Male,19-06-1968,Naples,Italy,Business Owner,Retail,15115.53,01-02-2020
C02055,Clara,Harris,Female,06-07-1993,Utrecht,Netherlands,Student,Retail,4431.01,25-10-2018
C02056,Marco,Wilson,Male,14-10-1996,Gothenburg,Sweden,Retired,Retail,10020.99,06-10-2024
C02057,Clara,Johnson,Female,11-04-1975,Cork,Ireland,Retired,Corporate,10012.84,07-02-2020
C02058,Lucas,Ramirez,Male,10-01-1987,Toulouse,France,Salaried,Retail,4181.15,02-09-2021
C02059,Oliver,Clark,Male,24-09-1998,Ghent,Belgium,Salaried,Retail,7263.01,19-01-2018
C02060,Arthur,Thomas,Male,02-05-1978,The Hague,Netherlands,Business Owner,Premium,13168.02,24-04-2025
C02061,Amelia,White,Female,24-05-1962,Malmö,Sweden,Business Owner,SME,4338.91,16-09-2019
C02062,Charlotte,Robinson,Female,02-03-1990,Braga,Portugal,Self Employed,Premium,11073.29,25-06-2025
C02063,Carlos,Hernandez,Male,11-01-1978,Utrecht,Netherlands,Business Owner,Premium,12564.01,08-08-2020
C02064,Louis,Wilson,Male,14-08-1996,Lyon,France,Retired,Retail,14267.5,12-02-2024
C02065,Hannah,Robinson,Female,13-06-2001,Rotterdam,Netherlands,Retired,Retail,6746.61,01-08-2022
C02066,Freya,Brown,Female,14-09-1966,Valencia,Spain,Self Employed,Premium,17877.12,12-06-2021
C02067,Freya,Garcia,Female,23-02-1976,Wrocław,Poland,Student,Retail,4182.87,02-02-2019
C02068,Louis,Rodriguez,Male,16-08-1963,Salzburg,Austria,Student,Retail,6392.75,19-12-2018
C02069,Leo,Williams,Male,02-03-2002,Ghent,Belgium,Retired,Retail,3649.76,23-03-2020
C02070,Mia,Wilson,Female,07-04-1990,Marseille,France,Business Owner,Retail,2250.0,12-01-2023
C02071,Chloe,White,Female,01-10-1995,Kraków,Poland,Self Employed,Corporate,12088.65,12-07-2020
C02072,Carlos,Moore,Male,23-01-1964,Gdańsk,Poland,Student,SME,7087.84,23-01-2025
C02073,Camille,Hernandez,Female,28-09-2004,The Hague,Netherlands,Salaried,Corporate,9374.99,02-01-2021
C02074,Mateo,Thompson,Male,09-04-1984,Graz,Austria,Business Owner,Retail,10814.81,19-11-2021
C02075,Emma,Harris,Female,24-12-1965,Wrocław,Poland,Freelancer,SME,3150.0,07-02-2022
C02076,James,Lee,Male,04-11-1998,Innsbruck,Austria,Business Owner,SME,3337.67,16-02-2018
C02077,Marco,Garcia,Male,23-01-1975,The Hague,Netherlands,Self Employed,Retail,10306.29,30-11-2018
C02078,Marco,Anderson,Male,07-11-1961,Lisbon,Portugal,Retired,Premium,8833.11,03-03-2022
C02079,Arthur,Lee,Male,22-07-1995,Bilbao,Spain,Self Employed,SME,11491.64,24-05-2022
C02080,Liam,Smith,Male,23-10-1970,Gdańsk,Poland,Self Employed,Retail,11350.0,06-02-2026
C02081,Alexander,Miller,Male,14-12-1981,Florence,Italy,Student,Retail,10639.25,20-06-2023
C02082,Sofia,Martinez,Female,20-12-1992,Valencia,Spain,Self Employed,Premium,16543.78,20-11-2018
C02083,Mia,Jackson,Female,28-11-1972,Rotterdam,Netherlands,Retired,SME,12410.29,18-10-2021
C02084,Olivia,Brown,Female,06-06-1963,Ghent,Belgium,Salaried,SME,3787.7,24-04-2021
C02085,Ava,Davis,Female,06-11-2003,Rome,Italy,Student,Retail,3559.8,21-01-2021
C02086,Leo,Thompson,Male,16-05-1977,Marseille,France,Salaried,Premium,13135.05,23-12-2022
C02087,Clara,Clark,Female,24-07-1978,Madrid,Spain,Student,Retail,6540.78,14-06-2023
C02088,Marco,Harris,Male,28-03-1986,The Hague,Netherlands,Business Owner,Retail,2484.16,08-08-2020
C02089,Ava,Ramirez,Female,13-12-1968,Seville,Spain,Salaried,Retail,5716.92,04-06-2020
C02090,Chloe,Perez,Female,02-07-1993,Wrocław,Poland,Self Employed,Retail,8992.87,13-11-2022
C02091,Alexander,Sanchez,Male,05-01-1983,Bologna,Italy,Salaried,Corporate,14440.1,05-06-2020
C02092,Mia,Anderson,Female,04-10-1962,Limerick,Ireland,Business Owner,Wealth,19336.6,10-10-2019
C02093,Mateo,Ramirez,Male,19-06-1989,Stockholm,Sweden,Student,Retail,6232.86,20-06-2018
C02094,Camille,Jones,Female,18-12-1999,Barcelona,Spain,Business Owner,Retail,2560.71,24-01-2021
C02095,Isabella,Garcia,Female,11-01-1968,Nice,France,Self Employed,Retail,6334.28,06-10-2023
C02096,Sofia,Jackson,Female,01-09-1967,Marseille,France,Retired,Premium,4510.19,15-05-2020
C02097,Carlos,Hernandez,Male,13-06-1978,Cologne,Germany,Salaried,Wealth,11243.53,14-07-2023
C02098,Arthur,Martinez,Male,11-01-1991,Valencia,Spain,Student,Premium,8584.08,26-07-2019
C02099,Sophia,Williams,Female,01-07-1994,Stockholm,Sweden,Salaried,Retail,2250.0,21-06-2019
C02100,Alexander,Lopez,Male,12-02-1982,Lisbon,Portugal,Student,Retail,2710.21,01-08-2020
C02101,Liam,Gonzalez,Male,26-08-1987,Kraków,Poland,Business Owner,Retail,4949.76,13-06-2019
C02102,Hans,Gonzalez,Male,03-05-1976,Salzburg,Austria,Freelancer,Retail,6257.97,18-03-2022
C02103,Carlos,Lewis,Male,04-04-1983,Stockholm,Sweden,Retired,Premium,25655.93,24-11-2018
C02104,Chloe,Davis,Female,18-10-2000,Salzburg,Austria,Student,Retail,9593.63,20-05-2019
C02105,Emma,Smith,Female,11-04-1975,Salzburg,Austria,Retired,Premium,9826.54,29-01-2018
C02106,Hannah,Moore,Female,02-08-2003,Dublin,Ireland,Self Employed,Corporate,40443.1,25-01-2018
C02107,Marco,Martin,Male,06-03-1996,Berlin,Germany,Freelancer,Retail,4269.77,03-12-2025
C02108,Sofia,Davis,Female,07-08-2004,Gothenburg,Sweden,Business Owner,Corporate,5486.23,13-06-2018
C02109,Hannah,Williams,Female,11-03-1995,Gothenburg,Sweden,Retired,Retail,3274.55,28-08-2024
C02110,Mateo,Miller,Male,15-03-1976,Limerick,Ireland,Salaried,Retail,2250.0,14-07-2019
C02111,Isabella,Thompson,Female,01-03-2003,Madrid,Spain,Business Owner,Premium,4050.0,21-07-2019
C02112,Freya,Garcia,Female,22-08-1979,Barcelona,Spain,Business Owner,Retail,6117.44,08-08-2021
C02113,James,Gonzalez,Male,23-05-1981,Madrid,Spain,Self Employed,Retail,10018.61,07-03-2024
C02114,Julian,Wilson,Male,01-01-1967,Antwerp,Belgium,Self Employed,Premium,8648.54,07-11-2022
C02115,Chloe,Rodriguez,Female,15-08-1968,Graz,Austria,Student,Retail,4115.14,08-05-2021
C02116,Ava,Williams,Female,01-08-1961,Bruges,Belgium,Retired,Retail,4658.62,06-07-2021
C02117,Mia,Garcia,Female,26-09-1999,Hamburg,Germany,Freelancer,Retail,6324.47,03-05-2021
C02118,Julian,Brown,Male,09-08-1968,Cork,Ireland,Student,Retail,7078.69,01-02-2023
C02119,James,Thompson,Male,19-06-1968,Gothenburg,Sweden,Self Employed,SME,13630.1,04-12-2025
C02120,Elena,Wilson,Female,22-09-1972,Wrocław,Poland,Freelancer,Wealth,30677.01,18-10-2018
C02121,Arthur,Robinson,Male,09-08-1996,Innsbruck,Austria,Retired,Retail,5352.77,03-11-2025
C02122,Hannah,Anderson,Female,24-08-2003,Brussels,Belgium,Retired,Premium,10511.43,02-12-2025
C02123,Freya,Perez,Female,19-01-1987,Brussels,Belgium,Business Owner,Corporate,21388.56,05-06-2020
C02124,Mateo,Brown,Male,08-12-1968,Rotterdam,Netherlands,Freelancer,Wealth,11459.49,23-02-2024
C02125,Sophia,Thompson,Female,03-11-1994,Brussels,Belgium,Self Employed,Premium,17731.2,27-10-2020
C02126,Noah,Miller,Male,03-12-1960,Porto,Portugal,Self Employed,Retail,4615.48,20-08-2024
C02127,Freya,Clark,Female,10-08-1979,Gothenburg,Sweden,Freelancer,Retail,15219.53,27-08-2023
C02128,Arthur,Rodriguez,Male,25-09-1964,Porto,Portugal,Business Owner,Retail,3074.76,16-05-2025
C02129,Isabella,White,Female,13-02-1978,Stockholm,Sweden,Retired,Retail,4913.87,16-03-2025
C02130,Amelia,Gonzalez,Female,15-05-1985,Limerick,Ireland,Salaried,Corporate,14171.78,15-08-2025
C02131,Liam,Wilson,Male,22-07-1992,Gothenburg,Sweden,Salaried,Retail,2250.0,18-12-2024
C02132,Freya,Miller,Female,13-04-1969,Porto,Portugal,Salaried,SME,3150.0,23-04-2022
C02133,Chloe,Miller,Female,04-01-1968,Malmö,Sweden,Business Owner,Retail,4532.43,15-09-2021
C02134,Carlos,Martinez,Male,13-09-2002,Galway,Ireland,Self Employed,Retail,8006.68,09-11-2020
C02135,Louis,Perez,Male,01-05-1987,Dublin,Ireland,Business Owner,Retail,4556.81,30-08-2025
C02136,Sophia,Wilson,Female,14-02-1982,Berlin,Germany,Business Owner,Retail,4271.08,09-10-2018
C02137,Ava,Wilson,Female,16-10-1997,Gothenburg,Sweden,Salaried,SME,11478.13,01-10-2023
C02138,Clara,Jones,Female,28-08-1980,Warsaw,Poland,Business Owner,Retail,4103.68,23-09-2019
C02139,James,Martinez,Male,14-11-1992,The Hague,Netherlands,Salaried,Retail,8893.1,29-10-2024
C02140,Isabella,Davis,Female,09-04-1964,Valencia,Spain,Retired,Premium,20827.86,18-06-2023
C02141,Julian,Anderson,Male,05-06-1977,Toulouse,France,Business Owner,Premium,5584.49,25-07-2021
C02142,Hans,Davis,Male,12-04-1989,Limerick,Ireland,Retired,Corporate,8370.25,11-08-2021
C02143,Ethan,Jackson,Male,08-11-2000,Milan,Italy,Self Employed,Premium,44315.01,18-05-2025
C02144,Marco,Lee,Male,23-03-1960,Bilbao,Spain,Salaried,Premium,5352.07,20-12-2021
C02145,Amelia,Williams,Female,11-03-1998,Graz,Austria,Self Employed,Retail,12411.81,17-06-2018
C02146,Emma,Thomas,Female,24-10-1966,Gothenburg,Sweden,Retired,Retail,5244.42,05-02-2022
C02147,Liam,Ramirez,Male,03-05-2002,Porto,Portugal,Self Employed,Retail,5023.37,16-01-2018
C02148,Mia,Thompson,Female,05-12-1993,Paris,France,Salaried,SME,4821.55,25-05-2024
C02149,Alexander,Perez,Male,21-04-1970,Turin,Italy,Student,Corporate,17041.03,17-09-2022
C02150,Noah,Thompson,Male,07-09-1978,Barcelona,Spain,Freelancer,Retail,2519.61,15-03-2025
C02151,Charlotte,Thompson,Female,26-02-1983,Malmö,Sweden,Business Owner,Retail,5212.97,24-10-2021
C02152,Alexander,White,Male,20-07-1979,Hamburg,Germany,Freelancer,Retail,9377.51,25-04-2023
C02153,Julian,Rodriguez,Male,17-10-1988,Innsbruck,Austria,Salaried,SME,4304.93,11-12-2025
C02154,Olivia,Brown,Female,28-05-1980,Bordeaux,France,Student,Corporate,13578.3,04-01-2023
C02155,Leo,Johnson,Male,09-12-1980,Rotterdam,Netherlands,Retired,Retail,8884.46,20-11-2023
C02156,James,Hernandez,Male,20-09-1994,Berlin,Germany,Business Owner,Premium,36128.63,16-07-2024
C02157,Hans,Davis,Male,20-08-1980,Bologna,Italy,Student,Retail,6243.24,02-03-2024
C02158,Mateo,Robinson,Male,18-05-1992,Marseille,France,Freelancer,Retail,4634.05,16-05-2023
C02159,Ethan,Martin,Male,08-03-1965,Frankfurt,Germany,Freelancer,Premium,12264.09,28-09-2021
C02160,Marco,Sanchez,Male,04-09-1995,Salzburg,Austria,Retired,Retail,7465.62,03-07-2019
C02161,Julian,Thompson,Male,01-08-2001,Rotterdam,Netherlands,Salaried,SME,4981.27,06-02-2023
C02162,Louis,Sanchez,Male,16-04-1968,Cologne,Germany,Self Employed,Corporate,13427.48,30-01-2021
C02163,Emma,Smith,Female,22-07-2002,Bruges,Belgium,Student,Retail,3877.03,25-09-2023
C02164,Isabella,Taylor,Female,26-09-1986,Utrecht,Netherlands,Self Employed,Premium,6080.45,20-02-2019
C02165,Chloe,Gonzalez,Female,04-04-2002,Naples,Italy,Freelancer,Retail,4724.57,15-05-2018
C02166,Isabella,Gonzalez,Female,03-11-1968,Innsbruck,Austria,Freelancer,Retail,7790.77,21-02-2021
C02167,Marco,Lopez,Male,12-05-1962,Warsaw,Poland,Business Owner,Wealth,17257.36,03-06-2023
C02168,Ava,Lewis,Female,04-12-2001,Gothenburg,Sweden,Freelancer,Corporate,6591.66,31-05-2022
C02169,Elena,Johnson,Female,24-02-1998,Lisbon,Portugal,Retired,Retail,16236.23,07-08-2018
C02170,Chloe,Garcia,Female,10-11-1974,Porto,Portugal,Student,SME,9336.43,22-04-2023
C02171,Isabella,Garcia,Female,25-01-1978,Porto,Portugal,Salaried,Wealth,27976.6,29-09-2018
C02172,Leo,Thomas,Male,20-03-1973,Toulouse,France,Business Owner,Retail,3256.73,13-07-2024
C02173,Hans,Hernandez,Male,23-08-1983,Turin,Italy,Salaried,SME,10689.03,17-09-2023
C02174,Hans,Anderson,Male,07-12-1995,Salzburg,Austria,Self Employed,Premium,7738.59,17-07-2020
C02175,Liam,Williams,Male,13-02-1979,Amsterdam,Netherlands,Retired,SME,9838.03,08-11-2022
C02176,Mia,Thompson,Female,07-08-1961,Marseille,France,Freelancer,Retail,7636.04,02-02-2025
C02177,Leo,Wilson,Male,10-09-1982,Florence,Italy,Student,Premium,21617.03,18-09-2018
C02178,Ava,Rodriguez,Female,01-06-1960,Stockholm,Sweden,Salaried,SME,10046.02,22-07-2020
C02179,Olivia,Hernandez,Female,16-11-1977,Bruges,Belgium,Business Owner,Retail,3261.56,16-04-2018
C02180,James,Jones,Male,28-12-1997,Innsbruck,Austria,Self Employed,Retail,4234.59,06-10-2022
C02181,Mateo,Ramirez,Male,24-10-1961,Braga,Portugal,Student,Premium,5447.7,25-03-2022
C02182,Carlos,Rodriguez,Male,20-02-1989,Frankfurt,Germany,Business Owner,Corporate,26772.46,03-06-2022
C02183,Camille,Lopez,Female,26-03-1977,Warsaw,Poland,Retired,Wealth,23980.8,07-08-2024
C02184,Hans,Wilson,Male,07-02-1962,Innsbruck,Austria,Student,Premium,20472.1,27-01-2023
C02185,Lucas,Lewis,Male,05-06-1964,Galway,Ireland,Retired,Premium,6984.85,04-11-2019
C02186,Hans,Rodriguez,Male,03-06-1975,Bologna,Italy,Salaried,Retail,5056.72,01-03-2024
C02187,Chloe,Clark,Female,25-08-1975,Barcelona,Spain,Retired,Retail,2989.94,08-02-2025
C02188,Arthur,Robinson,Male,25-10-1982,Stockholm,Sweden,Business Owner,Retail,2250.0,25-10-2024
C02189,Isabella,Taylor,Female,28-04-1961,Brussels,Belgium,Business Owner,Wealth,39772.35,18-09-2018
C02190,Ethan,Wilson,Male,22-05-1977,Gothenburg,Sweden,Retired,Retail,6049.12,04-01-2018
C02191,Hannah,Garcia,Female,08-04-1990,Innsbruck,Austria,Freelancer,Retail,9624.23,30-05-2023
C02192,Mia,White,Female,05-04-1997,Barcelona,Spain,Retired,Retail,2250.0,21-07-2021
C02193,Amelia,Harris,Female,28-03-1964,Limerick,Ireland,Student,Premium,6181.45,18-04-2025
C02194,Liam,Moore,Male,17-02-1987,The Hague,Netherlands,Salaried,Retail,14397.48,09-02-2026
C02195,Carlos,Robinson,Male,03-04-1990,Stuttgart,Germany,Student,Retail,6203.93,26-05-2023
C02196,Sofia,Lee,Female,21-03-1986,Madrid,Spain,Salaried,Retail,9594.06,05-07-2018
C02197,Arthur,Anderson,Male,21-07-2002,Bologna,Italy,Student,Retail,5089.0,15-03-2025
C02198,Emma,Miller,Female,05-01-2001,Braga,Portugal,Business Owner,SME,18750.19,05-01-2020
C02199,Ava,Johnson,Female,02-07-1960,Galway,Ireland,Freelancer,Retail,3886.0,02-10-2025
C02200,Noah,Garcia,Male,22-01-2004,Cologne,Germany,Business Owner,Retail,8049.56,21-09-2019
C02201,James,Thomas,Male,16-07-1985,Kraków,Poland,Salaried,Retail,4373.74,26-01-2019
C02202,Isabella,Garcia,Female,07-04-1987,Antwerp,Belgium,Salaried,SME,7905.81,10-05-2018
C02203,Louis,Anderson,Male,05-10-1974,Porto,Portugal,Freelancer,Retail,3398.16,19-11-2024
C02204,Alexander,Brown,Male,25-02-1964,Graz,Austria,Self Employed,Retail,5760.36,13-03-2025
C02205,Hannah,Robinson,Female,17-03-1983,Barcelona,Spain,Freelancer,Retail,2250.0,06-03-2021
C02206,Amelia,Johnson,Female,10-04-1968,Hamburg,Germany,Student,Retail,3648.51,21-01-2018
C02207,Amelia,Lopez,Female,17-10-1976,Bordeaux,France,Self Employed,Retail,3896.04,27-11-2022
C02208,Camille,Moore,Female,16-11-2000,The Hague,Netherlands,Self Employed,Premium,15722.66,22-12-2024
C02209,Amelia,Anderson,Female,13-06-1974,Gdańsk,Poland,Student,SME,4763.34,17-05-2022
C02210,Mateo,Brown,Male,28-04-1983,Utrecht,Netherlands,Self Employed,Premium,9115.19,15-07-2022
C02211,Carlos,White,Male,06-06-2004,Cork,Ireland,Business Owner,Retail,2250.0,03-05-2020
C02212,Freya,Jones,Female,23-12-1997,Antwerp,Belgium,Freelancer,Premium,6905.67,20-10-2020
C02213,Oliver,Lopez,Male,23-04-1978,Dublin,Ireland,Business Owner,Corporate,4950.0,29-04-2023
C02214,Oliver,Miller,Male,15-11-1970,Nice,France,Business Owner,SME,10672.01,16-01-2021
C02215,Carlos,Martinez,Male,14-05-2002,Florence,Italy,Student,Retail,5532.1,19-02-2019
C02216,Liam,Clark,Male,10-03-1994,Ghent,Belgium,Student,Premium,11128.41,29-01-2019
C02217,Ava,White,Female,17-11-1974,Stockholm,Sweden,Salaried,Retail,3492.94,30-04-2018
C02218,Leo,Clark,Male,26-08-1961,Naples,Italy,Business Owner,Retail,12327.02,06-01-2024
C02219,Lucas,Jackson,Male,18-08-1987,Brussels,Belgium,Salaried,SME,6679.77,15-03-2021
C02220,Hans,Perez,Male,25-10-1972,Brussels,Belgium,Freelancer,Retail,8479.93,26-06-2024
C02221,Julian,Miller,Male,10-12-1984,Nice,France,Student,Retail,2250.0,23-07-2019
C02222,Julian,Smith,Male,10-11-1997,Salzburg,Austria,Self Employed,Retail,4389.85,14-03-2025
C02223,Elena,Harris,Female,23-07-2004,Nice,France,Freelancer,Retail,5008.8,05-03-2024
C02224,Julian,Garcia,Male,08-06-1973,Antwerp,Belgium,Salaried,Premium,5630.75,02-07-2022
C02225,Charlotte,Robinson,Female,09-10-1996,Munich,Germany,Freelancer,Corporate,8362.54,14-09-2022
C02226,Olivia,Davis,Female,22-04-2002,Turin,Italy,Salaried,Retail,8141.84,03-03-2026
C02227,Arthur,Thomas,Male,16-07-1964,Nice,France,Salaried,Premium,12848.52,30-06-2021
C02228,Marco,Brown,Male,17-03-1962,Graz,Austria,Retired,Premium,19538.15,02-10-2024
C02229,Hannah,Hernandez,Female,05-05-1975,Madrid,Spain,Retired,Retail,8315.8,05-12-2020
C02230,Emma,Martinez,Female,11-04-1963,Cork,Ireland,Retired,Retail,4390.19,13-02-2019
C02231,Sofia,Perez,Female,02-07-1994,Bruges,Belgium,Salaried,Retail,7470.36,12-04-2020
C02232,Olivia,Gonzalez,Female,22-10-1966,Stockholm,Sweden,Salaried,Retail,13968.91,04-05-2019
C02233,Mia,Jackson,Female,28-08-1994,Bilbao,Spain,Student,Premium,16658.86,08-04-2022
C02234,Hannah,Brown,Female,20-04-1987,Utrecht,Netherlands,Retired,Retail,22821.62,01-04-2019
C02235,Carlos,Hernandez,Male,10-10-1967,Lisbon,Portugal,Freelancer,Retail,6434.46,30-08-2020
C02236,Ava,Smith,Female,11-04-1981,Graz,Austria,Salaried,Retail,6497.51,24-07-2022
C02237,Oliver,Anderson,Male,11-06-1976,Stockholm,Sweden,Salaried,Retail,2778.07,24-07-2019
C02238,Freya,Thompson,Female,24-08-1978,Faro,Portugal,Retired,SME,16688.84,24-11-2023
C02239,Marco,Thomas,Male,20-07-1987,Graz,Austria,Business Owner,Retail,20607.92,11-03-2019
C02240,Mateo,Lee,Male,24-12-2000,Cologne,Germany,Business Owner,Retail,2605.87,31-01-2022
C02241,Isabella,Martin,Female,28-03-1978,Dublin,Ireland,Student,Wealth,13896.95,30-06-2019
C02242,Marco,Smith,Male,01-06-1985,Bilbao,Spain,Business Owner,Retail,10849.58,02-05-2025
C02243,Mia,Johnson,Female,01-04-1967,Florence,Italy,Salaried,Wealth,11962.08,08-11-2025
C02244,Marco,Martin,Male,01-02-1988,Innsbruck,Austria,Freelancer,Retail,11093.77,18-01-2021
C02245,Mateo,Hernandez,Male,18-03-1991,Bologna,Italy,Business Owner,Retail,5355.47,25-05-2025
C02246,Camille,White,Female,05-04-1968,Dublin,Ireland,Student,Premium,5052.89,31-08-2021
C02247,Hans,Sanchez,Male,12-04-1993,Bruges,Belgium,Salaried,Wealth,18747.66,22-02-2026
C02248,Julian,Jones,Male,20-08-1977,The Hague,Netherlands,Business Owner,SME,3772.51,20-12-2022
C02249,Sophia,Ramirez,Female,17-11-1970,Madrid,Spain,Retired,Premium,17604.72,17-06-2018
C02250,James,Sanchez,Male,08-09-1989,Cork,Ireland,Business Owner,Retail,3265.61,13-11-2018
C02251,Sofia,Martinez,Female,26-03-1981,Dublin,Ireland,Student,Corporate,15973.34,26-03-2024
C02252,Ethan,Sanchez,Male,24-05-1989,Berlin,Germany,Salaried,SME,3482.23,29-04-2022
C02253,James,White,Male,18-08-1982,Faro,Portugal,Salaried,Premium,5559.76,27-06-2020
C02254,Olivia,Moore,Female,08-05-1988,The Hague,Netherlands,Business Owner,SME,6233.04,13-07-2023
C02255,Chloe,Gonzalez,Female,10-10-1997,Madrid,Spain,Salaried,Premium,5428.04,26-03-2022
C02256,Olivia,Gonzalez,Female,11-07-1963,Brussels,Belgium,Salaried,Retail,3537.04,06-12-2018
C02257,Isabella,Garcia,Female,15-03-1980,Brussels,Belgium,Retired,Retail,11043.83,10-03-2024
C02258,Noah,Harris,Male,08-06-1968,Toulouse,France,Freelancer,Premium,10095.54,15-11-2024
C02259,Carlos,Gonzalez,Male,10-05-1978,Dublin,Ireland,Freelancer,Retail,10357.98,31-07-2019
C02260,Olivia,Smith,Female,10-04-1971,Innsbruck,Austria,Salaried,Retail,7821.75,28-01-2026
C02261,Freya,Miller,Female,28-04-1981,Hamburg,Germany,Retired,Retail,2498.15,28-04-2018
C02262,Liam,Gonzalez,Male,19-08-1971,Rotterdam,Netherlands,Freelancer,SME,6786.38,15-08-2019
C02263,Arthur,Gonzalez,Male,20-11-1981,Antwerp,Belgium,Retired,Retail,3756.79,04-05-2022
C02264,Lucas,Lee,Male,01-05-1962,Seville,Spain,Student,SME,4242.32,09-10-2019
C02265,Arthur,Lee,Male,06-05-1991,Marseille,France,Business Owner,Premium,4811.43,04-09-2025
C02266,Liam,Brown,Male,13-03-1997,Seville,Spain,Self Employed,Retail,9323.1,12-05-2019
C02267,Lucas,Thomas,Male,17-03-1997,Hamburg,Germany,Self Employed,Retail,8924.36,04-07-2018
C02268,Arthur,Wilson,Male,19-11-1966,Graz,Austria,Student,Retail,6768.48,10-10-2024
C02269,Camille,Sanchez,Female,02-10-1965,Toulouse,France,Salaried,Retail,6547.91,24-03-2022
C02270,Hannah,Martinez,Female,13-06-1971,Paris,France,Business Owner,Premium,17370.4,22-09-2024
C02271,Hannah,Perez,Female,15-12-1960,Porto,Portugal,Business Owner,Premium,30847.4,25-02-2026
C02272,Julian,Jones,Male,08-12-1968,The Hague,Netherlands,Business Owner,Retail,4133.33,19-09-2021
C02273,Ethan,Perez,Male,24-08-1978,Paris,France,Freelancer,Retail,9959.49,21-11-2024
C02274,Oliver,Clark,Male,15-11-1965,Kraków,Poland,Business Owner,Wealth,14752.4,26-12-2019
C02275,Mia,Taylor,Female,03-07-2001,Faro,Portugal,Retired,Retail,7606.43,14-08-2018
C02276,Noah,Thomas,Male,26-02-2002,Porto,Portugal,Student,Premium,9517.49,21-01-2025
C02277,Amelia,Lewis,Female,07-07-2000,Stuttgart,Germany,Retired,Retail,3600.76,29-09-2019
C02278,Alexander,Thomas,Male,27-07-1968,Kraków,Poland,Student,Premium,17948.09,10-12-2018
C02279,Lucas,Jackson,Male,20-03-1978,Rome,Italy,Self Employed,Retail,8463.6,19-11-2025
C02280,Chloe,Wilson,Female,09-03-1973,Madrid,Spain,Retired,Retail,7108.79,04-05-2020
C02281,Olivia,Harris,Female,23-09-1990,Innsbruck,Austria,Business Owner,Retail,5424.65,24-05-2024
C02282,Alexander,Sanchez,Male,17-04-1981,Gothenburg,Sweden,Freelancer,Retail,6507.85,19-10-2022
C02283,Ethan,Martin,Male,14-03-1978,Bilbao,Spain,Self Employed,Retail,7883.88,22-06-2023
C02284,Ava,Wilson,Female,12-06-1977,Toulouse,France,Business Owner,Retail,8140.74,30-04-2022
C02285,Sofia,Wilson,Female,09-07-1990,Graz,Austria,Retired,Retail,5675.51,25-03-2021
C02286,Olivia,Johnson,Female,10-01-1967,Antwerp,Belgium,Student,Retail,5033.95,27-12-2023
C02287,Leo,Hernandez,Male,27-03-1967,Milan,Italy,Retired,Premium,12686.64,11-12-2022
C02288,Mateo,Perez,Male,22-05-1973,Bruges,Belgium,Self Employed,SME,8573.4,27-08-2019
C02289,Sophia,Lee,Female,15-08-1978,Wrocław,Poland,Student,Premium,19966.35,09-02-2026
C02290,Marco,Thompson,Male,12-03-1989,Antwerp,Belgium,Self Employed,Retail,5882.34,31-07-2020
C02291,Liam,Robinson,Male,03-03-1993,The Hague,Netherlands,Student,Retail,7685.33,27-03-2025
C02292,Amelia,Taylor,Female,19-01-2004,Barcelona,Spain,Student,Premium,7892.15,09-03-2026
C02293,Sofia,Lee,Female,07-07-1960,Malmö,Sweden,Self Employed,Retail,4065.26,18-01-2018
C02294,Leo,Williams,Male,26-03-1964,Berlin,Germany,Student,SME,9787.97,02-11-2020
C02295,Lucas,Anderson,Male,25-04-1973,Stockholm,Sweden,Freelancer,Retail,15270.8,22-01-2024
C02296,Charlotte,Williams,Female,24-08-1985,Bruges,Belgium,Retired,Corporate,7433.03,17-03-2021
C02297,Hans,Sanchez,Male,01-03-1998,Nice,France,Self Employed,Premium,8065.05,20-08-2019
C02298,Mateo,Martinez,Male,25-06-1999,Rome,Italy,Salaried,SME,3931.12,21-09-2021
C02299,Liam,Jones,Male,16-02-1985,Cork,Ireland,Retired,Retail,15657.95,19-09-2023
C02300,Sofia,Lewis,Female,24-12-2000,Stockholm,Sweden,Self Employed,Retail,4316.45,19-09-2018
C02301,Lucas,Clark,Male,17-07-1985,Brussels,Belgium,Business Owner,Retail,15980.92,11-10-2023
C02302,Noah,Taylor,Male,15-05-1990,Rome,Italy,Student,Retail,5567.24,16-10-2023
C02303,Alexander,Martinez,Male,15-05-1984,Vienna,Austria,Retired,Retail,9931.54,02-06-2018
C02304,Chloe,Johnson,Female,04-11-1989,Seville,Spain,Freelancer,Retail,7674.69,26-02-2019
C02305,Elena,Williams,Female,12-02-1965,Lisbon,Portugal,Student,Retail,5689.23,02-12-2022
C02306,Hans,Johnson,Male,23-12-1997,Rotterdam,Netherlands,Freelancer,Retail,6648.5,07-08-2021
C02307,Elena,Brown,Female,07-09-1981,Bologna,Italy,Student,Retail,2895.34,02-09-2021
C02308,Leo,Wilson,Male,12-09-1969,Paris,France,Business Owner,Retail,6634.8,15-10-2019
C02309,Charlotte,Brown,Female,05-11-1985,Gdańsk,Poland,Student,Retail,4700.34,19-10-2022
C02310,Amelia,Perez,Female,28-10-1991,Toulouse,France,Self Employed,Retail,20870.91,08-10-2019
C02311,Camille,Jackson,Female,25-08-1971,Milan,Italy,Salaried,Retail,8779.59,26-02-2025
C02312,Carlos,Rodriguez,Male,11-03-1963,Nice,France,Salaried,Retail,7447.43,08-02-2024
C02313,Mia,Rodriguez,Female,18-01-1972,Barcelona,Spain,Student,SME,6099.13,06-04-2023
C02314,Chloe,Williams,Female,25-02-1967,Paris,France,Self Employed,Retail,3746.37,05-01-2018
C02315,Arthur,Taylor,Male,15-01-1963,Stockholm,Sweden,Freelancer,SME,4786.65,01-08-2018
C02316,James,Brown,Male,28-08-2002,Braga,Portugal,Freelancer,SME,3150.0,02-07-2024
C02317,Camille,Perez,Female,04-08-2000,Lyon,France,Student,Retail,7847.8,24-07-2022
C02318,Amelia,Garcia,Female,20-10-1962,Braga,Portugal,Salaried,Premium,4496.87,13-03-2018
C02319,Arthur,Garcia,Male,06-03-1983,Ghent,Belgium,Student,SME,16228.49,31-12-2024
C02320,Carlos,Gonzalez,Male,05-03-2004,Munich,Germany,Student,SME,10584.33,29-03-2018
C02321,James,Williams,Male,16-05-2004,Valencia,Spain,Salaried,Premium,7284.8,08-09-2021
C02322,Charlotte,Lewis,Female,02-02-2004,Munich,Germany,Business Owner,Retail,5111.16,14-04-2024
C02323,Louis,Martinez,Male,09-11-1973,Antwerp,Belgium,Self Employed,SME,20248.54,29-07-2021
C02324,Mia,Jackson,Female,23-09-1992,Seville,Spain,Retired,Retail,5484.5,09-07-2022
C02325,Camille,Anderson,Female,27-02-1996,Turin,Italy,Freelancer,Retail,5578.01,10-09-2020
C02326,Arthur,Perez,Male,03-04-1961,Turin,Italy,Business Owner,SME,12834.08,29-05-2022
C02327,Mateo,Martin,Male,28-05-1981,Lisbon,Portugal,Freelancer,SME,7725.99,29-07-2025
C02328,Arthur,Rodriguez,Male,13-09-1961,Antwerp,Belgium,Retired,Premium,8845.22,16-10-2021
C02329,Ethan,Robinson,Male,16-03-1973,Faro,Portugal,Self Employed,SME,5915.26,04-08-2021
C02330,Carlos,Sanchez,Male,13-04-2001,Utrecht,Netherlands,Retired,Premium,13751.0,03-08-2018
C02331,Liam,Miller,Male,08-10-1998,Paris,France,Self Employed,Retail,5206.51,28-11-2023
C02332,Liam,Williams,Male,09-12-1981,Galway,Ireland,Retired,Retail,11457.76,31-07-2020
C02333,Camille,Martin,Female,08-12-1976,Utrecht,Netherlands,Self Employed,Premium,9136.25,27-12-2023
C02334,Isabella,Ramirez,Female,05-02-1992,Nice,France,Student,Wealth,22132.02,27-10-2025
C02335,Marco,Brown,Male,28-01-1989,Valencia,Spain,Business Owner,Retail,6903.77,20-08-2025
C02336,Charlotte,Moore,Female,25-11-1973,Faro,Portugal,Self Employed,Corporate,12126.04,23-01-2019
C02337,Emma,Smith,Female,24-02-1997,Seville,Spain,Freelancer,Retail,8258.09,28-04-2018
C02338,Alexander,Brown,Male,14-08-1985,Barcelona,Spain,Freelancer,Retail,11191.58,15-12-2023
C02339,James,Garcia,Male,08-07-1973,Marseille,France,Freelancer,Retail,5949.49,05-05-2025
C02340,Sofia,Thomas,Female,15-03-2000,Bruges,Belgium,Student,SME,5358.16,10-10-2023
C02341,Mateo,Thompson,Male,23-10-1960,Kraków,Poland,Self Employed,Premium,9169.81,04-03-2024
C02342,Alexander,Ramirez,Male,18-12-2003,Nice,France,Self Employed,Wealth,25058.72,17-08-2021
C02343,Marco,White,Male,16-08-1999,Graz,Austria,Retired,Retail,9222.29,21-02-2022
C02344,Chloe,White,Female,01-06-1961,Milan,Italy,Student,SME,3243.97,08-03-2024
C02345,Mateo,Martinez,Male,03-10-1972,Milan,Italy,Freelancer,Wealth,14207.57,13-04-2019
C02346,Julian,Clark,Male,02-07-1993,The Hague,Netherlands,Business Owner,Retail,10405.2,09-01-2021
C02347,Julian,Lopez,Male,17-03-2000,Bologna,Italy,Freelancer,SME,13022.74,12-08-2020
C02348,Camille,Perez,Female,07-10-1969,Lyon,France,Business Owner,Retail,6910.79,02-12-2019
C02349,Louis,Perez,Male,22-07-1961,Gothenburg,Sweden,Student,Premium,8918.24,20-11-2019
C02350,Charlotte,Sanchez,Female,21-08-1960,Lisbon,Portugal,Business Owner,Retail,7082.91,06-09-2020
C02351,Isabella,Williams,Female,01-05-2000,Nice,France,Business Owner,Premium,4050.0,21-05-2022
C02352,Ava,Jones,Female,22-07-1983,Gdańsk,Poland,Self Employed,Corporate,12118.6,22-01-2022
C02353,Emma,Miller,Female,08-06-1976,Toulouse,France,Business Owner,Retail,7424.39,07-10-2023
C02354,Olivia,Clark,Female,28-12-2002,Cork,Ireland,Freelancer,Retail,3689.44,19-02-2024
C02355,Emma,Thompson,Female,28-03-2000,Faro,Portugal,Self Employed,Retail,5479.89,24-09-2019
C02356,Sophia,Ramirez,Female,16-08-2002,Salzburg,Austria,Self Employed,Retail,3852.39,14-10-2019
C02357,Emma,Miller,Female,07-09-1999,Turin,Italy,Retired,Premium,12168.27,10-05-2018
C02358,Mateo,Lee,Male,26-12-1961,Porto,Portugal,Retired,Retail,8609.7,07-01-2021
C02359,Ava,Lee,Female,24-03-1989,Turin,Italy,Self Employed,SME,8742.41,01-07-2023
C02360,Sophia,Wilson,Female,09-06-1997,Amsterdam,Netherlands,Retired,Premium,10574.51,09-12-2021
C02361,Freya,Lee,Female,22-01-1982,Faro,Portugal,Self Employed,Retail,2804.2,23-09-2018
C02362,Freya,Sanchez,Female,09-10-1989,Turin,Italy,Retired,Corporate,21263.67,16-09-2021
C02363,Leo,Miller,Male,24-12-1965,Vienna,Austria,Business Owner,SME,4783.72,15-11-2019
C02364,Oliver,Martinez,Male,15-03-1982,Cologne,Germany,Freelancer,SME,4312.01,09-11-2021
C02365,Clara,Anderson,Female,17-01-2004,Barcelona,Spain,Business Owner,Retail,4003.21,02-11-2021
C02366,Ava,Thomas,Female,25-11-1976,Madrid,Spain,Business Owner,Retail,4184.31,04-07-2021
C02367,Alexander,Smith,Male,23-08-2004,Innsbruck,Austria,Student,Retail,7384.44,10-02-2023
C02368,Olivia,Garcia,Female,09-08-1975,Limerick,Ireland,Freelancer,Retail,3123.98,04-02-2026
C02369,Hannah,Jones,Female,04-05-1987,Stuttgart,Germany,Student,Retail,4774.9,17-10-2019
C02370,Louis,Thompson,Male,02-10-1997,Amsterdam,Netherlands,Self Employed,Retail,2936.77,08-12-2024
C02371,Mateo,Thomas,Male,14-02-1981,Vienna,Austria,Self Employed,Corporate,22251.82,05-08-2025
C02372,Mateo,Smith,Male,22-04-1988,Barcelona,Spain,Business Owner,SME,3150.0,19-08-2023
C02373,Freya,Anderson,Female,10-11-1965,Bilbao,Spain,Business Owner,Premium,5132.26,09-02-2022
C02374,Chloe,Davis,Female,18-03-2003,Bilbao,Spain,Business Owner,Retail,6994.83,28-02-2022
C02375,Noah,Martinez,Male,06-08-1984,Antwerp,Belgium,Freelancer,Premium,7573.3,10-05-2021
C02376,Chloe,Clark,Female,12-10-1987,Graz,Austria,Student,Retail,18629.71,02-05-2019
C02377,Carlos,Gonzalez,Male,14-01-1980,Lyon,France,Student,Retail,26205.49,23-10-2021
C02378,James,Hernandez,Male,28-04-1988,The Hague,Netherlands,Freelancer,Retail,2915.83,08-08-2018
C02379,James,Brown,Male,27-04-1991,Valencia,Spain,Business Owner,Premium,4485.42,19-12-2022
C02380,Marco,Ramirez,Male,14-08-2003,Rome,Italy,Student,Corporate,6013.34,20-03-2025
C02381,Camille,Wilson,Female,24-10-1982,Salzburg,Austria,Business Owner,Premium,14051.04,25-07-2021
C02382,Charlotte,Ramirez,Female,01-03-1960,Kraków,Poland,Retired,Retail,9447.32,15-11-2024
C02383,Amelia,White,Female,10-12-1973,Brussels,Belgium,Student,Premium,15342.17,13-06-2022
C02384,Chloe,Martin,Female,25-11-1975,Graz,Austria,Business Owner,Retail,8044.23,05-01-2025
C02385,Louis,Moore,Male,24-12-1994,Rotterdam,Netherlands,Self Employed,Retail,10022.32,29-02-2024
C02386,Isabella,Johnson,Female,03-03-1988,Antwerp,Belgium,Salaried,Retail,7190.13,16-02-2019
C02387,Mateo,Gonzalez,Male,05-03-1979,Utrecht,Netherlands,Self Employed,Retail,2664.9,10-05-2018
C02388,Mateo,Taylor,Male,24-11-1972,Salzburg,Austria,Student,Retail,8152.59,07-02-2018
C02389,Julian,White,Male,22-10-1994,Nice,France,Student,Premium,9694.87,22-09-2023
C02390,Julian,Robinson,Male,16-11-1979,Wrocław,Poland,Student,Retail,4758.49,06-02-2018
C02391,Sofia,Lewis,Female,08-07-1967,The Hague,Netherlands,Salaried,Retail,2979.9,09-01-2020
C02392,Freya,Ramirez,Female,17-01-1989,Bruges,Belgium,Business Owner,Retail,6028.87,28-01-2022
C02393,Mateo,Davis,Male,05-08-1998,Bruges,Belgium,Student,Premium,7823.17,19-10-2022
C02394,Camille,Johnson,Female,15-04-1965,The Hague,Netherlands,Self Employed,Retail,6733.29,10-10-2022
C02395,Leo,Smith,Male,13-06-1997,Gothenburg,Sweden,Salaried,Retail,14617.88,05-03-2022
C02396,Alexander,Jackson,Male,15-04-1991,Innsbruck,Austria,Self Employed,Retail,7343.89,07-03-2026
C02397,Mia,Moore,Female,21-11-1973,Gothenburg,Sweden,Business Owner,SME,10951.38,21-05-2022
C02398,Oliver,Rodriguez,Male,14-08-1971,Limerick,Ireland,Student,Retail,3789.97,01-09-2022
C02399,Hans,Lee,Male,06-05-2003,Graz,Austria,Retired,Premium,6279.05,14-06-2022
C02400,Charlotte,Lewis,Female,14-04-1986,Amsterdam,Netherlands,Salaried,Retail,3774.13,05-06-2020
C02401,Amelia,Brown,Female,25-09-1995,Stuttgart,Germany,Freelancer,Wealth,7208.95,18-07-2020
C02402,Amelia,Martin,Female,06-10-1982,Utrecht,Netherlands,Business Owner,Corporate,14607.72,16-09-2024
C02403,Sofia,Lopez,Female,02-02-1977,Gothenburg,Sweden,Self Employed,SME,11735.81,10-06-2019
C02404,Amelia,Thompson,Female,16-05-1970,Lyon,France,Freelancer,Retail,4024.25,07-08-2018
C02405,Charlotte,Smith,Female,15-11-1981,The Hague,Netherlands,Business Owner,Retail,20747.16,10-07-2024
C02406,Ava,Martinez,Female,20-10-1988,The Hague,Netherlands,Business Owner,Retail,2250.0,18-10-2023
C02407,Camille,Miller,Female,18-10-1995,Toulouse,France,Self Employed,Premium,4050.0,23-01-2019
C02408,Mateo,Lopez,Male,06-02-1972,Amsterdam,Netherlands,Freelancer,Premium,20379.73,25-08-2022
C02409,Mateo,Davis,Male,10-10-1986,Bilbao,Spain,Student,Premium,10027.92,13-12-2023
C02410,Leo,Davis,Male,04-01-2004,Munich,Germany,Student,Corporate,6038.58,27-06-2020
C02411,Chloe,Robinson,Female,26-02-1986,Bologna,Italy,Retired,SME,3150.0,31-05-2018
C02412,Sofia,Hernandez,Female,20-12-1979,Munich,Germany,Business Owner,SME,3688.41,15-10-2023
C02413,Hans,Martin,Male,11-04-1992,Warsaw,Poland,Self Employed,Premium,5339.43,28-05-2023
C02414,Carlos,Clark,Male,21-10-1973,The Hague,Netherlands,Freelancer,Retail,7952.72,06-11-2020
C02415,Camille,Perez,Female,04-03-1986,Bilbao,Spain,Self Employed,SME,7059.53,29-05-2024
C02416,Mateo,Jones,Male,09-06-1976,Graz,Austria,Salaried,Retail,2250.0,09-07-2021
C02417,Hans,Martinez,Male,20-01-1973,The Hague,Netherlands,Freelancer,Retail,6706.14,01-08-2024
C02418,Louis,Thompson,Male,10-11-2004,Stockholm,Sweden,Retired,Retail,9968.34,08-11-2024
C02419,Charlotte,Wilson,Female,04-12-1971,Barcelona,Spain,Student,Retail,18159.9,13-09-2023
C02420,Freya,Perez,Female,07-04-1964,Marseille,France,Freelancer,Wealth,10855.62,12-07-2019
C02421,Sofia,White,Female,08-11-1990,Barcelona,Spain,Salaried,Premium,7030.07,20-09-2025
C02422,Mia,Sanchez,Female,08-12-1993,Toulouse,France,Salaried,SME,3150.0,21-01-2019
C02423,Mateo,Sanchez,Male,26-11-1966,Cork,Ireland,Freelancer,Retail,4053.8,29-06-2025
C02424,Freya,Garcia,Female,09-12-1970,Florence,Italy,Student,Retail,9142.22,12-08-2022
C02425,Chloe,Miller,Female,04-02-2004,Braga,Portugal,Salaried,Premium,10367.07,14-11-2024
C02426,Lucas,Thompson,Male,10-02-1978,Valencia,Spain,Student,Retail,2946.0,09-06-2018
C02427,Louis,Williams,Male,05-11-1979,Bruges,Belgium,Retired,Retail,4608.39,04-01-2020
C02428,Marco,Thomas,Male,27-11-1964,Malmö,Sweden,Salaried,Corporate,9130.56,10-02-2025
C02429,Liam,Garcia,Male,13-08-1975,Utrecht,Netherlands,Self Employed,Premium,8242.19,23-05-2024
C02430,Noah,Garcia,Male,18-04-1974,Gothenburg,Sweden,Retired,Retail,5939.68,04-08-2025
C02431,Chloe,Thomas,Female,26-04-1999,Munich,Germany,Salaried,Corporate,4950.0,31-03-2022
C02432,Oliver,Sanchez,Male,17-03-2003,Braga,Portugal,Self Employed,Corporate,9304.58,20-11-2020
C02433,Charlotte,Thomas,Female,04-06-1990,Munich,Germany,Freelancer,SME,11122.56,02-06-2018
C02434,Lucas,Davis,Male,26-06-1987,Cork,Ireland,Retired,Retail,2620.57,12-09-2021
C02435,Sophia,Moore,Female,09-08-1961,Faro,Portugal,Retired,Retail,8317.03,19-01-2021
C02436,Emma,Smith,Female,08-01-2000,Porto,Portugal,Self Employed,Premium,20710.44,14-08-2021
C02437,Ethan,Lewis,Male,13-08-1966,Cologne,Germany,Salaried,Retail,4263.3,04-06-2018
C02438,Isabella,Lopez,Female,09-06-1997,Bordeaux,France,Freelancer,Retail,5613.74,08-03-2026
C02439,Sofia,Garcia,Female,22-07-2001,Berlin,Germany,Student,Retail,11893.85,09-03-2018
C02440,Ava,Clark,Female,15-02-2004,Malmö,Sweden,Salaried,Premium,10857.7,27-11-2018
C02441,Freya,Lewis,Female,09-09-1973,Paris,France,Student,Corporate,11299.37,01-03-2026
C02442,Elena,Johnson,Female,11-11-1960,Stockholm,Sweden,Student,Retail,8025.36,05-06-2025
C02443,Clara,Williams,Female,24-10-1976,Dublin,Ireland,Retired,Premium,4050.0,20-10-2023
C02444,Ethan,Wilson,Male,11-05-1961,Amsterdam,Netherlands,Student,Corporate,6127.13,06-11-2021
C02445,Oliver,Martin,Male,27-03-1962,Gdańsk,Poland,Business Owner,Premium,16297.4,31-12-2022
C02446,Sophia,Brown,Female,28-01-1979,Salzburg,Austria,Freelancer,Retail,11535.2,08-12-2019
C02447,Leo,Davis,Male,26-09-1979,Bordeaux,France,Freelancer,Retail,3924.68,26-07-2022
C02448,Mateo,Rodriguez,Male,13-11-1963,Cork,Ireland,Salaried,Retail,5612.12,02-08-2019
C02449,Mia,Sanchez,Female,13-10-1995,Warsaw,Poland,Business Owner,Premium,14820.84,18-11-2023
C02450,Ethan,Harris,Male,07-01-1990,Antwerp,Belgium,Business Owner,Retail,5081.5,30-05-2021
C02451,James,Harris,Male,20-11-1973,Dublin,Ireland,Salaried,Retail,5643.79,10-01-2024
C02452,Hannah,Moore,Female,07-03-2003,Munich,Germany,Self Employed,Retail,5012.38,24-05-2019
C02453,Lucas,Lewis,Male,28-05-1979,Cologne,Germany,Student,Retail,5190.31,30-09-2020
C02454,Ava,Ramirez,Female,11-09-1988,Graz,Austria,Student,Premium,10898.71,21-12-2020
C02455,Camille,Ramirez,Female,09-10-1983,Galway,Ireland,Self Employed,Premium,30355.76,02-01-2023
C02456,Elena,Martin,Female,25-01-1976,Rome,Italy,Salaried,Corporate,11665.56,22-12-2020
C02457,Sofia,Brown,Female,14-08-1961,Utrecht,Netherlands,Salaried,Retail,2250.0,08-11-2018
C02458,Louis,Johnson,Male,21-04-1990,Stuttgart,Germany,Retired,Corporate,4950.0,11-02-2021
C02459,Hannah,Anderson,Female,13-06-1986,Graz,Austria,Self Employed,Retail,5573.3,22-11-2023
C02460,Clara,Anderson,Female,14-11-2001,Amsterdam,Netherlands,Student,Retail,4610.33,11-05-2018
C02461,Freya,Harris,Female,15-05-1962,Dublin,Ireland,Salaried,Retail,11314.65,19-11-2018
C02462,Oliver,Brown,Male,17-10-2004,Limerick,Ireland,Freelancer,Premium,37845.2,27-07-2021
C02463,Clara,Martin,Female,15-12-1973,Lisbon,Portugal,Student,Corporate,8426.14,08-10-2022
C02464,Chloe,Sanchez,Female,25-11-1992,Vienna,Austria,Student,Premium,10274.87,12-07-2025
C02465,Freya,Brown,Female,23-03-1995,Wrocław,Poland,Retired,Premium,21879.59,28-07-2024
C02466,Carlos,Moore,Male,21-09-1961,Cologne,Germany,Freelancer,Premium,7732.44,10-01-2020
C02467,James,Taylor,Male,14-08-1971,Turin,Italy,Retired,SME,12636.28,01-01-2024
C02468,Olivia,Garcia,Female,03-03-1971,Dublin,Ireland,Student,Retail,4641.84,13-05-2018
C02469,Sofia,Brown,Female,15-05-1991,Naples,Italy,Freelancer,SME,3996.61,12-08-2023
C02470,Freya,Miller,Female,15-05-1970,Limerick,Ireland,Business Owner,Retail,4465.61,27-02-2019
C02471,Hans,Lopez,Male,24-03-2003,Munich,Germany,Retired,Retail,5597.45,25-08-2025
C02472,Ava,White,Female,28-05-1986,Amsterdam,Netherlands,Salaried,SME,7574.99,02-09-2023
C02473,Isabella,Thompson,Female,12-03-1960,Madrid,Spain,Freelancer,Retail,5729.09,19-11-2019
C02474,Mateo,Harris,Male,20-09-1991,Rotterdam,Netherlands,Retired,Retail,2250.0,17-03-2022
C02475,Leo,Thomas,Male,27-09-1983,Cork,Ireland,Self Employed,SME,13461.47,13-01-2024
C02476,Louis,Ramirez,Male,08-10-1966,Stockholm,Sweden,Self Employed,Retail,9856.94,23-12-2023
C02477,Olivia,Jones,Female,07-07-1976,Bilbao,Spain,Freelancer,Retail,2250.0,18-09-2020
C02478,Sofia,Lopez,Female,04-12-1997,Wrocław,Poland,Salaried,Retail,5623.61,23-12-2018
C02479,Ethan,Clark,Male,07-02-1985,Valencia,Spain,Salaried,Retail,3558.82,06-08-2021
C02480,Liam,Brown,Male,02-04-1962,Turin,Italy,Salaried,SME,5464.6,30-11-2024
C02481,Carlos,Miller,Male,18-10-1983,Graz,Austria,Freelancer,Retail,8020.74,05-06-2021
C02482,Amelia,Wilson,Female,26-02-1979,Rome,Italy,Business Owner,Premium,5255.3,18-09-2019
C02483,Clara,Harris,Female,22-05-1986,Turin,Italy,Salaried,Retail,8404.9,16-10-2025
C02484,James,Davis,Male,23-07-2001,Gdańsk,Poland,Freelancer,Premium,17928.55,21-05-2019
C02485,Freya,Sanchez,Female,14-03-1994,Gothenburg,Sweden,Self Employed,SME,5316.97,05-05-2018
C02486,Mateo,Hernandez,Male,09-11-1972,Rotterdam,Netherlands,Business Owner,Retail,14582.16,18-05-2024
C02487,Isabella,Taylor,Female,26-11-1968,Rotterdam,Netherlands,Salaried,Premium,8476.14,21-11-2025
C02488,Ava,Williams,Female,01-03-1970,Ghent,Belgium,Retired,Retail,7140.75,14-07-2023
C02489,Isabella,Lopez,Female,18-04-1976,Dublin,Ireland,Self Employed,Retail,2250.0,16-01-2026
C02490,Louis,Harris,Male,17-11-1981,Malmö,Sweden,Business Owner,SME,15644.26,12-03-2024
C02491,Charlotte,Lopez,Female,09-03-1971,Brussels,Belgium,Salaried,Retail,9072.48,19-01-2026
C02492,Sofia,Perez,Female,28-05-1961,Berlin,Germany,Student,Retail,5581.88,18-09-2025
C02493,Noah,Jones,Male,04-01-1973,Limerick,Ireland,Retired,SME,3150.0,08-04-2024
C02494,Arthur,Harris,Male,17-09-1993,Limerick,Ireland,Salaried,Retail,9582.12,23-04-2020
C02495,Leo,Wilson,Male,14-01-2002,Faro,Portugal,Salaried,Premium,15172.78,25-02-2026
C02496,Arthur,Davis,Male,01-07-1995,Faro,Portugal,Retired,SME,7428.64,25-11-2024
C02497,Ava,Sanchez,Female,01-09-1973,Paris,France,Business Owner,Retail,4429.65,28-10-2018
C02498,Charlotte,Wilson,Female,15-05-1967,Bordeaux,France,Salaried,SME,4938.33,02-08-2022
C02499,Hannah,Wilson,Female,02-11-1973,Rome,Italy,Salaried,SME,6311.92,29-03-2024
C02500,Hannah,Anderson,Female,13-09-1992,Stuttgart,Germany,Freelancer,SME,8711.34,30-05-2025
C02501,Carlos,Taylor,Male,12-03-1997,Barcelona,Spain,Freelancer,Corporate,29654.02,07-01-2024
C02502,Clara,Perez,Female,07-09-1967,Madrid,Spain,Student,Retail,4882.6,02-01-2024
C02503,Mia,Smith,Female,16-07-2003,Faro,Portugal,Business Owner,SME,10079.59,09-03-2024
C02504,Mateo,Jones,Male,24-05-1990,Faro,Portugal,Self Employed,Retail,3754.12,03-01-2022
C02505,Clara,Smith,Female,11-08-1965,Braga,Portugal,Business Owner,SME,14048.23,11-01-2024
C02506,Camille,Sanchez,Female,22-02-1977,Malmö,Sweden,Student,Retail,2250.0,16-08-2021
C02507,Elena,Williams,Female,26-02-2001,Vienna,Austria,Business Owner,Premium,9866.43,27-07-2021
C02508,Olivia,Hernandez,Female,14-11-1982,Nice,France,Self Employed,Retail,2992.29,07-02-2026
C02509,Mia,Gonzalez,Female,07-10-1963,Stockholm,Sweden,Self Employed,Retail,5557.83,04-06-2018
C02510,Arthur,Garcia,Male,16-10-1980,Rotterdam,Netherlands,Business Owner,Premium,4918.51,07-06-2025
C02511,Alexander,Johnson,Male,13-08-1970,Barcelona,Spain,Freelancer,Retail,8633.3,05-09-2023
C02512,Alexander,Harris,Male,26-01-1977,Gdańsk,Poland,Student,Retail,13153.65,18-09-2020
C02513,Emma,Perez,Female,13-07-1993,Galway,Ireland,Student,Wealth,13784.94,06-03-2018
C02514,Hans,Lee,Male,05-10-1975,Paris,France,Student,SME,7589.77,12-07-2019
C02515,Liam,Lewis,Male,24-06-2000,Brussels,Belgium,Freelancer,Retail,3544.77,14-12-2023
C02516,Julian,Johnson,Male,24-08-1986,The Hague,Netherlands,Salaried,Premium,23893.88,03-01-2022
C02517,Sofia,Thompson,Female,07-11-2001,Nice,France,Retired,Premium,28252.75,23-07-2019
C02518,Clara,Perez,Female,06-07-1970,Warsaw,Poland,Business Owner,Retail,2805.25,08-06-2022
C02519,Hans,Taylor,Male,20-09-1988,Stockholm,Sweden,Retired,Corporate,5109.98,30-08-2023
C02520,Lucas,Wilson,Male,12-08-1989,Frankfurt,Germany,Business Owner,Retail,2250.0,10-10-2024
C02521,Alexander,Lewis,Male,22-04-1981,Dublin,Ireland,Retired,Retail,15595.96,23-03-2025
C02522,Marco,Thompson,Male,16-10-2002,Lyon,France,Student,Retail,5105.06,18-03-2018
C02523,Leo,Ramirez,Male,24-05-1980,Salzburg,Austria,Student,Premium,16101.47,09-01-2024
C02524,Isabella,White,Female,04-08-2002,Faro,Portugal,Retired,Retail,4557.32,09-08-2018
C02525,Camille,Hernandez,Female,08-12-1985,Lisbon,Portugal,Salaried,Retail,3480.48,28-07-2018
C02526,Hannah,Lopez,Female,11-02-1967,Galway,Ireland,Self Employed,Premium,7739.67,09-06-2025
C02527,Emma,Clark,Female,23-05-2002,Kraków,Poland,Student,Retail,3242.11,08-11-2020
C02528,Isabella,Lewis,Female,09-06-1974,Malmö,Sweden,Freelancer,Premium,15240.51,13-03-2022
C02529,Elena,Martin,Female,22-10-1973,Porto,Portugal,Retired,Retail,4141.25,14-03-2018
C02530,Hannah,Jones,Female,24-08-1982,Nice,France,Student,Premium,16287.14,01-07-2018
C02531,Camille,Gonzalez,Female,21-05-1993,Bruges,Belgium,Student,Premium,15501.08,08-01-2018
C02532,Amelia,Lee,Female,04-08-1961,Bilbao,Spain,Freelancer,Retail,4599.36,11-10-2025
C02533,Noah,Lewis,Male,18-02-1978,Valencia,Spain,Student,Retail,4271.35,06-03-2021
C02534,Leo,Martin,Male,04-01-1985,Utrecht,Netherlands,Student,Retail,3542.73,25-05-2018
C02535,Arthur,Martin,Male,26-10-1989,Bologna,Italy,Retired,Premium,11424.53,04-07-2021
C02536,Sofia,Anderson,Female,13-02-2003,Munich,Germany,Student,SME,3957.49,04-07-2022
C02537,Camille,Lopez,Female,26-04-1982,Dublin,Ireland,Salaried,Retail,7134.09,27-06-2023
C02538,Hannah,Sanchez,Female,05-03-1989,The Hague,Netherlands,Salaried,Retail,2250.0,05-03-2020
C02539,Clara,Lee,Female,09-02-1960,Rome,Italy,Freelancer,Retail,16540.13,22-06-2021
C02540,Charlotte,Harris,Female,13-07-1974,Stockholm,Sweden,Student,SME,13846.56,14-09-2018
C02541,Sophia,Lewis,Female,07-01-1993,Graz,Austria,Business Owner,Premium,8586.43,15-04-2024
C02542,Lucas,Williams,Male,17-01-1984,Salzburg,Austria,Freelancer,Retail,8276.7,13-04-2023
C02543,Emma,Moore,Female,25-12-1976,Berlin,Germany,Student,Corporate,6129.52,17-07-2024
C02544,Ethan,Gonzalez,Male,22-03-1965,Braga,Portugal,Student,Retail,2250.0,05-12-2018
C02545,Camille,White,Female,26-08-1997,Nice,France,Business Owner,Premium,17581.24,21-01-2025
C02546,Louis,Lewis,Male,23-06-1984,Utrecht,Netherlands,Salaried,Retail,2879.4,04-11-2023
C02547,Ava,Taylor,Female,22-09-2004,The Hague,Netherlands,Self Employed,SME,13847.45,25-09-2023
C02548,Leo,Martinez,Male,05-06-2003,Dublin,Ireland,Student,Retail,6368.0,06-02-2026
C02549,Sophia,Williams,Female,25-05-1992,Galway,Ireland,Student,Retail,7964.82,10-07-2025
C02550,Leo,Moore,Male,03-01-1970,Graz,Austria,Salaried,Retail,5676.75,01-04-2019
C02551,Isabella,Taylor,Female,18-03-1988,Graz,Austria,Business Owner,Retail,4856.0,04-04-2023
C02552,Ethan,Harris,Male,19-12-1962,Kraków,Poland,Student,Retail,4436.75,26-03-2022
C02553,Marco,Garcia,Male,01-06-1998,Ghent,Belgium,Salaried,Retail,8829.74,06-08-2023
C02554,James,Smith,Male,18-05-1962,Bruges,Belgium,Retired,Retail,5725.4,17-05-2022
C02555,Hannah,Sanchez,Female,08-01-1974,Gdańsk,Poland,Business Owner,SME,10078.35,23-11-2024
C02556,Leo,Jackson,Male,04-05-1989,Porto,Portugal,Student,Premium,19108.2,21-10-2020
C02557,Isabella,Davis,Female,24-10-1962,Bruges,Belgium,Freelancer,Premium,9826.75,14-04-2019
C02558,Carlos,Harris,Male,02-11-1988,Paris,France,Retired,Retail,5880.83,22-05-2022
C02559,Lucas,White,Male,09-08-1960,Nice,France,Business Owner,Retail,3209.8,05-12-2019
C02560,Charlotte,Taylor,Female,06-03-1960,The Hague,Netherlands,Business Owner,Retail,14323.15,05-02-2021
C02561,Oliver,White,Male,28-03-1960,Barcelona,Spain,Retired,SME,8745.92,05-05-2021
C02562,James,Clark,Male,21-10-2003,Warsaw,Poland,Student,Retail,4726.64,29-06-2021
C02563,Ethan,Rodriguez,Male,19-07-1976,Paris,France,Business Owner,Retail,7274.46,12-07-2018
C02564,Sofia,Taylor,Female,08-09-1969,Turin,Italy,Retired,Retail,6151.46,26-06-2024
C02565,Ethan,Brown,Male,26-06-1974,Salzburg,Austria,Student,Corporate,13552.18,04-11-2025
C02566,James,Harris,Male,12-01-1972,Limerick,Ireland,Self Employed,Retail,5270.33,04-11-2020
C02567,Sofia,Brown,Female,03-06-1960,Antwerp,Belgium,Self Employed,Wealth,6750.0,06-09-2020
C02568,Amelia,Martinez,Female,09-09-1984,Gdańsk,Poland,Freelancer,Retail,6955.14,20-11-2022
C02569,Julian,White,Male,09-07-1960,The Hague,Netherlands,Freelancer,Retail,9281.07,20-04-2023
C02570,Emma,Anderson,Female,08-04-1962,Frankfurt,Germany,Student,Retail,6300.57,17-12-2020
C02571,Ethan,Davis,Male,10-01-1967,Dublin,Ireland,Retired,Retail,7268.63,15-01-2019
C02572,Clara,White,Female,28-01-1984,Rome,Italy,Retired,Retail,3764.39,20-01-2026
C02573,Chloe,Jackson,Female,27-07-1990,Brussels,Belgium,Business Owner,Retail,2697.56,16-01-2023
C02574,Louis,Lewis,Male,24-11-1978,Turin,Italy,Self Employed,Retail,4637.69,06-05-2022
C02575,Sofia,Perez,Female,17-05-1973,Graz,Austria,Freelancer,Retail,9877.46,07-04-2022
C02576,Leo,Ramirez,Male,14-12-1982,Innsbruck,Austria,Freelancer,Retail,4412.81,19-01-2026
C02577,Chloe,Davis,Female,17-04-1964,Braga,Portugal,Student,Retail,4581.0,12-02-2023
C02578,Ethan,Martinez,Male,15-06-1998,Amsterdam,Netherlands,Student,Retail,7754.74,01-07-2020
C02579,Lucas,Perez,Male,06-10-1989,Cork,Ireland,Self Employed,SME,3669.78,18-03-2024
C02580,Clara,Clark,Female,06-03-1986,Stockholm,Sweden,Self Employed,Premium,4050.0,03-11-2019
C02581,Camille,Jackson,Female,25-11-1972,Stockholm,Sweden,Business Owner,Retail,7818.03,02-04-2022
C02582,Marco,Jones,Male,01-12-1985,Limerick,Ireland,Student,SME,15364.78,11-11-2024
C02583,Camille,Gonzalez,Female,07-03-2001,Hamburg,Germany,Salaried,Retail,5863.12,14-07-2019
C02584,Elena,White,Female,16-04-1981,Utrecht,Netherlands,Business Owner,Premium,15831.35,18-12-2023
C02585,Noah,Brown,Male,04-04-1981,Rome,Italy,Business Owner,Retail,7472.5,14-11-2019
C02586,Mia,Taylor,Female,05-05-1982,Berlin,Germany,Business Owner,Retail,4437.97,03-05-2018
C02587,Julian,Miller,Male,18-07-1995,Madrid,Spain,Self Employed,Retail,14353.47,05-02-2026
C02588,Freya,Harris,Female,04-03-1968,Galway,Ireland,Retired,Retail,2556.28,02-07-2022
C02589,Mia,Anderson,Female,25-10-1973,Naples,Italy,Self Employed,Premium,13148.9,05-11-2025
C02590,Olivia,Jones,Female,26-03-1976,Stockholm,Sweden,Freelancer,Retail,4439.23,23-06-2024
C02591,Louis,Wilson,Male,04-05-1979,Nice,France,Student,Retail,2250.0,19-01-2018
C02592,Carlos,Wilson,Male,23-02-1980,Wrocław,Poland,Salaried,Retail,5739.41,26-08-2019
C02593,Olivia,Williams,Female,03-01-2001,Faro,Portugal,Business Owner,Premium,9809.6,11-12-2023
C02594,Emma,Wilson,Female,22-03-1999,Stockholm,Sweden,Freelancer,SME,5334.4,15-03-2018
C02595,Hans,Jones,Male,13-03-1982,The Hague,Netherlands,Freelancer,Premium,10890.18,20-06-2022
C02596,Amelia,Miller,Female,25-09-1990,Graz,Austria,Self Employed,Retail,7930.4,01-09-2020
C02597,Mateo,Williams,Male,18-07-1973,Gdańsk,Poland,Self Employed,Premium,5887.66,06-07-2019
C02598,Mia,Perez,Female,09-02-1991,Warsaw,Poland,Salaried,Corporate,12912.37,27-01-2019
C02599,Leo,Gonzalez,Male,04-12-1962,Bordeaux,France,Retired,Premium,8287.34,13-06-2019
C02600,Julian,Moore,Male,05-10-1964,Porto,Portugal,Self Employed,Retail,8158.91,18-07-2020
C02601,Elena,Harris,Female,27-08-1996,Porto,Portugal,Retired,Retail,2977.44,24-10-2019
C02602,Alexander,Ramirez,Male,18-06-1966,Seville,Spain,Student,Wealth,20218.3,14-05-2020
C02603,Isabella,Jackson,Female,03-08-2001,Barcelona,Spain,Freelancer,Retail,8312.5,30-03-2019
C02604,Mateo,Lee,Male,18-05-1971,Antwerp,Belgium,Business Owner,SME,16210.46,28-09-2024
C02605,Charlotte,Anderson,Female,08-09-1993,Gothenburg,Sweden,Self Employed,Premium,4143.76,30-03-2025
C02606,Camille,Robinson,Female,06-08-1989,Gothenburg,Sweden,Business Owner,SME,5836.98,25-12-2024
C02607,Amelia,White,Female,06-08-1993,Gothenburg,Sweden,Freelancer,Premium,17127.65,13-06-2021
C02608,Alexander,Clark,Male,21-11-1993,Bruges,Belgium,Business Owner,Retail,3472.96,13-04-2023
C02609,Ava,Jones,Female,21-01-1986,Munich,Germany,Freelancer,Retail,3047.85,22-12-2021
C02610,Leo,Jones,Male,14-08-1974,Lisbon,Portugal,Business Owner,Retail,10091.8,07-12-2020
C02611,Amelia,Thompson,Female,08-01-1969,Lyon,France,Freelancer,Retail,6107.12,29-08-2018
C02612,Amelia,Jones,Female,05-06-2003,Utrecht,Netherlands,Salaried,Retail,7403.06,25-11-2020
C02613,Louis,Taylor,Male,19-07-1981,Braga,Portugal,Self Employed,Wealth,9494.61,13-09-2021
C02614,Freya,Taylor,Female,09-12-1993,Seville,Spain,Retired,Retail,4450.61,06-09-2022
C02615,Oliver,Thompson,Male,26-08-2004,Wrocław,Poland,Student,Retail,3082.46,01-11-2019
C02616,Noah,Anderson,Male,25-12-1989,Florence,Italy,Retired,Retail,4651.49,05-06-2018
C02617,Mateo,Johnson,Male,27-05-1987,Vienna,Austria,Freelancer,Retail,4492.15,30-11-2025
C02618,Louis,Garcia,Male,22-05-1980,Ghent,Belgium,Student,SME,10270.53,11-12-2024
C02619,Leo,Lopez,Male,24-03-1998,Galway,Ireland,Retired,Premium,4796.63,15-03-2020
C02620,Hans,Brown,Male,19-11-1974,Milan,Italy,Freelancer,Retail,2839.53,21-11-2021
C02621,Julian,Ramirez,Male,18-08-1992,Utrecht,Netherlands,Self Employed,Premium,8191.66,05-10-2020
C02622,Alexander,Brown,Male,09-04-1990,Malmö,Sweden,Self Employed,Retail,11741.93,30-09-2022
C02623,Olivia,Lopez,Female,05-03-1966,Bilbao,Spain,Self Employed,Retail,5362.58,05-01-2026
C02624,Chloe,Martinez,Female,08-01-1970,Barcelona,Spain,Salaried,Retail,4963.27,27-04-2018
C02625,James,Taylor,Male,12-06-1965,Seville,Spain,Freelancer,Retail,8409.8,15-09-2025
C02626,Liam,Brown,Male,10-07-1981,Stockholm,Sweden,Self Employed,Retail,6141.31,06-08-2021
C02627,Ethan,Martinez,Male,16-01-1992,Cork,Ireland,Freelancer,Corporate,24079.12,21-09-2025
C02628,Mia,Martinez,Female,25-05-1999,Ghent,Belgium,Business Owner,Wealth,39820.72,06-01-2022
C02629,Isabella,Thomas,Female,14-07-1967,Rome,Italy,Student,Corporate,6448.99,04-10-2020
C02630,James,Sanchez,Male,24-02-1987,Gothenburg,Sweden,Business Owner,Retail,7810.44,23-06-2019
C02631,Ava,Jones,Female,14-08-1960,The Hague,Netherlands,Retired,SME,6037.7,08-01-2022
C02632,Arthur,Jackson,Male,15-08-1998,Bruges,Belgium,Retired,SME,4324.32,22-06-2018
C02633,Alexander,Johnson,Male,02-02-1962,The Hague,Netherlands,Freelancer,Retail,2417.49,05-06-2020
C02634,Hans,Lewis,Male,27-08-1969,Bruges,Belgium,Business Owner,Retail,5535.01,20-05-2022
C02635,Isabella,Lewis,Female,18-04-1984,Galway,Ireland,Salaried,Retail,4631.98,01-12-2023
C02636,Isabella,Miller,Female,02-10-1986,Graz,Austria,Retired,Wealth,23667.86,06-01-2024
C02637,Liam,Clark,Male,06-08-1984,Rotterdam,Netherlands,Freelancer,Retail,7030.27,02-07-2025
C02638,Louis,Thomas,Male,21-03-1988,Gothenburg,Sweden,Freelancer,Retail,3454.7,15-02-2026
C02639,Emma,Brown,Female,02-04-1994,Ghent,Belgium,Salaried,Corporate,12764.58,12-03-2025
C02640,Elena,Lopez,Female,20-05-1982,Bilbao,Spain,Business Owner,Retail,2561.39,30-04-2024
C02641,Olivia,Ramirez,Female,17-07-1987,Porto,Portugal,Student,Retail,4887.54,18-02-2019
C02642,James,Wilson,Male,12-05-1987,Seville,Spain,Business Owner,Retail,3865.73,16-10-2020
C02643,Amelia,Jackson,Female,21-01-1992,Frankfurt,Germany,Self Employed,Premium,4211.73,10-09-2020
C02644,Isabella,Jackson,Female,26-08-1990,Salzburg,Austria,Salaried,Retail,6657.0,21-08-2024
C02645,Mateo,Lewis,Male,12-02-1986,Graz,Austria,Business Owner,Retail,5411.15,15-06-2025
C02646,Ethan,Sanchez,Male,27-06-1968,Valencia,Spain,Retired,Retail,3376.37,27-01-2026
C02647,Charlotte,Thomas,Female,19-10-2002,Turin,Italy,Self Employed,SME,16374.78,02-11-2023
C02648,Carlos,White,Male,10-03-1990,Limerick,Ireland,Retired,Retail,4986.3,19-06-2020
C02649,Carlos,Martin,Male,19-01-1961,Rotterdam,Netherlands,Salaried,Retail,4057.18,08-07-2023
C02650,Ava,Harris,Female,19-08-1966,Gothenburg,Sweden,Self Employed,Premium,12131.94,29-09-2023
C02651,Ava,Taylor,Female,07-12-1991,Graz,Austria,Self Employed,Retail,6126.32,27-01-2023
C02652,Marco,Anderson,Male,02-07-2000,Valencia,Spain,Self Employed,Retail,2734.73,12-01-2022
C02653,Arthur,Anderson,Male,17-06-2002,Seville,Spain,Retired,Premium,5551.27,19-02-2018
C02654,Marco,Anderson,Male,13-07-1964,Galway,Ireland,Retired,Retail,14945.16,05-06-2019
C02655,Ava,Ramirez,Female,10-09-1993,Dublin,Ireland,Self Employed,Corporate,11754.37,02-09-2022
C02656,Camille,Hernandez,Female,16-03-1980,Nice,France,Business Owner,Retail,3810.03,29-09-2019
C02657,Olivia,Sanchez,Female,26-03-1969,Lyon,France,Self Employed,Wealth,20574.64,14-02-2026
C02658,Julian,Perez,Male,08-08-1975,Naples,Italy,Freelancer,Retail,4542.73,17-09-2019
C02659,Julian,Wilson,Male,21-07-2003,Naples,Italy,Freelancer,Premium,6131.38,08-06-2024
C02660,Alexander,Davis,Male,03-07-1960,Munich,Germany,Salaried,Retail,4533.63,04-07-2024
C02661,Hannah,Gonzalez,Female,11-12-1968,Bologna,Italy,Freelancer,SME,5536.33,15-06-2023
C02662,Ethan,Moore,Male,22-09-1995,Brussels,Belgium,Retired,Corporate,9137.95,01-03-2019
C02663,James,Perez,Male,04-11-1995,Limerick,Ireland,Business Owner,Retail,10522.9,18-02-2025
C02664,Hans,Anderson,Male,22-10-1988,Malmö,Sweden,Retired,Retail,4597.64,30-01-2021
C02665,Louis,Rodriguez,Male,04-08-1984,Antwerp,Belgium,Self Employed,Retail,9619.33,05-03-2019
C02666,Sofia,Williams,Female,09-07-1982,Utrecht,Netherlands,Salaried,Retail,4915.61,07-02-2023
C02667,Freya,Garcia,Female,07-04-1961,Valencia,Spain,Salaried,SME,13579.23,11-10-2024
C02668,Camille,Smith,Female,04-10-1975,Bologna,Italy,Salaried,Premium,11211.87,18-01-2018
C02669,Julian,Lee,Male,06-04-1961,Madrid,Spain,Business Owner,Retail,8664.78,26-06-2023
C02670,Arthur,Harris,Male,22-02-1975,Graz,Austria,Self Employed,SME,10160.65,12-08-2021
C02671,Camille,Martinez,Female,13-01-1985,Stuttgart,Germany,Student,SME,4131.36,21-09-2024
C02672,Elena,Lee,Female,25-07-1995,Graz,Austria,Retired,Premium,11733.9,12-10-2018
C02673,Oliver,Lee,Male,08-11-1960,Munich,Germany,Student,Retail,11484.83,15-06-2023
C02674,Elena,Williams,Female,11-08-2001,Bordeaux,France,Retired,Premium,7961.43,27-02-2019
C02675,Noah,Martin,Male,04-08-1964,Valencia,Spain,Self Employed,Premium,42661.05,16-01-2019
C02676,Elena,Jackson,Female,03-05-1978,Munich,Germany,Business Owner,SME,12015.74,20-07-2020
C02677,Clara,Johnson,Female,22-11-1974,Wrocław,Poland,Self Employed,Retail,9803.87,26-07-2020
C02678,Julian,Taylor,Male,25-08-1966,Kraków,Poland,Salaried,Premium,29919.78,28-06-2021
C02679,Sophia,Harris,Female,19-10-2004,Gdańsk,Poland,Freelancer,Retail,3566.05,13-02-2023
C02680,Mateo,Taylor,Male,07-08-1966,Faro,Portugal,Self Employed,Wealth,20612.97,13-04-2024
C02681,Hannah,Smith,Female,28-07-1993,Brussels,Belgium,Retired,Retail,13952.61,31-01-2023
C02682,Olivia,Perez,Female,03-12-1976,Hamburg,Germany,Retired,Wealth,30110.85,19-05-2022
C02683,Hannah,Moore,Female,01-07-1962,Cologne,Germany,Student,Retail,5884.87,24-10-2024
C02684,Liam,Smith,Male,04-12-1967,Bruges,Belgium,Business Owner,Retail,4305.41,13-12-2020
C02685,Isabella,Sanchez,Female,07-07-1979,Bilbao,Spain,Freelancer,SME,8403.89,17-01-2025
C02686,Sophia,Davis,Female,01-08-1983,Seville,Spain,Freelancer,SME,3151.82,10-02-2019
C02687,Freya,Thompson,Female,24-07-1985,Gdańsk,Poland,Salaried,Premium,6123.23,19-12-2024
C02688,Carlos,Lewis,Male,01-01-1984,Brussels,Belgium,Business Owner,Retail,13663.68,04-10-2022
C02689,Julian,Anderson,Male,28-02-1986,Wrocław,Poland,Self Employed,Premium,6733.24,26-12-2018
C02690,Olivia,Sanchez,Female,22-01-1960,Vienna,Austria,Freelancer,Corporate,12572.24,18-03-2022
C02691,Leo,Martin,Male,25-01-1999,Lisbon,Portugal,Salaried,Premium,9701.2,16-12-2020
C02692,Mia,Gonzalez,Female,16-02-1993,Stockholm,Sweden,Business Owner,Premium,21817.38,22-07-2021
C02693,Julian,Johnson,Male,05-10-1964,The Hague,Netherlands,Salaried,Retail,7970.0,26-11-2023
C02694,Mateo,Ramirez,Male,16-02-1978,Porto,Portugal,Self Employed,Retail,7844.77,16-02-2020
C02695,Hans,Smith,Male,23-02-1976,Bilbao,Spain,Student,Premium,11870.4,10-03-2023
C02696,Ethan,Wilson,Male,27-01-1977,Stockholm,Sweden,Freelancer,Retail,2995.02,06-01-2020
C02697,Liam,Wilson,Male,05-09-1968,Nice,France,Student,SME,9582.25,03-10-2024
C02698,James,Ramirez,Male,09-10-1989,Bologna,Italy,Business Owner,Premium,11835.96,28-01-2020
C02699,Elena,Hernandez,Female,09-05-1986,Gdańsk,Poland,Retired,Retail,5988.34,08-04-2019
C02700,Alexander,Rodriguez,Male,26-05-1964,Frankfurt,Germany,Business Owner,Wealth,10483.38,20-04-2024
C02701,Olivia,Brown,Female,27-02-1990,Bruges,Belgium,Freelancer,Retail,8851.5,15-11-2019
C02702,Oliver,Moore,Male,20-08-1993,Brussels,Belgium,Freelancer,Retail,14189.01,08-03-2026
C02703,Liam,Martinez,Male,15-04-1984,Berlin,Germany,Self Employed,Retail,2674.01,21-08-2019
C02704,Ava,Garcia,Female,10-09-1980,Warsaw,Poland,Student,Retail,7761.55,20-07-2020
C02705,Isabella,Harris,Female,20-04-1996,Turin,Italy,Freelancer,SME,5935.22,24-01-2023
C02706,Olivia,Jones,Female,03-02-2003,Rotterdam,Netherlands,Self Employed,Retail,12349.87,25-12-2021
C02707,Lucas,Wilson,Male,28-08-2001,Naples,Italy,Self Employed,Retail,3068.36,01-05-2020
C02708,Marco,Garcia,Male,02-09-1960,Malmö,Sweden,Retired,Retail,6040.69,26-03-2023
C02709,James,Martin,Male,02-02-1970,Naples,Italy,Freelancer,SME,11107.28,13-12-2022
C02710,Ethan,Garcia,Male,25-06-1987,Malmö,Sweden,Salaried,SME,8136.4,20-09-2018
C02711,Emma,Thompson,Female,18-01-1988,Naples,Italy,Freelancer,Retail,5852.08,13-01-2026
C02712,James,Martinez,Male,23-10-1991,Rotterdam,Netherlands,Retired,Retail,14845.05,15-03-2026
C02713,Alexander,Brown,Male,03-06-1982,Utrecht,Netherlands,Self Employed,Premium,5907.1,25-10-2022
C02714,Ethan,Jones,Male,02-12-1973,Valencia,Spain,Salaried,Retail,3512.22,29-11-2025
C02715,Alexander,Lewis,Male,22-05-2002,Hamburg,Germany,Retired,Retail,8377.4,15-04-2019
C02716,Mia,Rodriguez,Female,28-03-1996,Utrecht,Netherlands,Student,Wealth,55386.45,12-11-2024
C02717,Alexander,Clark,Male,24-08-1995,Malmö,Sweden,Salaried,Premium,4696.24,15-05-2022
C02718,Hans,Brown,Male,09-07-1987,Rotterdam,Netherlands,Salaried,Premium,4050.0,10-09-2021
C02719,Emma,Miller,Female,10-07-1991,Valencia,Spain,Retired,Retail,4548.17,05-06-2024
C02720,Noah,Harris,Male,24-12-1966,Brussels,Belgium,Self Employed,Corporate,16642.29,30-05-2025
C02721,Julian,Jackson,Male,17-06-1963,Gothenburg,Sweden,Business Owner,SME,4546.56,15-01-2021
C02722,Sophia,Thomas,Female,10-12-2004,Madrid,Spain,Salaried,Retail,2250.0,13-03-2019
C02723,Elena,Harris,Female,25-06-1967,Innsbruck,Austria,Student,Retail,3954.61,24-11-2025
C02724,Elena,Gonzalez,Female,06-09-1995,Graz,Austria,Business Owner,Retail,3315.46,26-12-2023
C02725,Oliver,Rodriguez,Male,25-12-1960,Paris,France,Self Employed,Premium,4516.68,31-10-2024
C02726,James,Hernandez,Male,11-12-1983,Rome,Italy,Salaried,Wealth,34976.4,28-08-2021
C02727,Mateo,Moore,Male,15-07-1996,Stuttgart,Germany,Freelancer,Retail,5476.3,11-02-2020
C02728,Charlotte,Williams,Female,08-09-1997,Cork,Ireland,Business Owner,Retail,4202.51,24-08-2021
C02729,Amelia,Smith,Female,01-07-1965,Braga,Portugal,Salaried,Retail,2250.0,01-02-2018
C02730,Alexander,Lee,Male,15-05-1972,Valencia,Spain,Salaried,Retail,7239.22,14-09-2025
C02731,Sophia,Robinson,Female,04-07-1977,Ghent,Belgium,Retired,Corporate,28961.54,31-08-2024
C02732,Hans,Smith,Male,21-02-1989,Faro,Portugal,Retired,SME,5926.72,04-08-2025
C02733,Isabella,Moore,Female,22-09-1994,Antwerp,Belgium,Retired,Retail,10460.36,24-04-2025
C02734,Julian,Perez,Male,25-05-1994,Faro,Portugal,Freelancer,Retail,6221.18,17-01-2018
C02735,Olivia,Davis,Female,19-08-1975,Valencia,Spain,Business Owner,Retail,6756.03,10-03-2023
C02736,Clara,Moore,Female,04-05-1979,Limerick,Ireland,Self Employed,SME,3761.3,29-04-2022
C02737,Sofia,Sanchez,Female,08-11-1978,Lisbon,Portugal,Salaried,Retail,5154.8,27-11-2020
C02738,Liam,Martinez,Male,21-10-1981,Seville,Spain,Student,SME,3823.52,18-10-2024
C02739,Chloe,Wilson,Female,17-06-1987,Utrecht,Netherlands,Student,SME,6390.31,20-06-2025
C02740,Mateo,Williams,Male,16-07-1964,Galway,Ireland,Student,Retail,4573.72,25-04-2025
C02741,Carlos,Lee,Male,15-08-2003,Stockholm,Sweden,Student,Wealth,19469.74,12-09-2023
C02742,Elena,Miller,Female,19-07-1973,Ghent,Belgium,Salaried,Retail,2250.0,25-08-2020
C02743,Arthur,Jones,Male,19-10-1986,Vienna,Austria,Self Employed,Premium,4546.94,23-12-2018
C02744,Ethan,Moore,Male,11-07-2003,Bologna,Italy,Business Owner,Retail,5224.26,27-12-2024
C02745,Ava,Sanchez,Female,20-05-1969,Vienna,Austria,Retired,Premium,6263.08,12-09-2021
C02746,Noah,Moore,Male,23-04-1997,Dublin,Ireland,Salaried,Retail,3678.48,11-08-2022
C02747,Charlotte,Robinson,Female,03-05-1990,Gothenburg,Sweden,Student,Retail,10171.36,24-05-2022
C02748,Elena,Anderson,Female,18-02-1970,Brussels,Belgium,Freelancer,Premium,27066.59,19-03-2026
C02749,James,Smith,Male,01-06-1986,Malmö,Sweden,Freelancer,Retail,2250.0,18-12-2025
C02750,Freya,Anderson,Female,10-07-1983,Porto,Portugal,Business Owner,Retail,6013.28,23-02-2022
C02751,Carlos,Martin,Male,11-10-1981,Antwerp,Belgium,Self Employed,Retail,5494.7,31-03-2025
C02752,Lucas,Lee,Male,28-07-1991,Porto,Portugal,Salaried,Wealth,19879.6,30-10-2023
C02753,Ava,Smith,Female,27-12-2004,Bilbao,Spain,Retired,Retail,6902.26,13-03-2018
C02754,Emma,Robinson,Female,05-03-2003,Cork,Ireland,Salaried,Retail,2250.0,19-02-2023
C02755,Hans,Thomas,Male,21-07-1962,Wrocław,Poland,Self Employed,SME,5021.4,08-06-2018
C02756,Isabella,Martin,Female,28-10-1973,Bilbao,Spain,Self Employed,Retail,4591.24,15-04-2019
C02757,Lucas,Clark,Male,03-12-1971,Toulouse,France,Freelancer,Premium,6812.9,08-09-2024
C02758,Marco,Gonzalez,Male,26-07-1996,Gothenburg,Sweden,Student,Premium,8503.27,22-06-2018
C02759,Mia,Clark,Female,05-03-1995,Kraków,Poland,Salaried,Retail,7163.57,16-07-2021
C02760,Marco,Miller,Male,11-09-1999,Faro,Portugal,Salaried,Retail,7871.12,28-06-2022
C02761,Julian,Clark,Male,23-03-1969,Rotterdam,Netherlands,Student,Premium,34204.11,21-06-2024
C02762,Elena,Martinez,Female,09-05-1963,Barcelona,Spain,Student,Retail,4742.3,31-07-2022
C02763,Emma,Garcia,Female,27-07-1996,Bordeaux,France,Self Employed,Premium,4514.4,16-10-2025
C02764,Camille,Moore,Female,12-03-1981,Stuttgart,Germany,Retired,Retail,5090.08,06-01-2024
C02765,Chloe,Williams,Female,01-08-1960,Gdańsk,Poland,Student,SME,10023.3,05-08-2018
C02766,Lucas,Williams,Male,20-03-1965,Graz,Austria,Retired,Retail,3450.23,13-07-2019
C02767,Charlotte,Thompson,Female,22-07-1969,Brussels,Belgium,Salaried,Premium,22193.95,06-01-2018
C02768,Oliver,Clark,Male,03-08-1972,Bordeaux,France,Self Employed,Premium,6831.77,01-11-2018
C02769,Ava,White,Female,16-05-1984,Cork,Ireland,Retired,Wealth,18616.91,16-11-2023
C02770,Elena,Rodriguez,Female,25-03-1967,Gdańsk,Poland,Freelancer,Corporate,7339.36,09-09-2025
C02771,Hannah,Wilson,Female,26-07-1965,Bilbao,Spain,Retired,Retail,5986.26,22-03-2018
C02772,Sophia,Martin,Female,23-01-1988,Limerick,Ireland,Self Employed,Retail,7866.32,11-06-2018
C02773,Elena,Sanchez,Female,04-11-1989,Graz,Austria,Freelancer,Premium,5808.88,19-12-2022
C02774,Mia,Lewis,Female,23-08-1984,Amsterdam,Netherlands,Salaried,Retail,10715.34,11-01-2019
C02775,Marco,Hernandez,Male,02-01-1996,Malmö,Sweden,Business Owner,Premium,10802.26,16-07-2018
C02776,Marco,Rodriguez,Male,10-11-1982,Stockholm,Sweden,Salaried,Premium,14894.94,18-02-2018
C02777,Clara,Thompson,Female,12-08-1999,Cork,Ireland,Freelancer,SME,13030.17,31-07-2020
C02778,Amelia,Rodriguez,Female,20-06-1987,Braga,Portugal,Freelancer,SME,3150.0,09-08-2025
C02779,Noah,Perez,Male,21-11-1976,Amsterdam,Netherlands,Student,Retail,3910.59,09-04-2021
C02780,Mia,Hernandez,Female,03-06-2003,Malmö,Sweden,Student,SME,29569.54,26-12-2023
C02781,Sophia,Anderson,Female,25-07-2003,Amsterdam,Netherlands,Business Owner,SME,12368.17,18-09-2024
C02782,Julian,Hernandez,Male,10-09-1983,Nice,France,Retired,Premium,8072.43,27-08-2018
C02783,Emma,Robinson,Female,13-09-1981,Rotterdam,Netherlands,Business Owner,Retail,10897.31,20-04-2018
C02784,Louis,Jones,Male,18-10-1999,Turin,Italy,Student,Retail,3428.04,18-08-2024
C02785,Sofia,Robinson,Female,03-02-1966,Innsbruck,Austria,Student,Premium,6715.79,06-08-2025
C02786,James,Martin,Male,18-10-1992,Stockholm,Sweden,Self Employed,Premium,16920.33,02-01-2022
C02787,Mateo,Smith,Male,17-02-1986,Utrecht,Netherlands,Salaried,Premium,12946.1,02-10-2019
C02788,Hannah,Smith,Female,09-07-2002,Dublin,Ireland,Retired,Retail,6603.08,03-11-2019
C02789,Sofia,Garcia,Female,26-08-1993,Frankfurt,Germany,Freelancer,Retail,2250.0,12-11-2020
C02790,Charlotte,Moore,Female,15-05-1994,Bologna,Italy,Freelancer,Retail,3572.42,28-04-2023
C02791,Hannah,Thompson,Female,14-05-1965,Florence,Italy,Self Employed,Retail,3525.52,20-12-2024
C02792,Camille,Thomas,Female,28-08-1987,Braga,Portugal,Retired,SME,3324.4,29-01-2024
C02793,Arthur,Gonzalez,Male,11-08-1989,Utrecht,Netherlands,Self Employed,Retail,4451.64,11-02-2021
C02794,Leo,Williams,Male,05-10-1967,Faro,Portugal,Freelancer,Premium,12766.56,06-09-2021
C02795,Arthur,Lewis,Male,23-03-1987,Lisbon,Portugal,Business Owner,Retail,6520.97,24-03-2022
C02796,Marco,Lee,Male,01-10-1993,Frankfurt,Germany,Student,Retail,6262.34,23-01-2026
C02797,Oliver,Moore,Male,03-02-1986,Marseille,France,Salaried,Wealth,10752.16,22-03-2023
C02798,Emma,Lewis,Female,11-07-2002,Utrecht,Netherlands,Salaried,Premium,11340.35,22-06-2019
C02799,Carlos,Clark,Male,10-11-1988,Bilbao,Spain,Retired,Retail,15637.46,23-08-2022
C02800,Marco,Anderson,Male,15-05-1978,Stockholm,Sweden,Freelancer,SME,6519.98,10-11-2018
C02801,Marco,Brown,Male,01-12-1994,Braga,Portugal,Student,Retail,11602.52,01-09-2022
C02802,Ethan,Clark,Male,10-12-1980,Vienna,Austria,Business Owner,Retail,9213.73,09-11-2022
C02803,Alexander,Clark,Male,17-02-1978,Antwerp,Belgium,Freelancer,SME,9521.64,14-11-2023
C02804,Chloe,Lopez,Female,19-07-1984,Innsbruck,Austria,Self Employed,Retail,6591.22,08-01-2024
C02805,Alexander,Garcia,Male,27-12-1970,Berlin,Germany,Retired,Retail,4667.92,23-01-2024
C02806,Carlos,Harris,Male,26-02-1989,Munich,Germany,Student,Corporate,18807.36,13-04-2022
C02807,Arthur,Thompson,Male,05-05-1987,Galway,Ireland,Student,Corporate,12781.28,13-08-2019
C02808,Emma,Brown,Female,13-12-1989,Paris,France,Retired,Wealth,21232.75,16-07-2020
C02809,Amelia,Lopez,Female,24-02-1988,Stockholm,Sweden,Freelancer,Retail,2892.85,06-02-2025
C02810,Hannah,Miller,Female,12-12-2000,Wrocław,Poland,Student,Retail,4267.48,24-03-2025
C02811,Mateo,Smith,Male,11-05-1963,Porto,Portugal,Self Employed,Retail,6103.0,09-03-2023
C02812,Noah,White,Male,27-11-2000,Graz,Austria,Business Owner,Retail,7172.14,14-12-2025
C02813,James,Harris,Male,25-01-1976,Bruges,Belgium,Retired,Premium,6046.11,17-01-2023
C02814,Isabella,Perez,Female,10-01-2001,Cologne,Germany,Freelancer,Retail,11987.22,15-03-2021
C02815,Hannah,Thompson,Female,08-08-2001,Munich,Germany,Freelancer,Retail,3789.65,11-07-2025
C02816,Mia,Miller,Female,08-12-1991,Nice,France,Retired,Retail,9401.18,02-10-2024
C02817,Oliver,Clark,Male,15-09-1982,Bruges,Belgium,Self Employed,SME,7295.68,06-08-2025
C02818,Chloe,Lee,Female,19-06-1976,Bruges,Belgium,Salaried,SME,9766.69,23-06-2023
C02819,Lucas,Sanchez,Male,18-11-1961,Lyon,France,Self Employed,Premium,7353.13,16-06-2024
C02820,Louis,Davis,Male,04-12-1961,Hamburg,Germany,Retired,Retail,12788.72,05-07-2020
C02821,Noah,Thomas,Male,18-07-1982,Malmö,Sweden,Retired,Premium,4050.0,22-07-2025
C02822,Mia,Johnson,Female,27-06-1967,Rotterdam,Netherlands,Student,Retail,4307.8,28-03-2018
C02823,Isabella,Thomas,Female,15-11-2000,Rotterdam,Netherlands,Retired,Retail,5642.52,03-11-2022
C02824,Hannah,Thompson,Female,23-08-1983,Toulouse,France,Retired,SME,9694.0,23-05-2024
C02825,Louis,Martin,Male,11-01-1983,Ghent,Belgium,Student,Retail,8670.24,15-04-2019
C02826,Sophia,Smith,Female,27-06-1992,Porto,Portugal,Self Employed,Retail,3295.13,07-06-2025
C02827,Noah,Clark,Male,15-01-1969,Lyon,France,Student,SME,16030.21,16-04-2025
C02828,Sofia,Gonzalez,Female,20-02-1966,Gothenburg,Sweden,Business Owner,Premium,6512.73,20-12-2025
C02829,Olivia,Ramirez,Female,02-03-1980,Toulouse,France,Student,SME,3150.0,09-04-2020
C02830,Lucas,Jackson,Male,25-12-1992,Naples,Italy,Self Employed,Retail,4528.34,11-02-2026
C02831,Leo,Thomas,Male,10-12-1970,Vienna,Austria,Student,SME,3591.63,14-08-2020
C02832,Liam,Moore,Male,19-01-2001,Ghent,Belgium,Business Owner,Retail,2250.0,21-01-2026
C02833,Sophia,Perez,Female,19-08-1982,Dublin,Ireland,Salaried,Retail,6890.12,13-07-2019
C02834,Camille,Jackson,Female,10-06-1969,Limerick,Ireland,Student,Retail,12833.16,09-10-2018
C02835,Sofia,Perez,Female,25-10-1973,Antwerp,Belgium,Salaried,Premium,9212.98,31-01-2020
C02836,Julian,Jackson,Male,27-05-1975,Kraków,Poland,Freelancer,Retail,7448.2,08-12-2025
C02837,Liam,Williams,Male,08-02-1992,Gothenburg,Sweden,Retired,Retail,2250.0,24-11-2023
C02838,Chloe,Jones,Female,18-09-1963,Naples,Italy,Business Owner,Premium,15976.57,09-10-2019
C02839,Camille,Williams,Female,04-10-1967,Naples,Italy,Retired,Premium,4050.0,26-02-2026
C02840,Liam,Rodriguez,Male,05-08-1966,Stuttgart,Germany,Business Owner,Retail,3444.32,24-12-2025
C02841,Hans,Jackson,Male,01-02-1990,Graz,Austria,Retired,SME,4295.16,17-05-2023
C02842,Freya,Davis,Female,27-06-1962,Utrecht,Netherlands,Student,SME,12595.8,24-04-2018
C02843,Hannah,Taylor,Female,17-05-1964,Seville,Spain,Business Owner,Retail,4957.38,20-11-2025
C02844,Louis,Sanchez,Male,28-12-1982,Gothenburg,Sweden,Self Employed,Premium,6306.65,05-06-2025
C02845,Isabella,Miller,Female,24-09-2001,Seville,Spain,Freelancer,Retail,14679.33,06-12-2022
C02846,Carlos,Perez,Male,20-10-1972,Seville,Spain,Salaried,Retail,7263.42,15-11-2021
C02847,James,Thompson,Male,13-05-1998,Antwerp,Belgium,Self Employed,SME,6058.2,27-09-2025
C02848,Sofia,Moore,Female,16-01-1963,Dublin,Ireland,Salaried,Retail,7913.38,28-01-2021
C02849,Chloe,Rodriguez,Female,07-07-1995,Dublin,Ireland,Retired,Retail,3930.99,04-07-2023
C02850,Marco,Moore,Male,18-12-1978,Rotterdam,Netherlands,Student,Premium,11339.75,04-10-2021
C02851,Hans,Anderson,Male,16-10-1960,Ghent,Belgium,Freelancer,Retail,6820.72,12-03-2022
C02852,James,Wilson,Male,09-12-1981,Madrid,Spain,Self Employed,Retail,6285.71,27-06-2021
C02853,Marco,Perez,Male,14-04-1970,Wrocław,Poland,Student,Retail,5944.57,23-04-2024
C02854,Sofia,Johnson,Female,18-04-1969,Porto,Portugal,Retired,Retail,4102.96,28-06-2021
C02855,Carlos,Hernandez,Male,17-05-1986,Galway,Ireland,Student,Retail,5173.13,28-12-2018
C02856,Charlotte,Ramirez,Female,08-07-1962,Stockholm,Sweden,Student,Retail,2250.0,02-06-2018
C02857,Charlotte,Rodriguez,Female,17-06-1976,Gothenburg,Sweden,Salaried,Retail,5606.22,23-02-2022
C02858,Oliver,Perez,Male,04-09-1971,Cologne,Germany,Student,Premium,19482.5,17-01-2024
C02859,Elena,Anderson,Female,10-02-1967,Bordeaux,France,Freelancer,Retail,4858.65,01-04-2018
C02860,Amelia,Lopez,Female,23-06-1981,Faro,Portugal,Retired,Premium,8350.42,07-10-2020
C02861,Leo,Harris,Male,28-05-1992,Dublin,Ireland,Business Owner,SME,7740.89,03-08-2025
C02862,Emma,Lewis,Female,11-11-2000,Naples,Italy,Salaried,Retail,3886.27,06-02-2018
C02863,Louis,Davis,Male,03-02-1960,Dublin,Ireland,Freelancer,Premium,7505.33,10-02-2019
C02864,Emma,Rodriguez,Female,26-07-1973,Frankfurt,Germany,Freelancer,Retail,6092.34,28-01-2025
C02865,Hannah,Wilson,Female,07-10-1961,Malmö,Sweden,Salaried,Retail,10809.67,05-02-2024
C02866,Elena,Anderson,Female,14-04-1964,Valencia,Spain,Self Employed,SME,3150.0,25-04-2023
C02867,Mia,Smith,Female,23-01-1962,Naples,Italy,Self Employed,Retail,3453.48,29-08-2024
C02868,Charlotte,Miller,Female,20-05-1976,Brussels,Belgium,Freelancer,Corporate,10990.48,30-10-2025
C02869,Ethan,Williams,Male,16-03-1987,Graz,Austria,Freelancer,Retail,5608.7,05-01-2023
C02870,Hans,Jackson,Male,15-05-1977,Bilbao,Spain,Self Employed,Premium,24049.0,06-07-2021
C02871,Clara,Smith,Female,07-12-1986,Salzburg,Austria,Freelancer,Premium,16882.89,09-01-2019
C02872,Camille,Davis,Female,15-02-1963,Faro,Portugal,Freelancer,Retail,14745.17,11-05-2025
C02873,Camille,Wilson,Female,03-07-1988,Warsaw,Poland,Self Employed,Corporate,22045.54,06-01-2025
C02874,Oliver,Robinson,Male,12-12-1980,Bordeaux,France,Freelancer,Corporate,19338.37,31-12-2023
C02875,Sophia,Miller,Female,22-07-1982,Kraków,Poland,Salaried,Retail,4906.96,06-12-2018
C02876,Liam,Hernandez,Male,05-09-1993,Turin,Italy,Freelancer,SME,9753.91,08-11-2023
C02877,Lucas,Williams,Male,24-02-1977,Amsterdam,Netherlands,Salaried,SME,7531.79,16-05-2021
C02878,Sofia,Lee,Female,13-05-1976,Florence,Italy,Business Owner,Premium,11649.4,27-05-2021
C02879,Olivia,Smith,Female,07-08-1979,Wrocław,Poland,Freelancer,Wealth,40695.3,27-01-2020
C02880,Amelia,Wilson,Female,22-12-1991,Galway,Ireland,Salaried,Retail,3028.49,20-08-2018
C02881,Arthur,Smith,Male,04-09-1995,Stockholm,Sweden,Salaried,Premium,8300.17,15-04-2025
C02882,Chloe,Sanchez,Female,06-09-1961,Limerick,Ireland,Freelancer,Corporate,9894.35,21-07-2022
C02883,Sofia,Robinson,Female,18-03-1961,Dublin,Ireland,Salaried,Retail,5867.87,06-08-2022
C02884,Ethan,Clark,Male,17-11-1985,Porto,Portugal,Freelancer,Retail,8109.78,28-08-2024
C02885,Isabella,Davis,Female,26-01-1988,Barcelona,Spain,Freelancer,Retail,5643.46,27-11-2025
C02886,Oliver,Thomas,Male,06-04-1997,The Hague,Netherlands,Business Owner,Retail,21977.1,29-08-2023
C02887,Sophia,Hernandez,Female,22-03-1998,Utrecht,Netherlands,Freelancer,Premium,7985.49,22-12-2019
C02888,Freya,Johnson,Female,02-06-1986,Cork,Ireland,Business Owner,SME,18326.59,14-12-2022
C02889,Carlos,Hernandez,Male,13-08-1987,Salzburg,Austria,Student,Retail,2250.0,28-07-2024
C02890,Leo,Sanchez,Male,19-08-1991,Porto,Portugal,Self Employed,Retail,3584.29,27-11-2022
C02891,Sophia,Williams,Female,08-10-1985,Cork,Ireland,Student,Retail,27542.18,01-07-2020
C02892,Clara,Martin,Female,23-10-1960,Paris,France,Self Employed,Corporate,17264.95,04-10-2021
C02893,Chloe,Anderson,Female,11-09-1987,Malmö,Sweden,Salaried,Retail,2975.15,28-05-2019
C02894,Arthur,Brown,Male,16-04-1995,Valencia,Spain,Self Employed,Corporate,4950.0,12-07-2019
C02895,Marco,Anderson,Male,07-04-1987,Ghent,Belgium,Retired,Wealth,7850.95,03-08-2020
C02896,Julian,Brown,Male,16-04-1968,Nice,France,Self Employed,Premium,4050.0,28-07-2020
C02897,Olivia,Johnson,Female,02-12-2004,Salzburg,Austria,Salaried,Retail,7205.73,17-04-2020
C02898,Hans,Johnson,Male,07-05-1960,Turin,Italy,Retired,Retail,8711.32,24-02-2021
C02899,Alexander,Hernandez,Male,25-11-1985,Bologna,Italy,Business Owner,Wealth,6750.0,19-03-2023
C02900,Hannah,Ramirez,Female,19-02-1988,Wrocław,Poland,Student,Retail,9417.97,29-05-2024
C02901,Camille,Williams,Female,21-01-1994,Marseille,France,Freelancer,Premium,4050.0,01-10-2025
C02902,Clara,Jones,Female,16-06-1966,Wrocław,Poland,Business Owner,Premium,10441.53,04-05-2018
C02903,Emma,Robinson,Female,05-12-1973,Dublin,Ireland,Retired,Premium,8713.78,16-04-2020
C02904,Arthur,Anderson,Male,18-09-1968,Antwerp,Belgium,Freelancer,Retail,7115.67,15-05-2020
C02905,Emma,Martinez,Female,01-06-2004,Hamburg,Germany,Business Owner,Retail,2534.24,26-01-2022
C02906,Chloe,Lee,Female,24-11-2003,Berlin,Germany,Freelancer,Retail,4250.91,11-07-2025
C02907,Charlotte,Williams,Female,15-11-1985,Innsbruck,Austria,Self Employed,Retail,3984.63,06-08-2019
C02908,Olivia,Perez,Female,24-06-1997,Cork,Ireland,Self Employed,Premium,10279.22,18-09-2019
C02909,Emma,Moore,Female,19-06-1980,Rotterdam,Netherlands,Self Employed,Corporate,5726.13,09-09-2024
C02910,Emma,Martinez,Female,11-10-1976,Kraków,Poland,Freelancer,SME,6034.76,17-03-2021
C02911,Freya,Gonzalez,Female,25-07-1983,Rotterdam,Netherlands,Self Employed,Premium,8700.97,09-05-2018
C02912,Charlotte,Brown,Female,28-12-1969,Valencia,Spain,Freelancer,Retail,9880.25,21-03-2022
C02913,Julian,Harris,Male,06-12-2003,Antwerp,Belgium,Freelancer,Retail,3343.42,17-04-2020
C02914,Alexander,Davis,Male,09-08-1992,Bruges,Belgium,Salaried,Premium,10993.74,04-07-2024
C02915,Freya,Martin,Female,01-10-1962,Florence,Italy,Self Employed,Retail,5700.4,24-09-2019
C02916,Clara,Perez,Female,25-05-1979,Porto,Portugal,Retired,Retail,6428.19,27-01-2022
C02917,Julian,Smith,Male,14-08-1965,Wrocław,Poland,Student,Corporate,24637.5,01-02-2019
C02918,Amelia,Gonzalez,Female,22-12-1978,Graz,Austria,Student,Premium,13389.7,08-10-2020
C02919,Amelia,Sanchez,Female,19-07-1986,Hamburg,Germany,Retired,SME,4903.49,22-08-2018
C02920,Alexander,Lewis,Male,19-09-1968,Graz,Austria,Student,Retail,4171.94,31-01-2024
C02921,Chloe,Martin,Female,03-08-1988,Amsterdam,Netherlands,Self Employed,Premium,23661.92,17-12-2020
C02922,Oliver,Hernandez,Male,27-10-1962,Amsterdam,Netherlands,Freelancer,Retail,4449.29,17-08-2021
C02923,Sofia,Perez,Female,02-04-1969,Toulouse,France,Student,Retail,6510.89,27-10-2024
C02924,Clara,Smith,Female,10-04-1976,Bilbao,Spain,Self Employed,Corporate,8681.99,05-04-2019
C02925,Mateo,Taylor,Male,12-11-1966,Ghent,Belgium,Self Employed,Retail,10219.47,14-09-2021
C02926,Mia,Jackson,Female,10-10-1986,Malmö,Sweden,Business Owner,Retail,7942.72,26-02-2023
C02927,Sophia,Brown,Female,22-02-1997,Wrocław,Poland,Retired,Corporate,39008.49,02-08-2022
C02928,Oliver,Smith,Male,21-02-2004,Graz,Austria,Business Owner,Premium,11413.51,05-11-2023
C02929,Julian,Thompson,Male,07-04-1974,Gdańsk,Poland,Salaried,Retail,9657.66,04-07-2020
C02930,Oliver,Jackson,Male,24-06-1980,The Hague,Netherlands,Retired,Retail,8340.44,17-02-2018
C02931,Arthur,Clark,Male,06-02-1961,Lisbon,Portugal,Student,SME,3359.23,03-05-2025
C02932,Noah,Lewis,Male,20-05-1998,Bologna,Italy,Business Owner,Premium,10905.79,08-10-2021
C02933,Chloe,Jones,Female,22-02-1996,Berlin,Germany,Retired,SME,11286.71,30-11-2022
C02934,Marco,Taylor,Male,26-07-1992,Seville,Spain,Freelancer,Premium,5097.8,30-10-2019
C02935,Lucas,Lopez,Male,16-01-1983,Braga,Portugal,Self Employed,SME,12470.42,30-07-2019
C02936,Alexander,Thomas,Male,19-05-1972,Madrid,Spain,Freelancer,Retail,5486.95,13-01-2023
C02937,Camille,Martin,Female,13-01-1994,Nice,France,Salaried,Retail,4215.99,25-10-2022
C02938,Mateo,Garcia,Male,03-11-1991,Gothenburg,Sweden,Salaried,Retail,2932.56,25-06-2025
C02939,Noah,Jones,Male,21-12-2002,Rotterdam,Netherlands,Salaried,Corporate,30454.19,16-01-2020
C02940,Arthur,Johnson,Male,28-10-1982,Florence,Italy,Student,Corporate,22289.73,10-09-2019
C02941,James,Jones,Male,27-05-1967,Porto,Portugal,Salaried,Premium,12306.07,14-07-2024
C02942,Lucas,Jackson,Male,19-02-2000,Seville,Spain,Retired,Corporate,4950.0,13-11-2025
C02943,Charlotte,Taylor,Female,16-10-2004,Ghent,Belgium,Student,SME,3150.0,28-04-2024
C02944,Marco,Harris,Male,19-05-1976,Marseille,France,Student,SME,3678.26,24-06-2019
C02945,Mia,Martinez,Female,13-06-1976,Ghent,Belgium,Retired,Retail,6566.97,02-05-2025
C02946,Julian,Lewis,Male,05-05-1991,Turin,Italy,Business Owner,Premium,7325.83,15-12-2024
C02947,Elena,Harris,Female,15-11-1989,Porto,Portugal,Student,SME,12039.36,13-10-2024
C02948,Liam,Jones,Male,07-06-1998,Gdańsk,Poland,Retired,Retail,2693.79,24-01-2025
C02949,Mateo,Martinez,Male,10-08-1967,Marseille,France,Freelancer,Premium,7795.64,06-05-2022
C02950,Chloe,Hernandez,Female,13-08-1998,Lisbon,Portugal,Student,Retail,8233.04,02-02-2018
C02951,Isabella,Lopez,Female,17-10-1979,Amsterdam,Netherlands,Student,Retail,8975.06,18-04-2025
C02952,James,Taylor,Male,12-07-1967,Dublin,Ireland,Self Employed,Retail,19497.03,15-09-2018
C02953,Julian,Perez,Male,07-03-1991,Bordeaux,France,Business Owner,Retail,10173.23,13-09-2019
C02954,Sofia,Jones,Female,01-01-1984,Bruges,Belgium,Salaried,Retail,8976.1,28-01-2023
C02955,James,Davis,Male,28-06-1966,Rome,Italy,Salaried,Retail,3376.97,11-02-2020
C02956,Leo,Clark,Male,12-05-1992,Stockholm,Sweden,Self Employed,SME,11590.65,04-06-2019
C02957,Carlos,Moore,Male,03-10-1960,Rotterdam,Netherlands,Freelancer,SME,19890.67,23-03-2019
C02958,Freya,Johnson,Female,26-11-2004,Limerick,Ireland,Freelancer,Retail,6567.18,17-03-2020
C02959,Alexander,Lopez,Male,25-10-1990,Gothenburg,Sweden,Salaried,Retail,7146.18,16-10-2022
C02960,Noah,Miller,Male,03-04-1969,Berlin,Germany,Retired,Retail,7220.34,23-03-2019
C02961,Sofia,Robinson,Female,19-11-1962,Utrecht,Netherlands,Retired,Retail,8310.9,30-11-2024
C02962,Noah,Sanchez,Male,11-11-1973,Milan,Italy,Student,Retail,2250.0,23-05-2020
C02963,Oliver,Hernandez,Male,18-09-1992,Barcelona,Spain,Self Employed,Retail,7920.48,03-03-2025
C02964,Noah,Perez,Male,04-06-1972,Bordeaux,France,Business Owner,Retail,5167.38,08-07-2018
C02965,Mateo,Thompson,Male,12-06-1976,Braga,Portugal,Business Owner,Retail,7273.65,13-12-2022
C02966,Camille,Anderson,Female,13-07-1990,Milan,Italy,Business Owner,SME,11792.72,07-08-2021
C02967,Julian,Thompson,Male,24-02-1988,Marseille,France,Freelancer,Premium,4494.82,17-05-2022
C02968,Ethan,Ramirez,Male,07-10-1983,Stockholm,Sweden,Freelancer,Retail,13597.42,06-05-2025
C02969,Julian,Jackson,Male,23-05-1990,Wrocław,Poland,Retired,SME,6686.21,13-09-2024
C02970,Mia,Martin,Female,23-06-1979,Braga,Portugal,Salaried,Retail,4215.56,17-05-2019
C02971,Isabella,Wilson,Female,27-04-1974,Vienna,Austria,Retired,Retail,3345.63,30-03-2023
C02972,Mia,Garcia,Female,25-01-1965,Ghent,Belgium,Retired,Retail,2596.18,22-09-2024
C02973,Oliver,Anderson,Male,23-12-1983,Stuttgart,Germany,Student,Retail,4084.2,28-09-2023
C02974,Hannah,Sanchez,Female,26-12-1963,Rotterdam,Netherlands,Self Employed,SME,3313.19,13-02-2023
C02975,Hans,Johnson,Male,05-09-1974,Warsaw,Poland,Salaried,Retail,2250.0,19-10-2019
C02976,Mateo,Davis,Male,28-04-1971,Gdańsk,Poland,Student,Premium,8578.69,25-03-2024
C02977,Hannah,Smith,Female,16-08-1979,Bologna,Italy,Student,Premium,9920.04,11-08-2022
C02978,Marco,Davis,Male,01-01-1985,Frankfurt,Germany,Salaried,Premium,4050.0,12-01-2020
C02979,Camille,Davis,Female,19-02-1968,Barcelona,Spain,Student,SME,3150.0,02-07-2019
C02980,Mateo,Martin,Male,26-12-1976,Toulouse,France,Freelancer,Retail,4020.15,31-05-2018
C02981,Noah,Davis,Male,13-11-1985,Bordeaux,France,Self Employed,Retail,3973.97,30-10-2020
C02982,Amelia,White,Female,17-06-1973,Rome,Italy,Business Owner,SME,8273.44,06-02-2019
C02983,Clara,Clark,Female,04-03-1976,Dublin,Ireland,Freelancer,Retail,4821.36,19-03-2018
C02984,Ethan,Sanchez,Male,24-12-1995,Dublin,Ireland,Freelancer,SME,11154.07,10-08-2022
C02985,Louis,Gonzalez,Male,12-06-1997,Salzburg,Austria,Retired,Corporate,19333.74,07-10-2020
C02986,Sophia,Gonzalez,Female,04-04-1996,Bruges,Belgium,Retired,Retail,8359.19,27-07-2023
C02987,Ava,Clark,Female,15-07-1991,Lisbon,Portugal,Retired,Retail,5452.94,08-10-2022
C02988,Emma,Lopez,Female,03-05-1973,Barcelona,Spain,Self Employed,Retail,2904.44,06-11-2022
C02989,James,Williams,Male,07-04-1968,Cologne,Germany,Salaried,Premium,14449.24,04-11-2018
C02990,Mia,Smith,Female,04-10-1974,Cork,Ireland,Retired,Retail,2443.57,03-10-2019
C02991,Leo,Brown,Male,20-10-1976,Graz,Austria,Business Owner,Retail,9233.6,19-01-2025
C02992,Ava,Martinez,Female,11-02-1996,Vienna,Austria,Student,Wealth,15975.86,16-11-2024
C02993,Mateo,Miller,Male,22-08-1984,Rome,Italy,Salaried,Retail,2250.0,13-01-2020
C02994,Sofia,Jackson,Female,14-03-1989,Valencia,Spain,Self Employed,Retail,6586.16,29-12-2020
C02995,Hans,Harris,Male,04-08-1999,Stockholm,Sweden,Self Employed,Premium,14486.96,26-06-2023
C02996,Mia,Johnson,Female,04-02-1960,Faro,Portugal,Self Employed,Premium,6194.6,05-01-2025
C02997,Emma,Miller,Female,27-01-1986,Antwerp,Belgium,Salaried,Wealth,14881.83,24-05-2018
C02998,Sophia,Martinez,Female,20-11-1981,Utrecht,Netherlands,Self Employed,Retail,12749.05,25-10-2025
C02999,Ava,Davis,Female,09-05-1986,Rome,Italy,Student,SME,3898.19,18-05-2025
C03000,Hannah,Rodriguez,Female,13-10-1982,Porto,Portugal,Student,SME,22441.41,10-12-2024
C03001,Camille,Garcia,Female,09-11-1997,Utrecht,Netherlands,Student,Wealth,23647.31,01-11-2020
C03002,Mia,Ramirez,Female,23-01-2001,Amsterdam,Netherlands,Self Employed,Premium,4050.0,25-09-2024
C03003,Elena,Davis,Female,09-12-1995,Madrid,Spain,Business Owner,Premium,18171.44,21-04-2018
C03004,Liam,Miller,Male,09-06-1988,Madrid,Spain,Self Employed,Premium,9785.81,07-03-2026
C03005,Emma,Garcia,Female,19-07-1983,Frankfurt,Germany,Business Owner,Retail,7015.13,20-11-2023
C03006,Carlos,Rodriguez,Male,26-05-2004,Innsbruck,Austria,Business Owner,Corporate,11641.96,06-01-2018
C03007,Hannah,Brown,Female,26-03-1973,Braga,Portugal,Freelancer,Wealth,30364.88,09-07-2024
C03008,Emma,Clark,Female,10-04-1973,Milan,Italy,Freelancer,SME,7092.6,02-06-2018
C03009,Sofia,Jones,Female,16-03-1973,Toulouse,France,Retired,Retail,11174.47,24-08-2019
C03010,Alexander,Lee,Male,27-05-1996,Milan,Italy,Freelancer,SME,4279.26,08-09-2024
C03011,Arthur,Lewis,Male,10-07-1967,Stuttgart,Germany,Self Employed,Wealth,15586.56,30-03-2018
C03012,Olivia,Hernandez,Female,09-05-1965,Antwerp,Belgium,Retired,Retail,2250.0,13-08-2024
C03013,Hannah,Miller,Female,26-01-1981,Warsaw,Poland,Salaried,SME,15398.93,31-01-2020
C03014,Isabella,Anderson,Female,13-12-1961,Warsaw,Poland,Salaried,SME,7369.94,20-02-2025
C03015,Noah,Lopez,Male,06-02-2003,Salzburg,Austria,Retired,Premium,4148.84,26-03-2019
C03016,Arthur,Lopez,Male,15-08-1972,Gdańsk,Poland,Self Employed,Retail,6926.1,03-08-2023
C03017,Marco,Garcia,Male,01-08-1992,Wrocław,Poland,Salaried,Retail,12605.89,16-01-2025
C03018,Elena,Sanchez,Female,04-06-2001,Bordeaux,France,Retired,SME,11670.63,19-04-2020
C03019,Julian,Lewis,Male,10-11-2003,Cork,Ireland,Business Owner,Retail,8642.03,21-10-2023
C03020,Charlotte,Lewis,Female,14-04-1989,Antwerp,Belgium,Business Owner,SME,6175.17,15-12-2024
C03021,Camille,Williams,Female,17-03-1990,Seville,Spain,Business Owner,Retail,3903.5,03-10-2020
C03022,Olivia,Jones,Female,24-08-1987,Utrecht,Netherlands,Salaried,Retail,8820.31,06-03-2024
C03023,Hannah,Robinson,Female,11-10-2002,Cork,Ireland,Freelancer,Wealth,18057.05,03-03-2022
C03024,Ava,Sanchez,Female,27-12-1960,Rome,Italy,Self Employed,Retail,4559.9,26-04-2020
C03025,Noah,Miller,Male,20-10-1968,Rome,Italy,Self Employed,Premium,8875.2,07-01-2022
C03026,Leo,Gonzalez,Male,01-05-1982,Kraków,Poland,Freelancer,Wealth,25935.77,12-03-2023
C03027,Louis,Lopez,Male,04-01-1970,Madrid,Spain,Salaried,Retail,3007.9,11-04-2021
C03028,Ethan,Martin,Male,22-02-1972,Cologne,Germany,Retired,SME,13438.93,30-08-2020
C03029,Charlotte,Lee,Female,17-05-1982,Faro,Portugal,Retired,Retail,3110.21,06-01-2023
C03030,Noah,Robinson,Male,24-09-1997,Galway,Ireland,Retired,Retail,8811.45,06-03-2019
C03031,Emma,Harris,Female,06-09-1965,Limerick,Ireland,Business Owner,Retail,8397.4,23-06-2019
C03032,Julian,Jackson,Male,17-02-1982,Gothenburg,Sweden,Business Owner,Retail,9595.87,18-10-2021
C03033,Sophia,Ramirez,Female,02-04-1962,Antwerp,Belgium,Business Owner,SME,4184.93,08-12-2020
C03034,Elena,Martinez,Female,04-07-1989,Salzburg,Austria,Retired,Premium,4178.29,17-04-2019
C03035,Arthur,Jones,Male,19-09-1961,Ghent,Belgium,Business Owner,Retail,3746.17,20-04-2018
C03036,Mia,Davis,Female,12-10-1986,Lisbon,Portugal,Business Owner,Retail,3487.21,14-09-2023
C03037,Emma,Lee,Female,17-01-1964,Milan,Italy,Student,Corporate,8095.39,26-01-2023
C03038,Arthur,Rodriguez,Male,12-05-1991,Naples,Italy,Self Employed,Premium,6529.17,08-10-2023
C03039,Carlos,Jones,Male,24-05-1969,Naples,Italy,Salaried,Premium,17563.75,15-07-2023
C03040,Freya,Taylor,Female,12-06-1978,Malmö,Sweden,Business Owner,Premium,4050.0,26-01-2026
C03041,Julian,Lewis,Male,05-07-1987,Bologna,Italy,Self Employed,Retail,7341.78,13-09-2021
C03042,Amelia,Miller,Female,11-04-1997,Braga,Portugal,Business Owner,SME,7086.54,23-05-2019
C03043,Camille,Williams,Female,05-08-1969,Madrid,Spain,Salaried,Premium,8822.27,11-10-2025
C03044,Clara,Thomas,Female,16-02-1977,Innsbruck,Austria,Business Owner,SME,8869.75,26-03-2024
C03045,Arthur,Perez,Male,12-06-1978,Porto,Portugal,Salaried,Premium,4050.0,03-10-2022
C03046,Julian,Williams,Male,07-04-2002,Kraków,Poland,Retired,Retail,21327.3,14-11-2024
C03047,Ava,Taylor,Female,26-05-1960,Graz,Austria,Self Employed,Corporate,5606.08,22-11-2018
C03048,Charlotte,Harris,Female,11-06-1965,Braga,Portugal,Retired,Premium,12635.25,06-08-2020
C03049,Hannah,Lee,Female,13-09-1985,Bologna,Italy,Salaried,SME,15347.58,15-11-2023
C03050,Arthur,Taylor,Male,18-09-1993,Madrid,Spain,Retired,Retail,2743.98,17-11-2018
C03051,Ethan,Thomas,Male,27-06-1966,Cork,Ireland,Freelancer,Retail,2679.28,08-08-2025
C03052,Elena,Anderson,Female,14-10-1973,Bruges,Belgium,Retired,Retail,6119.23,26-11-2019
C03053,Ava,Hernandez,Female,20-09-1995,Utrecht,Netherlands,Student,Retail,5246.82,14-07-2022
C03054,Camille,Lopez,Female,24-03-1977,Madrid,Spain,Self Employed,Retail,3295.78,16-07-2022
C03055,Elena,Thompson,Female,09-08-1978,Cork,Ireland,Student,Retail,8505.11,09-04-2025
C03056,Amelia,Thompson,Female,25-11-1972,Hamburg,Germany,Retired,Retail,5384.07,21-04-2025
C03057,Mateo,Thomas,Male,22-02-1993,Lisbon,Portugal,Business Owner,Premium,8671.06,09-05-2022
C03058,Isabella,Jackson,Female,03-11-1988,Cologne,Germany,Self Employed,Retail,11015.71,12-01-2019
C03059,Charlotte,Lee,Female,13-07-1981,Dublin,Ireland,Retired,Retail,2311.88,15-02-2018
C03060,Hans,Sanchez,Male,09-07-1996,Valencia,Spain,Salaried,Corporate,13966.73,01-06-2025
C03061,Chloe,Lee,Female,19-03-1971,Braga,Portugal,Student,Corporate,4950.0,13-04-2024
C03062,James,Miller,Male,02-03-1968,Kraków,Poland,Student,Retail,3234.4,29-07-2025
C03063,Sophia,Lewis,Female,14-09-1973,Utrecht,Netherlands,Retired,Retail,2250.0,28-09-2020
C03064,Sophia,Anderson,Female,11-06-1976,Naples,Italy,Student,Premium,4780.94,20-08-2023
C03065,Freya,Davis,Female,01-11-1995,Faro,Portugal,Freelancer,Retail,4764.05,16-05-2023
C03066,Charlotte,Miller,Female,09-11-1976,Wrocław,Poland,Self Employed,SME,3683.84,26-10-2020
C03067,Isabella,Wilson,Female,02-01-1971,Porto,Portugal,Self Employed,Retail,5072.2,27-07-2018
C03068,Hannah,Gonzalez,Female,21-02-1980,Seville,Spain,Student,Premium,11486.09,13-03-2022
C03069,Julian,Garcia,Male,11-04-1975,Warsaw,Poland,Self Employed,SME,8114.74,01-02-2020
C03070,Hannah,Clark,Female,14-08-1992,Madrid,Spain,Self Employed,Retail,5403.64,28-04-2020
C03071,Ethan,Rodriguez,Male,01-02-1995,Dublin,Ireland,Salaried,Retail,6575.84,29-01-2022
C03072,Elena,Williams,Female,03-10-1968,Paris,France,Business Owner,Retail,2250.0,06-12-2024
C03073,Liam,Harris,Male,28-06-1961,Braga,Portugal,Business Owner,Retail,6703.76,26-08-2023
C03074,Oliver,Martinez,Male,28-05-1962,Antwerp,Belgium,Self Employed,Retail,5227.36,14-06-2018
C03075,Amelia,Taylor,Female,20-01-1964,Lisbon,Portugal,Self Employed,Corporate,5358.72,27-02-2023
C03076,Ethan,Davis,Male,08-08-1978,Dublin,Ireland,Student,Wealth,10533.46,01-03-2021
C03077,Julian,Johnson,Male,14-03-1965,Graz,Austria,Student,Retail,2250.0,21-12-2018
C03078,Amelia,Taylor,Female,17-06-1982,Cologne,Germany,Self Employed,Retail,7699.23,21-09-2022
C03079,Chloe,Hernandez,Female,22-01-1968,Turin,Italy,Freelancer,Retail,6967.88,10-07-2021
C03080,Alexander,Anderson,Male,12-01-1960,Gdańsk,Poland,Business Owner,SME,18802.25,09-03-2023
C03081,Mateo,Wilson,Male,03-03-1964,Toulouse,France,Self Employed,Premium,5327.85,13-09-2020
C03082,Charlotte,Lopez,Female,26-10-1972,Utrecht,Netherlands,Retired,Retail,7036.66,28-02-2021
C03083,Clara,Thomas,Female,03-06-2004,Amsterdam,Netherlands,Self Employed,SME,6692.15,19-08-2019
C03084,Mia,Rodriguez,Female,02-04-1993,Rotterdam,Netherlands,Freelancer,Retail,2250.0,03-09-2025
C03085,Charlotte,Smith,Female,01-10-1967,Valencia,Spain,Salaried,Retail,4349.18,24-07-2018
C03086,Liam,Anderson,Male,10-04-1974,Amsterdam,Netherlands,Salaried,Retail,4668.82,17-07-2021
C03087,Sophia,Rodriguez,Female,10-12-1983,Turin,Italy,Salaried,Retail,6753.28,20-07-2022
C03088,Sofia,Williams,Female,15-08-1974,Berlin,Germany,Student,Retail,6445.48,09-09-2018
C03089,Ethan,Lewis,Male,23-06-1971,Rotterdam,Netherlands,Freelancer,Premium,12880.0,04-05-2024
C03090,Olivia,Martinez,Female,21-08-1965,Porto,Portugal,Retired,SME,8217.16,26-12-2022
C03091,Carlos,Taylor,Male,20-06-1962,Braga,Portugal,Salaried,Retail,9667.72,13-11-2025
C03092,Leo,Moore,Male,12-11-1963,Seville,Spain,Self Employed,Premium,24544.35,17-01-2026
C03093,Sofia,Williams,Female,07-10-1991,Naples,Italy,Freelancer,Wealth,11941.47,13-05-2021
C03094,Arthur,Rodriguez,Male,23-06-1984,Stuttgart,Germany,Freelancer,Premium,54413.56,30-09-2021
C03095,Hans,Davis,Male,15-06-1972,Bordeaux,France,Retired,Retail,5312.11,04-12-2020
C03096,Olivia,Brown,Female,16-01-1971,Dublin,Ireland,Salaried,Retail,7051.85,07-07-2024
C03097,Olivia,Lopez,Female,25-01-1986,Frankfurt,Germany,Retired,Retail,3619.52,23-03-2018
C03098,Emma,Moore,Female,26-10-1961,Limerick,Ireland,Retired,Retail,11996.36,15-01-2018
C03099,Noah,Hernandez,Male,15-11-1964,Salzburg,Austria,Business Owner,Retail,5526.6,30-06-2025
C03100,Sophia,Perez,Female,27-08-1989,Dublin,Ireland,Self Employed,Retail,5506.96,28-10-2025
C03101,Mia,Rodriguez,Female,04-03-1992,Antwerp,Belgium,Business Owner,Retail,3563.94,13-11-2022
C03102,Lucas,White,Male,07-08-1991,Lisbon,Portugal,Retired,Premium,19705.82,17-11-2019
C03103,Freya,Harris,Female,28-06-1962,Florence,Italy,Business Owner,SME,6574.96,12-03-2026
C03104,Sofia,Ramirez,Female,06-10-2002,Stockholm,Sweden,Freelancer,Retail,2852.14,21-11-2023
C03105,Isabella,Miller,Female,07-08-2000,Seville,Spain,Retired,Retail,3679.22,04-09-2020
C03106,Louis,Martin,Male,22-10-1999,Brussels,Belgium,Business Owner,Premium,7014.57,03-05-2022
C03107,Liam,Ramirez,Male,16-10-1997,Galway,Ireland,Salaried,Corporate,8523.99,26-10-2025
C03108,Clara,Thompson,Female,21-07-1976,Rotterdam,Netherlands,Self Employed,Premium,8302.2,10-08-2025
C03109,Camille,Moore,Female,03-11-1973,Rome,Italy,Retired,Retail,6218.65,28-06-2019
C03110,Hans,Rodriguez,Male,08-06-1990,Brussels,Belgium,Self Employed,Retail,8199.07,16-09-2024
C03111,James,Harris,Male,09-08-1995,Barcelona,Spain,Business Owner,Retail,3575.46,17-02-2022
C03112,Isabella,Martinez,Female,19-04-1988,Lisbon,Portugal,Freelancer,Wealth,23050.82,28-02-2023
C03113,Freya,Lopez,Female,01-06-1987,Milan,Italy,Freelancer,Corporate,13289.31,09-04-2025
C03114,Arthur,Gonzalez,Male,16-06-1980,Seville,Spain,Student,Premium,9863.04,16-05-2021
C03115,Alexander,Clark,Male,22-03-1964,Innsbruck,Austria,Salaried,Retail,4201.8,26-09-2025
C03116,Julian,Harris,Male,02-06-1991,Innsbruck,Austria,Student,SME,3319.31,19-08-2024
C03117,Marco,Smith,Male,12-11-1988,Barcelona,Spain,Student,Wealth,7742.44,04-01-2024
C03118,Amelia,Lee,Female,26-01-1989,Ghent,Belgium,Business Owner,Retail,6076.25,11-03-2019
C03119,Leo,Harris,Male,10-01-1964,Milan,Italy,Business Owner,Retail,5262.49,14-02-2021
C03120,Ava,Ramirez,Female,01-02-1969,Ghent,Belgium,Retired,Retail,5669.92,24-12-2024
C03121,Alexander,Davis,Male,25-03-1973,Bordeaux,France,Retired,SME,9082.18,10-06-2021
C03122,Sophia,White,Female,04-02-2000,Dublin,Ireland,Business Owner,Retail,6838.78,09-06-2022
C03123,Camille,Miller,Female,28-02-2001,Paris,France,Self Employed,Wealth,9825.49,21-05-2021
C03124,Amelia,Davis,Female,14-05-1980,Wrocław,Poland,Retired,Wealth,10455.15,14-12-2025
C03125,Leo,Jackson,Male,08-11-1969,Graz,Austria,Business Owner,Premium,4903.32,26-04-2022
C03126,Clara,Moore,Female,11-10-1963,Braga,Portugal,Salaried,SME,3762.02,20-10-2020
C03127,Clara,Anderson,Female,02-02-1993,Cologne,Germany,Self Employed,Retail,11443.56,02-11-2018
C03128,Louis,Clark,Male,03-12-2000,Dublin,Ireland,Student,Corporate,9757.06,09-10-2023
C03129,Amelia,Hernandez,Female,14-06-1998,Innsbruck,Austria,Salaried,Retail,10708.02,25-02-2020
C03130,Clara,Williams,Female,14-04-2003,Brussels,Belgium,Student,Retail,13155.64,24-10-2025
C03131,Ethan,Ramirez,Male,15-02-1995,Bruges,Belgium,Retired,Premium,5442.36,01-09-2018
C03132,Sophia,Wilson,Female,26-12-1971,Bruges,Belgium,Self Employed,Retail,6054.77,25-05-2024
C03133,Arthur,Thompson,Male,17-05-1998,Braga,Portugal,Business Owner,Retail,4392.17,21-11-2019
C03134,Alexander,Miller,Male,01-03-1980,Paris,France,Salaried,SME,3458.97,11-12-2024
C03135,Amelia,Anderson,Female,23-05-2001,Hamburg,Germany,Business Owner,Retail,6922.94,31-12-2024
C03136,Carlos,Moore,Male,23-02-1994,Antwerp,Belgium,Freelancer,Retail,3122.69,29-04-2022
C03137,James,Lopez,Male,20-06-2002,Gothenburg,Sweden,Business Owner,Wealth,29240.74,23-02-2020
C03138,Liam,Jackson,Male,21-09-1967,Kraków,Poland,Self Employed,Retail,3449.29,24-02-2019
C03139,Carlos,Jones,Male,25-09-1985,Galway,Ireland,Freelancer,Retail,10252.7,29-05-2019
C03140,Lucas,White,Male,06-07-1976,Rome,Italy,Self Employed,SME,7558.42,06-07-2021
C03141,Emma,Thomas,Female,08-03-1976,Malmö,Sweden,Salaried,Retail,5218.86,27-06-2021
C03142,Clara,Perez,Female,07-12-1999,Stuttgart,Germany,Freelancer,Premium,14475.13,02-12-2025
C03143,Freya,Lopez,Female,10-08-1985,Lisbon,Portugal,Self Employed,Retail,7454.56,04-11-2018
C03144,Ethan,Davis,Male,11-11-1988,Munich,Germany,Freelancer,Retail,2948.31,27-05-2018
C03145,Alexander,Wilson,Male,23-01-1964,Bologna,Italy,Business Owner,Premium,20325.98,08-03-2023
C03146,Marco,Harris,Male,06-05-1982,Dublin,Ireland,Retired,Retail,4471.37,30-12-2019
C03147,Alexander,Harris,Male,25-12-1987,Rome,Italy,Retired,Premium,5691.65,17-05-2025
C03148,Arthur,Thompson,Male,26-03-1995,Madrid,Spain,Student,SME,16953.28,28-02-2024
C03149,Leo,Martinez,Male,16-01-1993,Cork,Ireland,Retired,SME,3150.0,20-11-2024
C03150,Ethan,Jackson,Male,08-10-1983,Berlin,Germany,Freelancer,Retail,2774.37,28-11-2018
C03151,James,Jackson,Male,10-04-1980,Bruges,Belgium,Student,Premium,13672.25,18-05-2023
C03152,Clara,Johnson,Female,18-12-1960,Frankfurt,Germany,Self Employed,Premium,14389.16,20-11-2021
C03153,Hans,Jones,Male,14-09-1984,Hamburg,Germany,Business Owner,Premium,7026.24,28-06-2024
C03154,Liam,Hernandez,Male,25-10-1964,Cork,Ireland,Business Owner,SME,9364.28,14-07-2024
C03155,Julian,Lee,Male,07-02-1981,Kraków,Poland,Business Owner,SME,22088.99,19-04-2021
C03156,Arthur,Martin,Male,07-07-1997,Madrid,Spain,Retired,Premium,4050.0,10-08-2022
C03157,Hans,Martin,Male,04-06-1979,Cologne,Germany,Business Owner,Premium,8897.95,05-05-2018
C03158,Chloe,Ramirez,Female,08-08-1964,Malmö,Sweden,Salaried,Retail,4153.07,15-12-2025
C03159,Alexander,Gonzalez,Male,07-03-2003,Graz,Austria,Retired,Premium,10457.96,23-12-2024
C03160,Noah,Gonzalez,Male,28-06-1974,Rotterdam,Netherlands,Salaried,Retail,4671.38,17-10-2018
C03161,Oliver,Moore,Male,11-12-1988,The Hague,Netherlands,Salaried,SME,5740.95,06-06-2021
C03162,Charlotte,Miller,Female,04-04-1973,Munich,Germany,Retired,SME,5086.67,28-11-2020
C03163,Mateo,Brown,Male,27-04-1961,Gothenburg,Sweden,Freelancer,SME,5109.73,03-06-2018
C03164,Mia,Jackson,Female,17-02-1968,Wrocław,Poland,Salaried,Retail,3236.64,06-07-2019
C03165,Mateo,Lee,Male,03-07-1976,Ghent,Belgium,Salaried,Retail,6119.86,27-02-2021
C03166,Hannah,Martinez,Female,16-10-1998,Lisbon,Portugal,Self Employed,SME,11814.58,23-03-2025
C03167,Olivia,Garcia,Female,09-08-2002,Braga,Portugal,Business Owner,Retail,3703.87,29-09-2018
C03168,Olivia,Perez,Female,27-05-1961,Dublin,Ireland,Self Employed,Retail,4385.1,13-07-2018
C03169,Leo,Garcia,Male,22-11-1969,Amsterdam,Netherlands,Freelancer,Retail,3289.47,15-12-2018
C03170,Emma,Clark,Female,23-02-1984,Munich,Germany,Student,Retail,6322.39,01-10-2022
C03171,Louis,Martin,Male,28-06-1988,Porto,Portugal,Retired,Retail,5531.15,09-01-2024
C03172,Amelia,Smith,Female,08-10-1994,Cologne,Germany,Self Employed,Premium,19556.11,09-06-2018
C03173,Liam,Miller,Male,19-02-1983,Dublin,Ireland,Freelancer,Retail,4097.99,12-02-2023
C03174,Olivia,Robinson,Female,18-02-1977,Utrecht,Netherlands,Freelancer,Premium,14115.5,06-08-2025
C03175,Charlotte,Martinez,Female,21-11-1975,Rome,Italy,Retired,Corporate,9209.04,29-02-2020
C03176,Sophia,Davis,Female,21-09-1966,Gdańsk,Poland,Business Owner,Retail,9541.0,27-09-2024
C03177,Lucas,Perez,Male,06-10-1975,Innsbruck,Austria,Retired,Retail,7033.52,10-07-2021
C03178,Elena,Williams,Female,05-01-1989,Innsbruck,Austria,Self Employed,Wealth,8904.64,14-08-2018
C03179,Amelia,Johnson,Female,21-11-1982,Braga,Portugal,Salaried,Retail,4539.29,18-01-2023
C03180,Ethan,Taylor,Male,14-11-1997,Vienna,Austria,Freelancer,Retail,8063.94,10-01-2026
C03181,James,Garcia,Male,24-01-1966,Gdańsk,Poland,Retired,Retail,12584.85,25-06-2021
C03182,Ethan,Ramirez,Male,26-02-1964,Rome,Italy,Business Owner,Retail,4118.06,24-01-2019
C03183,Hans,Wilson,Male,18-05-2004,Wrocław,Poland,Student,Retail,5352.76,01-06-2019
C03184,Alexander,Garcia,Male,02-08-1979,Munich,Germany,Salaried,Premium,11016.99,19-08-2023
C03185,Olivia,Jones,Female,08-01-1989,Galway,Ireland,Self Employed,Retail,2655.74,30-04-2018
C03186,Elena,Wilson,Female,10-03-1975,Naples,Italy,Freelancer,SME,15004.3,16-11-2020
C03187,Mateo,White,Male,25-01-2003,Galway,Ireland,Student,Retail,7863.63,17-12-2022
C03188,Oliver,Gonzalez,Male,17-12-1998,Cork,Ireland,Business Owner,SME,8503.19,29-03-2023
C03189,Hans,Ramirez,Male,04-09-1978,Utrecht,Netherlands,Self Employed,Retail,2833.71,09-12-2018
C03190,Noah,Jones,Male,13-12-1982,Frankfurt,Germany,Salaried,SME,4705.59,03-10-2020
C03191,Freya,Miller,Female,09-08-1975,Malmö,Sweden,Salaried,Retail,9125.71,22-09-2025
C03192,Lucas,Wilson,Male,05-07-1973,Graz,Austria,Business Owner,Retail,16266.81,22-11-2020
C03193,Carlos,Thompson,Male,04-02-2000,Stockholm,Sweden,Freelancer,Premium,5737.82,05-07-2022
C03194,Sofia,Thomas,Female,26-01-1973,Rotterdam,Netherlands,Self Employed,Retail,8461.12,03-04-2025
C03195,Ava,Martin,Female,08-11-1988,Cork,Ireland,Student,Corporate,10381.8,07-05-2019
C03196,Chloe,Martinez,Female,22-02-1986,Lisbon,Portugal,Freelancer,Retail,9891.48,04-08-2019
C03197,Julian,Miller,Male,18-02-2004,Gdańsk,Poland,Student,Retail,8674.67,11-12-2023
C03198,Leo,Thompson,Male,12-10-2001,Vienna,Austria,Self Employed,Retail,9243.86,02-07-2019
C03199,Sofia,Anderson,Female,12-09-1982,Salzburg,Austria,Freelancer,Premium,18657.51,04-12-2019
C03200,Lucas,Miller,Male,11-01-1993,Cologne,Germany,Retired,Retail,8433.7,11-09-2025
C03201,Emma,Jones,Female,09-06-1973,Valencia,Spain,Student,Corporate,10100.93,31-05-2023
C03202,Amelia,Williams,Female,19-05-1978,Bordeaux,France,Salaried,Retail,7989.9,19-07-2018
C03203,Freya,Gonzalez,Female,19-07-1960,Bordeaux,France,Self Employed,Retail,5597.19,13-07-2025
C03204,Chloe,Sanchez,Female,26-06-1983,Paris,France,Freelancer,Retail,5283.35,03-04-2021
C03205,Sophia,Taylor,Female,04-10-1961,Valencia,Spain,Salaried,Retail,2767.38,15-01-2019
C03206,Ethan,Robinson,Male,27-10-1963,Berlin,Germany,Student,Wealth,6750.0,27-04-2024
C03207,Julian,Lewis,Male,12-03-1985,Seville,Spain,Self Employed,Premium,9686.61,24-06-2019
C03208,Mateo,Anderson,Male,27-11-1963,Bordeaux,France,Freelancer,Retail,9619.9,12-02-2025
C03209,Mateo,Jackson,Male,09-09-1992,The Hague,Netherlands,Freelancer,SME,16636.69,21-09-2020
C03210,Emma,White,Female,19-08-1965,Rome,Italy,Freelancer,SME,9848.77,27-12-2024
C03211,Olivia,Martinez,Female,17-12-1989,Cork,Ireland,Freelancer,SME,3150.0,25-03-2021
C03212,Marco,Lewis,Male,04-12-1988,Bilbao,Spain,Self Employed,Retail,3687.23,23-05-2020
C03213,Hannah,Anderson,Female,28-07-1973,Munich,Germany,Freelancer,Premium,5624.04,05-05-2018
C03214,Mia,Thompson,Female,24-05-1962,Hamburg,Germany,Self Employed,SME,6067.38,30-08-2023
C03215,Freya,Thompson,Female,12-01-1967,Gothenburg,Sweden,Freelancer,Retail,2250.0,10-04-2021
C03216,Clara,Martinez,Female,06-06-1997,Rome,Italy,Student,Corporate,25936.0,22-01-2021
C03217,Alexander,Martin,Male,07-10-1973,Porto,Portugal,Freelancer,Retail,2726.49,30-06-2019
C03218,Carlos,Sanchez,Male,20-04-1993,Innsbruck,Austria,Salaried,Retail,7359.31,18-02-2018
C03219,Freya,Garcia,Female,16-01-1984,Paris,France,Retired,Retail,3613.61,22-06-2025
C03220,Alexander,Davis,Male,28-04-1981,Lisbon,Portugal,Business Owner,Retail,4511.81,14-01-2020
C03221,Ava,Lewis,Female,18-10-1995,Stockholm,Sweden,Salaried,Retail,5919.61,05-05-2023
C03222,Chloe,White,Female,15-04-1973,Nice,France,Self Employed,Retail,8272.36,01-02-2021
C03223,Alexander,Anderson,Male,11-09-1979,Florence,Italy,Retired,Retail,9527.17,04-09-2019
C03224,Charlotte,Robinson,Female,01-12-1994,Wrocław,Poland,Business Owner,Retail,4691.61,08-01-2020
C03225,Marco,Garcia,Male,23-11-1998,Gothenburg,Sweden,Business Owner,Retail,5080.56,17-12-2024
C03226,Louis,Jackson,Male,15-12-1993,Bordeaux,France,Self Employed,SME,4385.85,17-11-2019
C03227,Olivia,Gonzalez,Female,17-09-1960,Rome,Italy,Salaried,Retail,9190.49,25-11-2019
C03228,Camille,Johnson,Female,01-04-1967,Brussels,Belgium,Business Owner,Retail,5684.5,27-10-2021
C03229,Sophia,Lewis,Female,19-01-1981,Porto,Portugal,Self Employed,Retail,7792.1,13-10-2020
C03230,Carlos,Garcia,Male,10-10-1986,Faro,Portugal,Retired,Premium,6494.38,27-05-2019
C03231,Isabella,Lewis,Female,02-03-2004,Vienna,Austria,Student,Retail,6856.44,22-08-2019
C03232,Sofia,Moore,Female,09-07-1991,Naples,Italy,Salaried,Premium,27725.02,10-10-2022
C03233,Isabella,Perez,Female,02-05-1988,Bilbao,Spain,Retired,Retail,12877.69,12-07-2021
C03234,Hannah,Williams,Female,03-10-1977,Brussels,Belgium,Freelancer,Wealth,8696.53,12-09-2019
C03235,Camille,White,Female,17-02-1978,Gdańsk,Poland,Self Employed,Retail,3061.15,05-02-2023
C03236,Louis,Lewis,Male,06-02-1963,Rotterdam,Netherlands,Business Owner,Retail,5061.84,08-10-2020
C03237,Sophia,Robinson,Female,09-01-1994,Lyon,France,Business Owner,Retail,3789.83,07-10-2018
C03238,Mateo,Wilson,Male,13-06-1988,Ghent,Belgium,Salaried,Corporate,7130.63,22-06-2020
C03239,Arthur,Moore,Male,11-04-1990,Turin,Italy,Salaried,Corporate,6899.8,25-09-2019
C03240,Oliver,Lopez,Male,18-01-1960,Galway,Ireland,Business Owner,Corporate,11225.06,16-08-2020
C03241,Olivia,Harris,Female,11-03-1979,Toulouse,France,Retired,Corporate,13932.44,21-05-2020
C03242,Oliver,Taylor,Male,02-10-2001,Stuttgart,Germany,Self Employed,Premium,7027.0,21-02-2025
C03243,Clara,Harris,Female,07-11-1981,Braga,Portugal,Retired,Retail,5675.62,15-08-2025
C03244,Mia,Wilson,Female,26-12-1988,Turin,Italy,Student,Retail,9075.75,11-02-2019
C03245,Amelia,Garcia,Female,28-04-1975,Gdańsk,Poland,Business Owner,Retail,7023.57,17-03-2020
C03246,Isabella,Miller,Female,03-08-1995,Frankfurt,Germany,Student,Premium,23237.43,03-02-2020
C03247,Leo,Johnson,Male,23-08-1982,Salzburg,Austria,Business Owner,Retail,9669.66,18-01-2024
C03248,Amelia,Smith,Female,09-02-1979,Stockholm,Sweden,Salaried,Retail,5798.41,20-02-2026
C03249,Oliver,Lee,Male,16-09-1992,Rotterdam,Netherlands,Freelancer,Retail,3810.72,22-10-2019
C03250,Louis,Perez,Male,08-12-1973,Rotterdam,Netherlands,Business Owner,Premium,14911.46,25-04-2024
C03251,Camille,Anderson,Female,23-08-1960,Cologne,Germany,Salaried,SME,3150.0,28-01-2022
C03252,Alexander,Hernandez,Male,15-12-1967,Lisbon,Portugal,Salaried,Premium,6774.27,05-07-2022
C03253,Camille,Gonzalez,Female,21-08-1983,Salzburg,Austria,Student,Retail,4754.6,27-10-2020
C03254,Carlos,Miller,Male,18-01-1985,Dublin,Ireland,Salaried,Retail,3027.22,05-07-2023
C03255,Charlotte,Johnson,Female,19-05-1963,Porto,Portugal,Self Employed,Premium,10349.12,02-04-2023
C03256,James,Rodriguez,Male,09-12-1979,Bruges,Belgium,Retired,Retail,7431.03,06-01-2024
C03257,Olivia,Thompson,Female,21-04-2003,Utrecht,Netherlands,Self Employed,Retail,8017.35,04-06-2021
C03258,Hans,Jones,Male,19-04-1987,Ghent,Belgium,Retired,Retail,4337.86,06-09-2020
C03259,Mia,Perez,Female,04-02-1961,Gdańsk,Poland,Business Owner,SME,13794.18,27-10-2020
C03260,Louis,Anderson,Male,11-06-1994,Paris,France,Retired,Retail,4544.84,28-05-2022
C03261,Mateo,Anderson,Male,09-02-1981,Bilbao,Spain,Business Owner,Retail,27705.04,26-10-2018
C03262,Olivia,Williams,Female,07-09-1996,Turin,Italy,Business Owner,Premium,5724.65,16-06-2022
C03263,Elena,Perez,Female,08-07-1999,Salzburg,Austria,Freelancer,Premium,15942.01,22-10-2020
C03264,Noah,Thompson,Male,18-11-1989,Faro,Portugal,Retired,SME,4630.23,22-11-2024
C03265,Mateo,Jones,Male,14-12-1967,The Hague,Netherlands,Student,Retail,3917.4,02-09-2025
C03266,Mateo,Clark,Male,14-03-1978,Bruges,Belgium,Student,Retail,4771.45,26-05-2023
C03267,Isabella,Clark,Female,03-01-1998,Gothenburg,Sweden,Freelancer,SME,16413.07,01-08-2025
C03268,Ava,Garcia,Female,18-04-1960,Paris,France,Freelancer,Wealth,15811.94,05-11-2018
C03269,Freya,Smith,Female,09-11-1962,Rome,Italy,Student,SME,11020.78,21-09-2025
C03270,Julian,Brown,Male,04-01-1969,Milan,Italy,Freelancer,Retail,5052.39,16-12-2021
C03271,Liam,Martinez,Male,10-03-1993,Braga,Portugal,Business Owner,Retail,3711.21,01-03-2018
C03272,Oliver,Moore,Male,16-11-1963,Vienna,Austria,Freelancer,Retail,15585.13,25-01-2021
C03273,Louis,Gonzalez,Male,10-03-1963,Cork,Ireland,Freelancer,Retail,3063.42,07-10-2020
C03274,Liam,Williams,Male,28-01-1992,Wrocław,Poland,Self Employed,Premium,25866.97,21-12-2020
C03275,Marco,Harris,Male,26-05-1960,Stockholm,Sweden,Freelancer,Retail,5348.79,07-09-2021
C03276,Emma,Perez,Female,16-08-1968,Warsaw,Poland,Student,Premium,6236.8,23-09-2018
C03277,Isabella,Jones,Female,12-08-1968,Porto,Portugal,Student,Retail,3776.13,03-02-2019
C03278,Mateo,Lopez,Male,14-07-1984,Ghent,Belgium,Retired,Retail,9030.37,26-12-2020
C03279,Liam,Miller,Male,02-12-1989,Seville,Spain,Business Owner,SME,15067.87,30-06-2020
C03280,Louis,Johnson,Male,14-01-1996,Cologne,Germany,Business Owner,Retail,8520.81,03-01-2023
C03281,Hans,Perez,Male,23-04-1972,Dublin,Ireland,Self Employed,SME,11135.95,17-01-2023
C03282,Elena,Miller,Female,04-10-2004,Innsbruck,Austria,Student,Retail,4819.45,28-06-2025
C03283,Amelia,Thompson,Female,03-03-1978,Marseille,France,Retired,Corporate,8496.73,30-12-2018
C03284,Emma,Clark,Female,09-12-1960,Cork,Ireland,Business Owner,SME,5236.01,25-10-2020
C03285,Marco,Sanchez,Male,25-12-1970,Amsterdam,Netherlands,Freelancer,Premium,19542.18,08-12-2025
C03286,Leo,Lee,Male,15-01-2000,Graz,Austria,Student,Premium,8184.12,15-09-2023
C03287,Marco,Thompson,Male,15-09-2000,Seville,Spain,Self Employed,SME,5572.52,23-01-2024
C03288,Sofia,Lewis,Female,01-01-1973,Rotterdam,Netherlands,Freelancer,Retail,4534.11,04-05-2023
C03289,Olivia,Gonzalez,Female,13-05-1981,Dublin,Ireland,Freelancer,Retail,4725.01,24-04-2018
C03290,Camille,Martinez,Female,26-05-1978,Hamburg,Germany,Freelancer,Retail,3985.24,07-07-2025
C03291,Amelia,Johnson,Female,27-05-1993,Berlin,Germany,Salaried,Corporate,6530.18,22-03-2023
C03292,Julian,Smith,Male,11-04-1991,Barcelona,Spain,Freelancer,Wealth,62478.59,09-08-2023
C03293,Emma,Harris,Female,13-11-1996,Rome,Italy,Student,Retail,8830.97,21-02-2018
C03294,Charlotte,Harris,Female,23-04-2000,Stockholm,Sweden,Retired,Retail,7258.13,15-11-2020
C03295,Sophia,Robinson,Female,19-01-1965,Paris,France,Freelancer,Retail,3276.58,21-03-2020
C03296,Sophia,Lopez,Female,08-03-2001,Milan,Italy,Business Owner,Retail,4941.05,26-05-2020
C03297,Hans,Davis,Male,28-10-1971,Kraków,Poland,Retired,Retail,5840.7,10-04-2024
C03298,Noah,Williams,Male,20-01-1967,Kraków,Poland,Self Employed,Corporate,7108.02,23-10-2024
C03299,James,Wilson,Male,23-02-1962,Gdańsk,Poland,Student,Wealth,31009.08,07-11-2022
C03300,Emma,Smith,Female,20-04-1981,Frankfurt,Germany,Student,Retail,6072.65,19-02-2023
C03301,Mia,Clark,Female,15-01-1961,Stuttgart,Germany,Freelancer,Retail,4107.91,20-04-2024
C03302,Noah,Perez,Male,27-11-1987,Brussels,Belgium,Retired,Retail,3484.12,01-09-2021
C03303,Sofia,Williams,Female,11-03-1997,The Hague,Netherlands,Student,Corporate,10366.22,05-05-2024
C03304,Sophia,Lewis,Female,11-03-1973,Dublin,Ireland,Retired,Retail,9873.28,18-01-2026
C03305,Olivia,Sanchez,Female,02-08-1970,Paris,France,Freelancer,Premium,7651.66,26-10-2020
C03306,Carlos,Clark,Male,04-07-1986,Madrid,Spain,Student,Retail,7975.88,04-10-2023
C03307,Sofia,Garcia,Female,27-09-1970,Cork,Ireland,Retired,Retail,14418.11,25-11-2019
C03308,Camille,Garcia,Female,09-10-1976,Bruges,Belgium,Salaried,SME,16375.53,01-11-2023
C03309,James,Wilson,Male,11-12-1999,Munich,Germany,Salaried,Retail,2250.0,09-02-2024
C03310,Leo,Brown,Male,04-01-1994,Madrid,Spain,Self Employed,Retail,7546.34,28-03-2025
C03311,Carlos,Hernandez,Male,20-08-1991,Frankfurt,Germany,Salaried,Wealth,17410.91,11-11-2018
C03312,Ethan,Moore,Male,17-02-1973,Paris,France,Salaried,Corporate,5583.93,09-03-2020
C03313,Marco,Miller,Male,25-11-1985,Amsterdam,Netherlands,Salaried,Premium,12630.33,19-11-2019
C03314,Julian,Miller,Male,08-03-1962,Limerick,Ireland,Self Employed,Retail,6463.55,24-12-2024
C03315,Hans,Moore,Male,28-01-1998,Dublin,Ireland,Salaried,SME,7592.8,03-11-2025
C03316,Alexander,Wilson,Male,21-02-2004,Kraków,Poland,Business Owner,Premium,19698.1,19-06-2021
C03317,Oliver,Davis,Male,07-05-1975,Naples,Italy,Business Owner,Corporate,12711.8,12-03-2021
C03318,Sophia,Brown,Female,20-07-1979,Gdańsk,Poland,Salaried,Retail,5064.88,01-07-2019
C03319,Ethan,Hernandez,Male,06-09-1969,Seville,Spain,Retired,SME,10864.59,26-02-2026
C03320,Liam,Smith,Male,23-11-1978,Gothenburg,Sweden,Business Owner,Premium,6001.36,24-09-2024
C03321,Alexander,Lee,Male,23-05-1971,Warsaw,Poland,Freelancer,Retail,2499.76,21-01-2023
C03322,Mia,Smith,Female,05-06-1970,Bruges,Belgium,Freelancer,Premium,7427.04,03-04-2021
C03323,Charlotte,Miller,Female,07-12-1993,Gdańsk,Poland,Student,Retail,3956.23,02-09-2023
C03324,Mateo,Davis,Male,15-07-1967,Kraków,Poland,Self Employed,Corporate,17931.92,03-08-2021
C03325,Oliver,Perez,Male,17-04-1981,Gothenburg,Sweden,Self Employed,Retail,4194.39,02-12-2019
C03326,Carlos,Rodriguez,Male,10-10-1999,Milan,Italy,Business Owner,Retail,3613.95,19-03-2020
C03327,Sofia,Martin,Female,09-09-1998,Lyon,France,Salaried,Corporate,6475.2,02-12-2023
C03328,Mia,Johnson,Female,06-06-1992,Ghent,Belgium,Retired,Retail,4707.68,23-10-2020
C03329,Olivia,Lewis,Female,16-10-1988,Wrocław,Poland,Retired,Retail,5179.56,09-08-2020
C03330,Sophia,Wilson,Female,01-12-1980,Utrecht,Netherlands,Self Employed,Retail,10925.63,17-02-2026
C03331,Lucas,Harris,Male,19-03-1995,Stockholm,Sweden,Business Owner,Retail,11389.41,19-03-2019
C03332,Julian,Thomas,Male,27-02-1970,Amsterdam,Netherlands,Business Owner,Retail,11232.3,01-05-2018
C03333,Olivia,Thompson,Female,13-01-1979,Malmö,Sweden,Salaried,Retail,2557.94,24-01-2026
C03334,Elena,Sanchez,Female,22-01-1989,Rotterdam,Netherlands,Retired,Retail,10407.14,27-03-2024
C03335,Hans,Ramirez,Male,22-11-1972,Malmö,Sweden,Business Owner,Retail,4327.33,12-02-2025
C03336,Julian,Garcia,Male,03-11-1994,The Hague,Netherlands,Salaried,SME,8702.15,13-02-2019
C03337,Isabella,Brown,Female,14-12-1981,Florence,Italy,Self Employed,Retail,7801.41,02-01-2021
C03338,Chloe,Hernandez,Female,01-12-1985,Graz,Austria,Student,Retail,2852.44,14-06-2018
C03339,Sofia,Thompson,Female,07-11-1969,Bruges,Belgium,Student,Premium,18524.12,15-05-2025
C03340,Charlotte,Perez,Female,24-04-1980,Madrid,Spain,Retired,Retail,6562.14,29-04-2024
C03341,Hans,Harris,Male,12-04-1990,Paris,France,Self Employed,Premium,9465.42,18-01-2025
C03342,Louis,Jones,Male,22-08-2004,Braga,Portugal,Freelancer,Premium,6107.14,19-10-2024
C03343,Ethan,Garcia,Male,10-07-1979,Hamburg,Germany,Business Owner,Retail,2794.42,08-02-2026
C03344,Sofia,Harris,Female,05-06-2003,Kraków,Poland,Student,Premium,12367.3,12-11-2019
C03345,Hans,Thompson,Male,11-04-1990,Seville,Spain,Business Owner,Wealth,15088.06,01-10-2025
C03346,Mia,Ramirez,Female,13-06-1965,Munich,Germany,Self Employed,Premium,4739.4,02-07-2022
C03347,Sofia,Thomas,Female,14-09-1993,Antwerp,Belgium,Business Owner,Retail,3633.9,30-01-2022
C03348,Olivia,Hernandez,Female,21-12-1967,Bilbao,Spain,Business Owner,SME,4405.07,14-05-2024
C03349,James,Martin,Male,10-11-1990,Amsterdam,Netherlands,Freelancer,Retail,12331.14,14-05-2021
C03350,Hannah,Jackson,Female,04-09-1975,Utrecht,Netherlands,Student,SME,3150.0,13-03-2025
C03351,Mateo,Gonzalez,Male,22-05-1971,Braga,Portugal,Business Owner,Retail,2606.05,12-12-2022
C03352,Leo,Lee,Male,21-04-1980,Hamburg,Germany,Business Owner,SME,19965.82,09-09-2020
C03353,Camille,Davis,Female,11-08-1963,Nice,France,Retired,SME,15610.15,28-12-2019
C03354,Leo,Jackson,Male,15-06-1963,Bruges,Belgium,Salaried,SME,8333.43,14-02-2026
C03355,Louis,Smith,Male,09-03-1965,The Hague,Netherlands,Business Owner,Retail,9051.56,22-04-2020
C03356,Sophia,Smith,Female,09-02-2000,Wrocław,Poland,Salaried,Premium,4504.94,19-02-2026
C03357,Chloe,Harris,Female,21-10-1984,Graz,Austria,Retired,Retail,12927.37,07-11-2025
C03358,Hans,Brown,Male,01-06-1984,Turin,Italy,Salaried,Retail,8668.17,17-03-2019
C03359,Lucas,Davis,Male,05-01-1980,Milan,Italy,Self Employed,Premium,6045.84,23-05-2023
C03360,Louis,Wilson,Male,18-10-1995,Stockholm,Sweden,Business Owner,Retail,3556.09,15-11-2025
C03361,Clara,Davis,Female,05-05-1995,Marseille,France,Retired,Retail,13157.01,06-12-2020
C03362,Julian,Williams,Male,21-01-1962,Naples,Italy,Student,Retail,3144.77,26-11-2019
C03363,Emma,Jones,Female,03-07-1994,Stockholm,Sweden,Student,Premium,8003.74,18-08-2021
C03364,Mia,Thomas,Female,07-07-2004,Berlin,Germany,Business Owner,SME,8762.17,06-08-2023
C03365,Isabella,Miller,Female,22-08-1996,The Hague,Netherlands,Student,SME,18680.24,06-03-2018
C03366,Liam,Gonzalez,Male,21-12-1979,Amsterdam,Netherlands,Business Owner,Retail,4721.08,19-01-2018
C03367,Noah,Lee,Male,02-10-1974,Gdańsk,Poland,Retired,Wealth,7579.67,27-12-2021
C03368,Emma,Davis,Female,20-07-2000,Innsbruck,Austria,Self Employed,Premium,6743.46,03-01-2022
C03369,Hans,White,Male,13-08-2003,Bilbao,Spain,Salaried,Retail,5082.92,29-12-2018
C03370,Julian,Anderson,Male,13-03-1978,Milan,Italy,Retired,Retail,3363.4,06-04-2018
C03371,Camille,Lewis,Female,19-06-1977,Munich,Germany,Student,Retail,6069.45,10-03-2022
C03372,Mia,Jones,Female,26-03-1981,Dublin,Ireland,Salaried,Retail,2250.0,06-01-2023
C03373,Isabella,Hernandez,Female,25-06-2003,Milan,Italy,Freelancer,Corporate,11571.53,26-09-2019
C03374,Marco,Sanchez,Male,06-03-1964,Bordeaux,France,Salaried,SME,13223.55,26-05-2025
C03375,Clara,Johnson,Female,28-03-1980,Kraków,Poland,Retired,Retail,5131.48,09-09-2025
C03376,Leo,Sanchez,Male,07-03-1980,Valencia,Spain,Self Employed,Corporate,10684.34,04-09-2018
C03377,Charlotte,Lee,Female,11-09-2002,Naples,Italy,Retired,Retail,5195.1,05-01-2026
C03378,Freya,Martinez,Female,05-05-1968,Stuttgart,Germany,Salaried,Retail,8473.51,06-12-2025
C03379,Clara,Smith,Female,28-10-2003,Rome,Italy,Salaried,Retail,7397.44,03-07-2021
C03380,Noah,Ramirez,Male,06-12-1987,Lyon,France,Self Employed,Retail,2905.88,15-12-2020
C03381,Louis,Hernandez,Male,17-02-1964,Limerick,Ireland,Freelancer,Premium,10254.91,16-04-2022
C03382,Ethan,Davis,Male,22-04-1998,Ghent,Belgium,Student,Retail,5585.97,15-12-2018
C03383,Sophia,Moore,Female,07-04-1963,Porto,Portugal,Business Owner,Wealth,33275.94,26-02-2021
C03384,James,Robinson,Male,10-11-1993,Cork,Ireland,Freelancer,Retail,16079.7,13-10-2024
C03385,Hans,Perez,Male,16-04-1965,Stockholm,Sweden,Retired,SME,8918.13,11-09-2020
C03386,Noah,Sanchez,Male,24-12-1991,Naples,Italy,Student,SME,7724.35,02-11-2021
C03387,Marco,Thompson,Male,12-05-1984,The Hague,Netherlands,Retired,Retail,2250.0,17-09-2021
C03388,Camille,Davis,Female,25-06-1972,Innsbruck,Austria,Self Employed,Corporate,4950.0,20-08-2020
C03389,Julian,Ramirez,Male,24-10-1994,Amsterdam,Netherlands,Business Owner,Corporate,8261.74,12-08-2025
C03390,Alexander,Taylor,Male,17-11-1979,Galway,Ireland,Student,Retail,2686.16,28-02-2018
C03391,Mia,Garcia,Female,23-05-1988,Rotterdam,Netherlands,Retired,Retail,6376.0,10-05-2023
C03392,Amelia,Lee,Female,14-02-1970,Cologne,Germany,Freelancer,Wealth,17937.42,29-06-2024
C03393,James,Williams,Male,06-01-1975,Rotterdam,Netherlands,Business Owner,Premium,4050.0,19-11-2019
C03394,Freya,Thomas,Female,24-04-1970,Seville,Spain,Salaried,Corporate,29231.79,21-10-2019
C03395,Olivia,Miller,Female,18-03-1994,Ghent,Belgium,Retired,Retail,13747.14,07-01-2022
C03396,Emma,Lee,Female,24-11-1984,Milan,Italy,Business Owner,Retail,7538.76,01-06-2022
C03397,Ava,Miller,Female,09-07-1979,Gdańsk,Poland,Salaried,Corporate,9436.54,11-10-2018
C03398,Ava,Williams,Female,25-08-1997,Amsterdam,Netherlands,Student,Retail,11721.37,28-06-2018
C03399,Ava,Jackson,Female,14-04-2003,Paris,France,Self Employed,Retail,7397.13,10-01-2021
C03400,Leo,Clark,Male,08-11-1962,Warsaw,Poland,Freelancer,Retail,2250.0,26-12-2018
C03401,Arthur,Robinson,Male,16-06-1977,Antwerp,Belgium,Self Employed,Retail,3474.36,19-04-2024
C03402,Sophia,Davis,Female,17-11-1991,Antwerp,Belgium,Retired,Retail,3036.93,13-09-2023
C03403,Leo,Williams,Male,24-06-1982,Amsterdam,Netherlands,Student,Retail,7361.52,26-08-2022
C03404,Charlotte,White,Female,02-05-1997,Bruges,Belgium,Freelancer,Premium,7408.74,27-02-2018
C03405,Mateo,Martinez,Male,11-06-1996,Warsaw,Poland,Retired,Retail,3035.99,30-09-2021
C03406,Ava,White,Female,05-03-1972,Innsbruck,Austria,Retired,Retail,4850.8,14-07-2022
C03407,Sophia,Davis,Female,03-03-1997,Rotterdam,Netherlands,Retired,SME,9780.08,06-11-2025
C03408,Charlotte,Garcia,Female,18-08-1997,Munich,Germany,Freelancer,Retail,5156.5,22-03-2020
C03409,Chloe,Davis,Female,08-07-1996,Galway,Ireland,Retired,Retail,2352.23,21-01-2020
C03410,Isabella,Martinez,Female,24-10-1982,Barcelona,Spain,Business Owner,Retail,4064.9,19-07-2022
C03411,Chloe,Anderson,Female,16-02-1960,Braga,Portugal,Freelancer,Retail,8690.0,17-11-2021
C03412,Sofia,Miller,Female,14-01-1984,Stockholm,Sweden,Student,Corporate,7348.41,11-03-2022
C03413,Isabella,Ramirez,Female,10-12-1999,Brussels,Belgium,Salaried,Retail,6409.31,17-12-2025
C03414,Clara,Thomas,Female,06-12-1973,Munich,Germany,Freelancer,Retail,3784.4,10-04-2022
C03415,Oliver,Lopez,Male,22-03-1980,Naples,Italy,Self Employed,Premium,4078.44,22-01-2024
C03416,Alexander,Gonzalez,Male,28-07-2003,Bologna,Italy,Freelancer,SME,12267.6,02-10-2018
C03417,Liam,Thomas,Male,21-04-1981,Stockholm,Sweden,Student,Wealth,56171.65,08-06-2023
C03418,Amelia,Wilson,Female,21-04-1961,Madrid,Spain,Student,Retail,4804.2,19-12-2019
C03419,Elena,Martin,Female,08-11-1964,Ghent,Belgium,Salaried,Retail,10410.81,28-02-2020
C03420,Louis,Wilson,Male,20-08-2003,Vienna,Austria,Student,Retail,2250.0,19-01-2022
C03421,Clara,Jones,Female,23-11-1982,Gothenburg,Sweden,Self Employed,Retail,10835.55,24-09-2025
C03422,Carlos,Sanchez,Male,14-06-2004,Seville,Spain,Business Owner,Retail,2250.0,08-07-2022
C03423,Amelia,Smith,Female,02-09-1989,Brussels,Belgium,Retired,Retail,8120.2,08-10-2024
C03424,Arthur,Gonzalez,Male,06-06-1992,Wrocław,Poland,Salaried,Corporate,14706.07,30-12-2025
C03425,Alexander,Ramirez,Male,09-02-1980,Frankfurt,Germany,Student,Premium,9063.15,21-02-2026
C03426,Olivia,Harris,Female,15-06-1986,Galway,Ireland,Salaried,Retail,4118.64,13-05-2024
C03427,Hannah,Robinson,Female,23-05-2002,Salzburg,Austria,Retired,SME,9093.1,15-12-2020
C03428,Isabella,Martin,Female,22-04-1978,Kraków,Poland,Student,SME,24268.89,07-06-2022
C03429,Leo,Jones,Male,18-09-1975,Gdańsk,Poland,Freelancer,SME,6188.16,14-02-2022
C03430,Elena,White,Female,13-12-1982,Faro,Portugal,Retired,Corporate,12376.37,11-02-2020
C03431,Ava,Rodriguez,Female,19-02-1960,Bologna,Italy,Salaried,Corporate,4950.0,20-04-2024
C03432,Alexander,Anderson,Male,14-04-2002,Marseille,France,Salaried,Retail,5889.76,02-07-2025
C03433,Lucas,Anderson,Male,21-04-1961,Munich,Germany,Retired,Premium,11065.76,05-12-2024
C03434,Lucas,Gonzalez,Male,14-08-1985,Bologna,Italy,Business Owner,Wealth,6750.0,21-10-2020
C03435,Elena,Martin,Female,12-07-1974,The Hague,Netherlands,Student,Retail,7076.53,21-03-2021
C03436,Mateo,Williams,Male,16-07-1997,Kraków,Poland,Salaried,Retail,4168.89,27-05-2022
C03437,Ethan,Jones,Male,19-01-1998,Bordeaux,France,Freelancer,SME,6626.01,31-05-2025
C03438,Camille,Thomas,Female,17-09-1982,Naples,Italy,Self Employed,Retail,2397.27,19-07-2021
C03439,Noah,Jones,Male,02-09-1991,Barcelona,Spain,Business Owner,Premium,11266.26,01-05-2022
C03440,Hannah,Miller,Female,26-10-1980,Graz,Austria,Self Employed,Retail,2250.0,28-10-2023
C03441,Emma,Smith,Female,13-05-1980,Turin,Italy,Self Employed,Retail,7594.64,05-07-2022
C03442,Freya,Taylor,Female,21-10-1974,Braga,Portugal,Retired,Wealth,17811.59,29-03-2022
C03443,Camille,White,Female,08-09-1964,Cork,Ireland,Freelancer,Retail,5828.31,05-10-2018
C03444,Mia,Thomas,Female,21-10-1965,Barcelona,Spain,Self Employed,Retail,10126.21,03-06-2025
C03445,Alexander,Robinson,Male,27-02-1978,Stuttgart,Germany,Freelancer,Retail,6498.2,30-08-2025
C03446,Charlotte,Gonzalez,Female,18-04-1968,Berlin,Germany,Salaried,Retail,5079.71,04-02-2025
C03447,Louis,Lopez,Male,17-12-1970,Stuttgart,Germany,Freelancer,Premium,5994.22,20-05-2020
C03448,Alexander,Thomas,Male,18-08-1999,Cologne,Germany,Retired,Retail,5251.72,14-02-2019
C03449,Isabella,Lee,Female,08-07-1972,Limerick,Ireland,Freelancer,Retail,11368.39,04-02-2018
C03450,Julian,Williams,Male,08-07-1984,Naples,Italy,Retired,Retail,10855.16,27-08-2021
C03451,Charlotte,Lewis,Female,27-04-1974,Brussels,Belgium,Student,SME,3650.94,14-01-2023
C03452,James,Robinson,Male,03-08-1988,Milan,Italy,Self Employed,Premium,19428.92,30-08-2018
C03453,Oliver,Gonzalez,Male,11-08-1993,Wrocław,Poland,Freelancer,SME,5521.47,22-02-2018
C03454,Hannah,Jackson,Female,13-01-1986,Rotterdam,Netherlands,Retired,Retail,5708.21,18-04-2023
C03455,Ava,Miller,Female,11-06-1984,Vienna,Austria,Student,Corporate,11685.26,25-11-2020
C03456,Clara,Wilson,Female,24-12-1966,Toulouse,France,Freelancer,Retail,3716.37,15-05-2021
C03457,Lucas,Harris,Male,18-09-2003,Antwerp,Belgium,Freelancer,Retail,8171.45,06-04-2019
C03458,Hans,Harris,Male,25-02-1983,Ghent,Belgium,Self Employed,SME,12010.63,04-02-2024
C03459,Louis,Lopez,Male,15-06-1964,Warsaw,Poland,Freelancer,Retail,8591.12,22-08-2022
C03460,Leo,Thompson,Male,18-10-1960,Milan,Italy,Self Employed,Retail,8558.63,10-06-2023
C03461,Amelia,Lee,Female,02-07-1992,Ghent,Belgium,Self Employed,Retail,8827.1,19-09-2025
C03462,Louis,Lopez,Male,19-09-1973,Gothenburg,Sweden,Business Owner,Retail,4601.88,12-11-2018
C03463,Louis,Johnson,Male,16-12-1981,Stockholm,Sweden,Business Owner,SME,6350.47,05-08-2025
C03464,Sofia,Gonzalez,Female,13-02-1989,Amsterdam,Netherlands,Retired,Retail,5947.88,11-03-2023
C03465,Hannah,Wilson,Female,24-07-1990,Bordeaux,France,Freelancer,SME,8801.77,17-02-2021
C03466,Louis,Davis,Male,25-08-1995,Braga,Portugal,Retired,SME,4135.82,27-09-2019
C03467,Noah,Thomas,Male,03-05-1996,Limerick,Ireland,Retired,Corporate,15520.67,26-10-2025
C03468,Emma,Robinson,Female,12-03-1985,Rome,Italy,Business Owner,Retail,9761.15,31-10-2021
C03469,Carlos,Lopez,Male,27-02-1977,Galway,Ireland,Business Owner,Retail,2782.19,15-01-2018
C03470,Sofia,Thompson,Female,13-06-1974,Porto,Portugal,Retired,Retail,5577.02,07-02-2018
C03471,Sofia,Smith,Female,27-10-1988,Milan,Italy,Freelancer,Corporate,23669.94,25-07-2019
C03472,Camille,Perez,Female,25-03-1972,Bologna,Italy,Retired,Corporate,9338.39,09-07-2021
C03473,Marco,Jones,Male,07-11-1978,Paris,France,Self Employed,Retail,3936.56,25-03-2018
C03474,Isabella,Martin,Female,18-06-1970,Galway,Ireland,Student,Retail,6072.09,14-06-2025
C03475,Amelia,Perez,Female,03-04-1985,Gothenburg,Sweden,Self Employed,Retail,4512.6,07-10-2023
C03476,Ava,Rodriguez,Female,23-04-1975,Berlin,Germany,Business Owner,SME,6422.1,27-05-2024
C03477,Noah,Martin,Male,14-02-2000,Dublin,Ireland,Salaried,SME,30843.05,08-09-2018
C03478,Chloe,Perez,Female,08-07-1984,Vienna,Austria,Salaried,Corporate,30963.48,03-04-2021
C03479,Carlos,Garcia,Male,11-11-1994,Graz,Austria,Salaried,Retail,4821.69,09-02-2025
C03480,James,Brown,Male,17-05-1992,Florence,Italy,Student,Retail,15401.1,26-01-2018
C03481,Arthur,Williams,Male,01-10-1986,Stuttgart,Germany,Freelancer,Premium,8647.46,05-04-2022
C03482,Sofia,Thompson,Female,03-05-1979,Seville,Spain,Business Owner,Wealth,13432.54,12-04-2023
C03483,Hannah,Gonzalez,Female,14-02-1969,Porto,Portugal,Salaried,Retail,10124.97,03-03-2023
C03484,Alexander,Thompson,Male,01-11-1964,Utrecht,Netherlands,Self Employed,Premium,18686.5,01-06-2025
C03485,Chloe,Lewis,Female,24-11-1982,Hamburg,Germany,Self Employed,Retail,4874.06,29-06-2020
C03486,Oliver,Taylor,Male,25-08-1967,Utrecht,Netherlands,Self Employed,Retail,4633.73,24-04-2024
C03487,Hans,Miller,Male,10-03-2004,Galway,Ireland,Business Owner,Corporate,13290.45,01-05-2025
C03488,Hannah,Wilson,Female,19-09-1963,Limerick,Ireland,Retired,SME,9430.48,15-01-2018
C03489,Ava,Clark,Female,20-07-1970,Amsterdam,Netherlands,Freelancer,Retail,4694.02,22-07-2020
C03490,Alexander,Rodriguez,Male,20-12-1977,Faro,Portugal,Business Owner,Retail,9290.14,07-07-2018
C03491,Louis,Martinez,Male,20-05-1991,Cologne,Germany,Freelancer,Retail,6215.1,08-08-2020
C03492,Elena,Moore,Female,12-07-2001,Barcelona,Spain,Freelancer,Retail,6906.37,19-11-2023
C03493,Sofia,Lewis,Female,01-04-1972,Milan,Italy,Freelancer,Retail,11608.15,03-10-2020
C03494,Charlotte,Jackson,Female,02-11-1997,Toulouse,France,Freelancer,Retail,8598.36,10-03-2019
C03495,Lucas,White,Male,27-01-1997,Dublin,Ireland,Salaried,Retail,10151.14,01-09-2018
C03496,Alexander,Harris,Male,09-08-1963,Vienna,Austria,Student,Retail,5054.29,27-05-2019
C03497,Hannah,Robinson,Female,01-12-1976,Braga,Portugal,Retired,Retail,7524.71,11-06-2022
C03498,Camille,Ramirez,Female,25-08-2003,Paris,France,Salaried,Retail,4223.48,18-12-2022
C03499,Oliver,Brown,Male,13-07-1974,Valencia,Spain,Retired,Premium,14523.19,07-01-2018
C03500,Sofia,Jackson,Female,20-09-1987,Ghent,Belgium,Salaried,Retail,6782.45,07-06-2021
C03501,Clara,Sanchez,Female,25-04-1997,Warsaw,Poland,Student,Retail,4969.27,10-03-2022
C03502,Mia,Clark,Female,14-07-2004,Rome,Italy,Student,Premium,4050.0,14-11-2023
C03503,Ava,Rodriguez,Female,05-06-1989,Galway,Ireland,Student,Retail,6420.01,01-01-2021
C03504,Louis,Miller,Male,08-09-1999,Milan,Italy,Retired,Corporate,8713.31,10-02-2022
C03505,Hannah,White,Female,02-07-2004,Toulouse,France,Self Employed,Retail,5835.78,03-04-2021
C03506,Charlotte,Thompson,Female,09-02-1965,Milan,Italy,Business Owner,Premium,17928.09,27-02-2026
C03507,Isabella,Smith,Female,28-11-1972,Warsaw,Poland,Business Owner,Premium,9547.91,13-06-2024
C03508,Ava,Clark,Female,20-04-1988,Brussels,Belgium,Self Employed,Retail,2250.0,03-07-2022
C03509,Amelia,Smith,Female,02-02-1997,Marseille,France,Student,Retail,7678.59,03-01-2025
C03510,Olivia,Williams,Female,16-01-1973,Limerick,Ireland,Freelancer,SME,16473.78,03-02-2023
C03511,Clara,Thompson,Female,14-12-2003,Stuttgart,Germany,Self Employed,Wealth,17971.12,06-08-2020
C03512,Charlotte,Taylor,Female,25-05-1975,Vienna,Austria,Student,Retail,2250.0,29-03-2019
C03513,Alexander,Lee,Male,26-06-1984,Toulouse,France,Self Employed,Retail,5864.16,03-07-2023
C03514,Lucas,White,Male,28-11-1999,Malmö,Sweden,Retired,Retail,3870.04,15-07-2022
C03515,Charlotte,Garcia,Female,10-09-2000,Antwerp,Belgium,Self Employed,Retail,9801.59,21-03-2023
C03516,Ava,Lopez,Female,26-12-1963,Nice,France,Business Owner,Retail,5148.26,05-05-2024
C03517,Liam,Thompson,Male,16-01-1991,Toulouse,France,Business Owner,SME,6585.37,05-06-2021
C03518,Liam,Miller,Male,24-01-1960,Stockholm,Sweden,Self Employed,Corporate,5533.49,19-05-2019
C03519,Amelia,Garcia,Female,25-05-1987,Dublin,Ireland,Retired,Retail,10547.03,23-10-2019
C03520,Elena,Brown,Female,22-09-1995,Paris,France,Business Owner,SME,10861.19,08-08-2024
C03521,Amelia,Jackson,Female,20-12-1996,Innsbruck,Austria,Business Owner,Retail,5404.84,30-12-2022
C03522,Carlos,Miller,Male,27-08-1992,Milan,Italy,Retired,Premium,9797.66,21-10-2025
C03523,Liam,Miller,Male,23-11-1982,Cork,Ireland,Retired,Premium,24745.11,19-08-2021
C03524,Emma,White,Female,25-01-1985,Graz,Austria,Salaried,Premium,7204.67,09-10-2019
C03525,Ava,Sanchez,Female,02-01-1984,Galway,Ireland,Student,Retail,4042.52,13-12-2021
C03526,Arthur,Miller,Male,15-01-1990,Innsbruck,Austria,Student,Retail,3070.73,28-10-2022
C03527,Lucas,Lewis,Male,14-01-1980,Wrocław,Poland,Retired,SME,10449.27,30-01-2026
C03528,Freya,Wilson,Female,10-12-1961,Antwerp,Belgium,Student,Retail,5814.33,09-07-2019
C03529,Amelia,Lee,Female,05-01-1988,Vienna,Austria,Business Owner,Corporate,9279.96,31-05-2023
C03530,Hans,Martin,Male,02-07-1981,Amsterdam,Netherlands,Freelancer,SME,6303.48,03-07-2018
C03531,Oliver,Ramirez,Male,01-10-1987,Graz,Austria,Freelancer,Retail,9743.84,27-01-2020
C03532,Sofia,Garcia,Female,09-04-1964,Cologne,Germany,Freelancer,Retail,4932.13,18-01-2018
C03533,Oliver,Martinez,Male,21-12-1974,Cologne,Germany,Retired,Retail,10322.01,15-11-2022
C03534,Olivia,Gonzalez,Female,22-09-1989,Faro,Portugal,Student,Retail,5840.96,07-07-2020
C03535,Olivia,Rodriguez,Female,13-04-1967,Rotterdam,Netherlands,Business Owner,Corporate,10786.12,01-01-2022
C03536,Olivia,Hernandez,Female,14-03-1983,Amsterdam,Netherlands,Student,Retail,2909.49,04-02-2018
C03537,Emma,Jackson,Female,12-10-1970,Turin,Italy,Salaried,Retail,4578.58,03-06-2019
C03538,Noah,Thomas,Male,19-11-1981,Amsterdam,Netherlands,Business Owner,Premium,29862.75,18-04-2024
C03539,Mateo,Perez,Male,28-03-1998,Florence,Italy,Business Owner,Retail,4827.23,24-12-2018
C03540,Clara,Brown,Female,23-08-1997,Lisbon,Portugal,Retired,Wealth,6750.0,02-10-2021
C03541,James,Johnson,Male,15-03-1964,Braga,Portugal,Retired,SME,11966.47,11-07-2023
C03542,Isabella,Harris,Female,04-03-2004,Bruges,Belgium,Salaried,Retail,2250.0,03-08-2021
C03543,Emma,Perez,Female,25-07-2004,Munich,Germany,Salaried,Retail,3769.7,02-08-2025
C03544,Julian,Sanchez,Male,04-01-1966,Vienna,Austria,Retired,Retail,6867.26,06-04-2024
C03545,James,Brown,Male,25-01-1977,Vienna,Austria,Self Employed,SME,5061.31,04-07-2022
C03546,Sophia,Taylor,Female,25-08-1967,Stockholm,Sweden,Retired,SME,3251.47,29-01-2024
C03547,Clara,Smith,Female,11-01-1998,Stockholm,Sweden,Salaried,SME,16962.35,28-02-2020
C03548,Charlotte,Martin,Female,27-12-1978,Valencia,Spain,Student,Retail,11654.64,18-12-2025
C03549,Leo,Harris,Male,17-11-1981,Dublin,Ireland,Freelancer,Premium,21771.26,26-01-2020
C03550,Lucas,Robinson,Male,04-02-1975,Bruges,Belgium,Self Employed,Retail,4927.64,05-04-2021
C03551,Mateo,Thomas,Male,25-07-1988,Madrid,Spain,Student,Retail,5565.35,13-10-2019
C03552,Arthur,Hernandez,Male,20-05-1989,Valencia,Spain,Self Employed,Retail,7863.82,12-05-2022
C03553,Chloe,Wilson,Female,01-03-1997,Toulouse,France,Freelancer,Retail,7980.15,07-05-2019
C03554,Mia,Lopez,Female,16-06-1985,Toulouse,France,Retired,SME,22651.26,29-12-2024
C03555,Sofia,Lewis,Female,08-05-1963,Seville,Spain,Business Owner,SME,10117.14,11-12-2021
C03556,Ethan,Hernandez,Male,05-07-1993,The Hague,Netherlands,Self Employed,SME,12097.24,15-07-2020
C03557,Freya,Davis,Female,09-03-1990,Dublin,Ireland,Salaried,SME,7637.08,10-06-2020
C03558,Mia,Perez,Female,16-06-1983,Bruges,Belgium,Retired,Retail,5797.42,30-03-2020
C03559,Alexander,Gonzalez,Male,02-05-1975,Barcelona,Spain,Freelancer,Retail,3947.0,02-03-2025
C03560,Chloe,Johnson,Female,12-09-1992,Wrocław,Poland,Retired,Premium,5764.97,14-03-2020
C03561,Ethan,Ramirez,Male,20-11-1983,Graz,Austria,Self Employed,Retail,2964.07,25-08-2022
C03562,Ethan,Sanchez,Male,26-02-1975,Galway,Ireland,Retired,Retail,2250.0,23-10-2024
C03563,Oliver,Smith,Male,16-11-1981,Lyon,France,Retired,SME,7677.49,28-04-2021
C03564,Amelia,Ramirez,Female,24-03-1961,Graz,Austria,Freelancer,Retail,7782.02,24-05-2020
C03565,Louis,Gonzalez,Male,10-11-1966,Paris,France,Freelancer,Premium,11201.64,08-11-2025
C03566,Camille,Clark,Female,27-07-1993,Marseille,France,Student,Premium,8743.3,05-03-2025
C03567,Hannah,Robinson,Female,16-08-1976,Limerick,Ireland,Self Employed,Premium,16390.69,03-04-2023
C03568,Ava,Smith,Female,01-07-1971,Toulouse,France,Freelancer,Corporate,15512.48,27-06-2020
C03569,Chloe,Brown,Female,05-03-1978,Wrocław,Poland,Self Employed,Retail,23985.34,14-01-2022
C03570,Carlos,Taylor,Male,25-08-1990,Porto,Portugal,Self Employed,Retail,5183.15,13-03-2019
C03571,Lucas,Thompson,Male,06-06-1993,Frankfurt,Germany,Self Employed,Retail,9803.51,22-12-2025
C03572,Clara,Clark,Female,08-09-1972,Lisbon,Portugal,Self Employed,Premium,6552.53,06-03-2018
C03573,Sophia,Lopez,Female,23-06-1989,Munich,Germany,Student,Premium,4892.33,29-04-2023
C03574,Amelia,Martin,Female,23-10-1984,Malmö,Sweden,Self Employed,Wealth,44151.06,20-06-2019
C03575,Sofia,Perez,Female,10-06-1969,Malmö,Sweden,Student,Retail,17580.11,29-12-2022
C03576,Carlos,Thomas,Male,26-11-1993,Paris,France,Retired,Retail,7812.83,26-08-2021
C03577,Elena,Wilson,Female,11-11-1978,Brussels,Belgium,Freelancer,Wealth,21812.74,30-11-2022
C03578,Marco,Miller,Male,11-11-1974,Ghent,Belgium,Student,Wealth,15415.33,26-07-2025
C03579,Emma,Lee,Female,13-10-1992,Cologne,Germany,Freelancer,SME,4283.64,19-03-2023
C03580,Carlos,Hernandez,Male,16-12-1965,Graz,Austria,Salaried,Premium,19147.17,03-03-2024
C03581,Emma,Lee,Female,04-01-1961,Cork,Ireland,Salaried,Corporate,18006.43,11-08-2021
C03582,Ethan,Ramirez,Male,11-10-1980,Nice,France,Freelancer,Retail,9745.02,27-10-2025
C03583,James,Sanchez,Male,01-09-2002,Dublin,Ireland,Freelancer,Retail,5682.26,16-12-2019
C03584,Camille,Hernandez,Female,10-11-2003,Faro,Portugal,Freelancer,SME,12851.86,24-05-2025
C03585,Marco,Anderson,Male,27-05-1999,Bruges,Belgium,Freelancer,Retail,4227.61,21-09-2021
C03586,Noah,Martin,Male,07-11-1971,Utrecht,Netherlands,Student,SME,3150.0,13-03-2023
C03587,Amelia,Gonzalez,Female,22-08-2003,Porto,Portugal,Business Owner,Retail,5155.43,20-12-2023
C03588,Camille,Martin,Female,07-01-1980,Gdańsk,Poland,Student,Premium,12312.22,04-11-2018
C03589,Clara,Williams,Female,26-01-1992,Braga,Portugal,Freelancer,Retail,6589.45,16-08-2022
C03590,Mia,Wilson,Female,09-11-1991,Berlin,Germany,Self Employed,Retail,8555.5,17-02-2022
C03591,Hannah,Robinson,Female,22-09-1987,Gdańsk,Poland,Self Employed,SME,21207.08,04-05-2022
C03592,Amelia,Perez,Female,05-12-1983,Bologna,Italy,Self Employed,SME,5757.42,04-08-2021
C03593,Freya,Thompson,Female,25-09-1990,Lisbon,Portugal,Student,Retail,2392.9,01-05-2022
C03594,Hans,Brown,Male,22-12-1986,Kraków,Poland,Freelancer,Wealth,6750.0,17-07-2022
C03595,Camille,Gonzalez,Female,13-10-1966,Paris,France,Self Employed,Retail,12069.8,04-07-2024
C03596,Lucas,Martin,Male,03-06-1997,Seville,Spain,Salaried,Premium,16807.3,24-04-2025
C03597,Sophia,Thompson,Female,05-07-1972,Barcelona,Spain,Retired,Premium,8615.21,09-03-2023
C03598,Ava,Ramirez,Female,04-09-1979,Lyon,France,Freelancer,Retail,7905.58,31-01-2025
C03599,Elena,Lewis,Female,12-07-1998,Milan,Italy,Retired,SME,7409.9,07-02-2024
C03600,Julian,Sanchez,Male,16-08-1988,Milan,Italy,Student,Premium,7970.0,01-01-2019
C03601,Carlos,Thompson,Male,20-10-2004,Munich,Germany,Salaried,Retail,3173.54,14-05-2025
C03602,Leo,Johnson,Male,07-04-1996,Brussels,Belgium,Student,Corporate,17963.58,08-12-2020
C03603,Liam,Thomas,Male,03-03-1961,Limerick,Ireland,Freelancer,Retail,4041.14,24-10-2024
C03604,Clara,Williams,Female,06-05-1993,Rome,Italy,Salaried,Premium,11532.76,22-04-2023
C03605,Lucas,Clark,Male,11-06-2002,Utrecht,Netherlands,Freelancer,Premium,6569.49,18-02-2024
C03606,Marco,Moore,Male,22-08-1995,Munich,Germany,Retired,Retail,12539.21,01-01-2026
C03607,Freya,Anderson,Female,26-04-1998,Malmö,Sweden,Salaried,Retail,14023.44,15-03-2022
C03608,Ava,Lewis,Female,21-10-1982,Salzburg,Austria,Business Owner,Retail,5434.63,17-08-2022
C03609,Amelia,Brown,Female,11-06-2003,Malmö,Sweden,Freelancer,Retail,2250.0,03-09-2025
C03610,Mateo,Perez,Male,02-09-1993,Frankfurt,Germany,Freelancer,SME,7503.46,07-08-2025
C03611,Elena,Davis,Female,21-02-1994,Wrocław,Poland,Student,Retail,5707.32,01-09-2024
C03612,Sophia,Miller,Female,16-05-1976,Lisbon,Portugal,Student,Retail,6428.26,05-03-2020
C03613,Ava,Harris,Female,13-05-2000,Dublin,Ireland,Business Owner,Corporate,8909.91,09-06-2024
C03614,Marco,Thompson,Male,16-04-1974,Graz,Austria,Retired,Premium,14898.47,14-04-2019
C03615,Oliver,Brown,Male,01-06-1964,Malmö,Sweden,Business Owner,Retail,5431.88,06-07-2021
C03616,Alexander,Thompson,Male,04-03-1980,Graz,Austria,Retired,Premium,7937.73,08-11-2018
C03617,Emma,Garcia,Female,16-10-1982,The Hague,Netherlands,Retired,Retail,11844.42,16-04-2019
C03618,Hannah,Robinson,Female,15-02-1995,The Hague,Netherlands,Self Employed,Corporate,11553.09,19-11-2024
C03619,Mia,Lewis,Female,17-09-2001,Gdańsk,Poland,Freelancer,Retail,5172.81,23-01-2022
C03620,Charlotte,Harris,Female,04-04-1967,Amsterdam,Netherlands,Salaried,Corporate,14016.96,18-11-2022
C03621,Isabella,Davis,Female,06-06-1996,Stuttgart,Germany,Freelancer,Retail,3529.6,09-10-2019
C03622,Louis,Rodriguez,Male,17-04-1969,Limerick,Ireland,Retired,Retail,5170.98,24-04-2024
C03623,Marco,Thomas,Male,12-06-1990,Warsaw,Poland,Retired,Retail,11782.49,15-06-2018
C03624,Hannah,Perez,Female,19-06-1963,Hamburg,Germany,Business Owner,Retail,2553.97,04-03-2024
C03625,Olivia,Perez,Female,11-01-1978,Barcelona,Spain,Student,Premium,5880.43,30-05-2019
C03626,Ava,Robinson,Female,07-03-1966,Porto,Portugal,Retired,Premium,8866.86,19-04-2023
C03627,Leo,Lee,Male,18-11-1997,Lisbon,Portugal,Retired,Retail,3293.68,11-07-2022
C03628,Louis,Thomas,Male,18-08-1993,Amsterdam,Netherlands,Freelancer,Retail,7708.35,05-05-2023
C03629,Oliver,Sanchez,Male,08-07-1989,Bilbao,Spain,Student,Retail,11692.77,26-04-2022
C03630,Camille,Hernandez,Female,16-10-1961,Rome,Italy,Business Owner,Premium,7775.63,30-01-2022
C03631,Carlos,Davis,Male,05-12-1988,Turin,Italy,Salaried,Premium,4343.99,14-12-2022
C03632,Hans,Jackson,Male,06-12-1974,The Hague,Netherlands,Business Owner,Premium,5941.08,01-04-2021
C03633,Arthur,Robinson,Male,11-01-1975,Gothenburg,Sweden,Salaried,Premium,18400.95,23-02-2023
C03634,Julian,Williams,Male,19-04-1980,Frankfurt,Germany,Business Owner,Premium,25201.74,24-02-2025
C03635,Sofia,Hernandez,Female,23-02-1995,Utrecht,Netherlands,Salaried,SME,7448.06,20-07-2023
C03636,Charlotte,Robinson,Female,23-04-1980,Bruges,Belgium,Retired,Premium,7618.22,07-06-2020
C03637,Camille,White,Female,25-01-1983,Graz,Austria,Student,Retail,3398.92,15-01-2020
C03638,Louis,White,Male,04-09-1968,Lisbon,Portugal,Student,Retail,6113.23,03-11-2023
C03639,Alexander,Lee,Male,19-08-1974,Milan,Italy,Business Owner,SME,8249.05,12-12-2018
C03640,Marco,Sanchez,Male,16-02-1990,Marseille,France,Retired,Retail,10174.07,04-03-2022
C03641,Leo,Ramirez,Male,14-01-1973,Florence,Italy,Student,Premium,14090.72,20-12-2022
C03642,Charlotte,Sanchez,Female,13-09-1972,Porto,Portugal,Business Owner,Retail,6521.38,04-12-2021
C03643,Sophia,Davis,Female,26-08-1982,Graz,Austria,Freelancer,Retail,2250.0,20-06-2019
C03644,Lucas,Brown,Male,02-05-1960,Lisbon,Portugal,Salaried,Retail,13641.42,17-01-2025
C03645,Isabella,Williams,Female,17-06-1980,Toulouse,France,Freelancer,Retail,3260.05,03-09-2019
C03646,Oliver,Williams,Male,05-01-1993,The Hague,Netherlands,Salaried,Retail,2962.74,22-07-2022
C03647,Mia,White,Female,22-09-1960,Barcelona,Spain,Freelancer,Retail,22739.75,16-04-2022
C03648,Julian,Robinson,Male,21-04-1965,Paris,France,Salaried,Retail,7808.96,19-06-2018
C03649,Noah,White,Male,10-09-1981,Faro,Portugal,Student,Retail,7628.08,26-05-2024
C03650,Olivia,Jackson,Female,21-01-2003,Braga,Portugal,Freelancer,Retail,6398.32,27-11-2021
C03651,Mia,Jones,Female,08-11-1962,Ghent,Belgium,Self Employed,Corporate,9675.07,06-11-2019
C03652,Carlos,Hernandez,Male,25-06-1983,Warsaw,Poland,Business Owner,Retail,8640.56,22-09-2018
C03653,Charlotte,Jackson,Female,06-11-2001,Ghent,Belgium,Freelancer,Retail,16327.22,11-10-2020
C03654,Louis,Smith,Male,24-01-1962,Galway,Ireland,Business Owner,Retail,3973.64,13-11-2025
C03655,Isabella,Johnson,Female,14-12-1994,Ghent,Belgium,Salaried,Retail,3486.76,28-11-2022
C03656,Julian,Moore,Male,17-10-1996,Frankfurt,Germany,Student,SME,4496.23,23-07-2022
C03657,Noah,Ramirez,Male,08-02-1995,Seville,Spain,Freelancer,SME,3910.98,10-01-2020
C03658,Alexander,Wilson,Male,02-06-1966,Vienna,Austria,Business Owner,Retail,4031.02,04-12-2022
C03659,Mia,Harris,Female,28-03-1967,Lyon,France,Student,Retail,5081.33,07-12-2019
C03660,Mia,Sanchez,Female,16-06-1997,Porto,Portugal,Salaried,Corporate,11956.75,25-03-2023
C03661,Sofia,Robinson,Female,03-04-2001,Galway,Ireland,Self Employed,Corporate,16184.44,17-04-2022
C03662,Arthur,Jones,Male,15-05-1976,Limerick,Ireland,Business Owner,Retail,5100.25,30-01-2020
C03663,Elena,Perez,Female,12-05-1976,Innsbruck,Austria,Freelancer,Premium,9960.07,20-02-2022
C03664,Julian,Jackson,Male,22-11-1965,Valencia,Spain,Business Owner,SME,10637.61,02-09-2024
C03665,Noah,Brown,Male,05-07-1991,Bordeaux,France,Retired,Retail,2893.15,26-05-2022
C03666,Charlotte,Smith,Female,06-05-1970,Florence,Italy,Student,SME,11504.25,07-12-2020
C03667,Elena,Ramirez,Female,14-03-1960,Brussels,Belgium,Business Owner,Premium,6935.93,28-04-2022
C03668,Amelia,Hernandez,Female,05-04-1995,Rotterdam,Netherlands,Salaried,SME,7163.75,18-09-2025
C03669,Liam,Clark,Male,27-02-1982,Limerick,Ireland,Student,Retail,6869.06,21-10-2021
C03670,Isabella,Clark,Female,18-07-1983,Antwerp,Belgium,Self Employed,Retail,7411.57,13-04-2023
C03671,Noah,Thomas,Male,07-07-1969,Bruges,Belgium,Self Employed,Retail,6670.36,24-07-2022
C03672,Sofia,Anderson,Female,08-08-1970,Stuttgart,Germany,Retired,Retail,4625.15,07-10-2021
C03673,Ava,Martin,Female,19-02-1992,Seville,Spain,Retired,Premium,7245.39,10-09-2025
C03674,Lucas,Jones,Male,09-05-1996,The Hague,Netherlands,Freelancer,Premium,8831.02,10-07-2022
C03675,Camille,Perez,Female,23-05-1992,Warsaw,Poland,Freelancer,SME,9732.75,16-08-2023
C03676,Freya,Sanchez,Female,07-01-1971,Naples,Italy,Salaried,Retail,5322.7,29-04-2020
C03677,Carlos,Thompson,Male,08-09-2003,Porto,Portugal,Salaried,Retail,3185.47,19-06-2022
C03678,James,Martin,Male,27-09-1977,Berlin,Germany,Retired,Retail,4207.85,05-12-2023
C03679,Mia,Martinez,Female,07-06-2001,Ghent,Belgium,Retired,Retail,2994.05,22-01-2019
C03680,Elena,Thompson,Female,09-04-1991,Bruges,Belgium,Student,SME,17385.4,20-02-2018
C03681,Olivia,Rodriguez,Female,08-03-1986,Stockholm,Sweden,Freelancer,Premium,8190.88,17-12-2019
C03682,Freya,Thompson,Female,18-08-1979,Amsterdam,Netherlands,Salaried,Premium,8199.56,31-08-2022
C03683,Julian,Thomas,Male,17-01-1964,Rotterdam,Netherlands,Salaried,Retail,5476.8,30-04-2024
C03684,Marco,Clark,Male,12-11-1990,Stockholm,Sweden,Retired,Retail,13840.34,28-05-2020
C03685,Sophia,Thomas,Female,25-02-1995,Rotterdam,Netherlands,Self Employed,Retail,3536.26,09-08-2018
C03686,Lucas,Thompson,Male,03-08-2003,Brussels,Belgium,Retired,SME,13685.29,28-09-2019
C03687,Charlotte,Johnson,Female,28-06-1963,Cork,Ireland,Salaried,Corporate,14699.56,03-02-2025
C03688,Arthur,Hernandez,Male,16-05-2001,Paris,France,Salaried,Retail,4997.88,04-08-2020
C03689,Liam,Clark,Male,18-04-1989,Bruges,Belgium,Self Employed,Retail,4554.88,12-06-2024
C03690,Louis,Miller,Male,06-11-2002,Berlin,Germany,Retired,Wealth,14016.71,02-09-2025
C03691,Freya,White,Female,10-06-1991,Valencia,Spain,Retired,Retail,2375.32,03-01-2021
C03692,Hannah,Sanchez,Female,02-01-1994,Malmö,Sweden,Self Employed,Retail,11334.71,26-06-2022
C03693,Noah,Thompson,Male,08-09-1998,Milan,Italy,Retired,Retail,8260.66,12-07-2023
C03694,Camille,Johnson,Female,28-01-1962,Braga,Portugal,Self Employed,Corporate,13673.64,25-01-2019
C03695,Hannah,Ramirez,Female,19-06-1974,Turin,Italy,Business Owner,Premium,4050.0,17-03-2018
C03696,Clara,Garcia,Female,10-02-1963,Bruges,Belgium,Self Employed,Retail,2250.0,30-01-2018
C03697,Freya,Thomas,Female,26-03-1970,Cologne,Germany,Self Employed,Wealth,6750.0,02-05-2022
C03698,Camille,Gonzalez,Female,04-04-1974,Bruges,Belgium,Business Owner,Retail,6789.42,21-03-2023
C03699,Lucas,Clark,Male,25-06-1962,Madrid,Spain,Retired,Retail,7976.21,17-12-2025
C03700,Sofia,Robinson,Female,14-06-1960,Dublin,Ireland,Self Employed,Corporate,17550.01,03-02-2022
C03701,Carlos,Garcia,Male,16-02-1983,Kraków,Poland,Self Employed,Corporate,8999.33,25-11-2025
C03702,James,Moore,Male,16-07-1993,Braga,Portugal,Self Employed,Wealth,8092.74,22-04-2021
C03703,Alexander,Hernandez,Male,12-04-1970,Seville,Spain,Business Owner,SME,7153.68,13-04-2023
C03704,Charlotte,Perez,Female,07-06-1991,Malmö,Sweden,Freelancer,Retail,24231.12,07-08-2025
C03705,Mateo,Lopez,Male,04-07-1970,Gothenburg,Sweden,Student,Retail,3771.88,04-03-2026
C03706,Arthur,Gonzalez,Male,16-02-1975,Antwerp,Belgium,Self Employed,Wealth,9894.96,14-04-2021
C03707,Charlotte,Williams,Female,10-06-1979,Hamburg,Germany,Salaried,Wealth,15599.87,09-04-2023
C03708,Leo,White,Male,01-10-1965,Bilbao,Spain,Retired,Premium,8690.13,12-12-2021
C03709,Isabella,Martinez,Female,09-04-1960,Innsbruck,Austria,Salaried,Retail,2582.44,04-05-2022
C03710,Louis,Robinson,Male,02-11-1973,Frankfurt,Germany,Freelancer,Retail,7437.3,10-11-2023
C03711,Sophia,Thompson,Female,01-03-1989,Cork,Ireland,Business Owner,SME,17714.36,20-02-2018
C03712,Carlos,Moore,Male,03-10-1964,Gothenburg,Sweden,Freelancer,Premium,17196.5,28-11-2022
C03713,Charlotte,Brown,Female,03-05-1969,Warsaw,Poland,Freelancer,Retail,8583.67,07-12-2025
C03714,Ava,Hernandez,Female,16-05-1967,Ghent,Belgium,Retired,Retail,3994.27,21-08-2019
C03715,Clara,Sanchez,Female,21-01-1974,Amsterdam,Netherlands,Student,Retail,17019.87,13-08-2018
C03716,Chloe,Ramirez,Female,26-10-1993,Gothenburg,Sweden,Freelancer,Retail,6636.04,27-09-2022
C03717,Arthur,Johnson,Male,03-03-1980,Warsaw,Poland,Salaried,SME,7682.11,10-11-2022
C03718,Carlos,Robinson,Male,01-06-1997,Porto,Portugal,Freelancer,Retail,11626.69,23-05-2020
C03719,Louis,Martinez,Male,08-02-2001,Nice,France,Freelancer,Premium,7058.4,18-02-2018
C03720,Amelia,Lee,Female,28-10-1994,Rotterdam,Netherlands,Freelancer,Premium,13201.38,20-03-2022
C03721,Ava,Jackson,Female,26-09-1967,Antwerp,Belgium,Student,Corporate,4950.0,09-06-2021
C03722,Ava,Anderson,Female,09-04-1975,Salzburg,Austria,Self Employed,Premium,7001.68,05-11-2022
C03723,Louis,Thomas,Male,04-01-1990,Rotterdam,Netherlands,Salaried,Premium,9983.16,19-06-2025
C03724,Lucas,Lewis,Male,09-01-1980,Braga,Portugal,Retired,Wealth,23647.89,03-09-2021
C03725,Ava,Miller,Female,19-09-1985,Stuttgart,Germany,Salaried,Premium,11409.6,19-09-2024
C03726,Sophia,Sanchez,Female,05-10-1990,Graz,Austria,Retired,Retail,5826.9,23-07-2018
C03727,Louis,Miller,Male,20-12-1973,Malmö,Sweden,Retired,Premium,16729.11,19-11-2021
C03728,Louis,Lee,Male,24-12-1962,Vienna,Austria,Retired,Premium,13871.16,23-12-2023
C03729,Emma,Lopez,Female,26-09-1985,Madrid,Spain,Retired,Retail,7398.19,22-09-2021
C03730,Camille,Ramirez,Female,05-09-1968,Faro,Portugal,Student,Corporate,19167.94,14-06-2023
C03731,Chloe,Brown,Female,01-06-1968,Kraków,Poland,Salaried,SME,9944.04,06-10-2022
C03732,Marco,Sanchez,Male,23-08-2004,Rotterdam,Netherlands,Self Employed,Retail,4297.07,05-04-2020
C03733,Freya,Jones,Female,08-08-2001,Bilbao,Spain,Freelancer,Premium,15112.88,11-09-2019
C03734,Charlotte,Wilson,Female,06-05-1998,Vienna,Austria,Freelancer,Retail,13006.44,13-09-2023
C03735,Sofia,Clark,Female,23-10-1964,Barcelona,Spain,Self Employed,Premium,16504.62,10-03-2025
C03736,Liam,Robinson,Male,12-06-1996,Turin,Italy,Student,Premium,16389.6,24-04-2021
C03737,Emma,Brown,Female,15-04-1991,Braga,Portugal,Freelancer,Premium,9411.9,20-10-2018
C03738,Ethan,Thomas,Male,03-03-1997,Wrocław,Poland,Freelancer,Retail,2250.0,29-04-2020
C03739,Ava,Johnson,Female,16-01-1966,Limerick,Ireland,Student,Retail,3320.95,20-06-2024
C03740,Oliver,Taylor,Male,23-05-1993,Hamburg,Germany,Self Employed,Corporate,7572.63,28-11-2019
C03741,Sofia,Hernandez,Female,26-08-1995,Innsbruck,Austria,Self Employed,Retail,10557.19,23-07-2024
C03742,Julian,Wilson,Male,01-08-1975,Faro,Portugal,Salaried,Wealth,14736.35,11-07-2020
C03743,Liam,Lee,Male,18-12-1987,Galway,Ireland,Student,Retail,4885.71,04-10-2018
C03744,Louis,Gonzalez,Male,08-10-1966,Cork,Ireland,Retired,Retail,4978.38,13-01-2018
C03745,Noah,Johnson,Male,09-11-1988,Bruges,Belgium,Salaried,Wealth,13227.05,03-07-2020
C03746,Olivia,Davis,Female,22-01-1988,Wrocław,Poland,Business Owner,Retail,4242.59,08-05-2018
C03747,Alexander,Thomas,Male,01-01-1991,Bilbao,Spain,Self Employed,Retail,3737.63,16-12-2020
C03748,Isabella,Thompson,Female,04-11-1966,Limerick,Ireland,Salaried,Corporate,5099.31,13-07-2019
C03749,Chloe,Garcia,Female,16-08-1977,Naples,Italy,Freelancer,Premium,10573.4,21-12-2021
C03750,Marco,White,Male,12-02-1989,Lisbon,Portugal,Freelancer,Retail,4157.86,17-05-2018
C03751,Alexander,Harris,Male,14-07-1961,Paris,France,Salaried,Retail,2250.0,14-08-2024
C03752,Camille,Sanchez,Female,08-12-1981,Nice,France,Freelancer,Retail,4084.68,22-08-2018
C03753,Marco,Perez,Male,20-08-1991,Innsbruck,Austria,Salaried,Retail,4808.74,24-08-2022
C03754,Oliver,Harris,Male,05-10-1994,Malmö,Sweden,Salaried,SME,13076.13,08-05-2023
C03755,Amelia,Ramirez,Female,06-07-1966,Bilbao,Spain,Retired,SME,6615.02,10-01-2021
C03756,Carlos,Lee,Male,12-03-1975,Malmö,Sweden,Business Owner,SME,6963.95,13-01-2026
C03757,Alexander,Rodriguez,Male,20-08-1984,Galway,Ireland,Self Employed,Premium,7207.63,09-07-2021
C03758,Sofia,Lee,Female,04-09-1960,Braga,Portugal,Business Owner,Premium,31034.55,11-08-2021
C03759,Amelia,Lopez,Female,15-12-1980,Vienna,Austria,Business Owner,Wealth,37687.67,20-04-2021
C03760,Emma,Brown,Female,09-06-1962,Utrecht,Netherlands,Student,Retail,10877.76,07-06-2023
C03761,Oliver,Williams,Male,26-10-1960,Dublin,Ireland,Salaried,Retail,3047.71,09-04-2018
C03762,Oliver,Thomas,Male,28-05-1974,Valencia,Spain,Student,Premium,8214.88,24-01-2025
C03763,Sofia,Perez,Female,03-10-1961,Marseille,France,Retired,SME,11177.66,20-11-2020
C03764,Hannah,Taylor,Female,02-01-1963,Wrocław,Poland,Business Owner,SME,4176.32,27-12-2024
C03765,Noah,Smith,Male,26-09-1984,Ghent,Belgium,Business Owner,Retail,8855.66,23-07-2022
C03766,Chloe,Jackson,Female,19-09-1978,Braga,Portugal,Student,Premium,17464.48,05-09-2018
C03767,Julian,Thomas,Male,02-09-1972,Stuttgart,Germany,Self Employed,Premium,14405.22,27-06-2025
C03768,Isabella,Thompson,Female,06-06-1984,Wrocław,Poland,Retired,Premium,7593.56,03-04-2018
C03769,Camille,Brown,Female,11-02-1975,Stockholm,Sweden,Business Owner,SME,5431.04,19-10-2018
C03770,Arthur,Jackson,Male,16-05-2003,Salzburg,Austria,Salaried,SME,7263.68,07-01-2025
C03771,Ava,Gonzalez,Female,25-04-2004,Malmö,Sweden,Salaried,SME,9603.85,27-10-2019
C03772,Amelia,Lee,Female,04-07-1979,Porto,Portugal,Business Owner,Retail,3983.29,05-02-2022
C03773,Louis,Wilson,Male,09-03-1998,Stockholm,Sweden,Self Employed,Premium,5904.53,24-12-2022
C03774,Isabella,Jackson,Female,22-12-1977,Faro,Portugal,Freelancer,Premium,13593.9,15-01-2026
C03775,Ava,Brown,Female,23-02-1996,Malmö,Sweden,Salaried,SME,13546.79,21-01-2018
C03776,Ethan,Williams,Male,13-05-2002,Wrocław,Poland,Retired,Retail,9489.87,26-09-2019
C03777,Camille,Robinson,Female,27-12-1995,Bologna,Italy,Student,SME,7700.17,21-06-2025
C03778,Carlos,Sanchez,Male,28-05-1986,Kraków,Poland,Business Owner,Premium,20721.86,30-08-2019
C03779,Elena,Garcia,Female,04-10-1967,Amsterdam,Netherlands,Business Owner,SME,7187.59,14-12-2022
C03780,Alexander,Clark,Male,14-07-1989,Limerick,Ireland,Retired,Premium,9008.66,17-02-2020
C03781,Louis,Smith,Male,27-07-1970,Galway,Ireland,Student,Retail,3582.11,18-11-2022
C03782,Alexander,Moore,Male,17-01-1991,Valencia,Spain,Salaried,Corporate,7189.08,17-01-2025
C03783,Freya,Moore,Female,24-07-2001,Gdańsk,Poland,Salaried,Corporate,34784.56,02-06-2025
C03784,Arthur,Sanchez,Male,16-08-1977,Gdańsk,Poland,Self Employed,Wealth,11877.22,04-02-2022
C03785,Elena,Thomas,Female,12-02-2004,Hamburg,Germany,Student,Retail,3229.8,19-08-2021
C03786,Olivia,Taylor,Female,21-07-1983,Stuttgart,Germany,Freelancer,Retail,13720.85,03-07-2025
C03787,Freya,Jackson,Female,14-11-1984,Madrid,Spain,Salaried,Retail,15003.53,04-05-2024
C03788,Leo,Thompson,Male,22-01-1973,Antwerp,Belgium,Student,Retail,4979.86,13-05-2022
C03789,Freya,Sanchez,Female,17-11-1980,Galway,Ireland,Self Employed,SME,7469.93,27-03-2025
C03790,Sofia,Brown,Female,08-01-1985,Antwerp,Belgium,Student,Retail,4597.39,22-08-2025
C03791,Arthur,Harris,Male,06-09-1976,Faro,Portugal,Salaried,Premium,14870.91,29-05-2023
C03792,Sophia,Perez,Female,14-02-1985,Braga,Portugal,Self Employed,Retail,4716.97,13-02-2021
C03793,Hans,Brown,Male,10-07-1966,Nice,France,Freelancer,Premium,4050.0,13-04-2023
C03794,Ava,Ramirez,Female,06-10-1981,Gothenburg,Sweden,Retired,Retail,2250.0,11-09-2018
C03795,Julian,Thompson,Male,05-09-1999,Munich,Germany,Self Employed,Retail,5412.46,15-06-2021
C03796,Liam,Smith,Male,07-03-1961,Bordeaux,France,Business Owner,SME,7557.41,28-12-2024
C03797,Leo,Anderson,Male,01-09-1966,Rotterdam,Netherlands,Salaried,Retail,4224.6,26-03-2025
C03798,Arthur,Hernandez,Male,14-05-1996,Valencia,Spain,Business Owner,SME,4990.21,16-11-2022
C03799,Oliver,Johnson,Male,04-06-1997,Madrid,Spain,Business Owner,Wealth,19255.22,04-10-2024
C03800,Liam,Jackson,Male,14-11-1987,Faro,Portugal,Retired,Premium,7399.37,30-07-2025
C03801,Sophia,Lee,Female,28-06-1990,Kraków,Poland,Student,Premium,16571.24,19-09-2020
C03802,Liam,Williams,Male,10-04-1990,Galway,Ireland,Freelancer,Premium,11934.99,05-01-2020
C03803,Elena,Rodriguez,Female,22-03-1990,Antwerp,Belgium,Business Owner,Corporate,19952.31,21-03-2020
C03804,Carlos,Harris,Male,20-08-1987,Stuttgart,Germany,Freelancer,Premium,4050.0,24-03-2023
C03805,Emma,Williams,Female,23-09-1985,Marseille,France,Retired,Retail,8904.56,21-11-2018
C03806,Olivia,Taylor,Female,15-07-1993,Brussels,Belgium,Retired,Retail,5443.71,08-12-2018
C03807,Isabella,Lopez,Female,15-01-1978,Kraków,Poland,Self Employed,Retail,10945.17,27-02-2021
C03808,Elena,Garcia,Female,08-08-1980,Marseille,France,Salaried,Retail,5614.56,25-11-2025
C03809,Charlotte,Perez,Female,19-02-1989,Stockholm,Sweden,Salaried,Retail,8752.49,08-01-2020
C03810,Emma,Davis,Female,17-08-1983,The Hague,Netherlands,Salaried,SME,5587.6,20-11-2018
C03811,Isabella,Johnson,Female,07-06-1973,Utrecht,Netherlands,Business Owner,SME,9061.71,09-06-2022
C03812,Elena,Lewis,Female,27-02-1974,Ghent,Belgium,Retired,Retail,6749.73,20-02-2020
C03813,Arthur,Martinez,Male,14-06-1988,Ghent,Belgium,Student,Wealth,31691.03,22-05-2020
C03814,Marco,Moore,Male,26-08-1998,Ghent,Belgium,Salaried,Premium,16512.15,09-03-2024
C03815,Amelia,Jones,Female,24-03-1970,Nice,France,Freelancer,Premium,9004.79,28-08-2024
C03816,Chloe,Thomas,Female,06-01-1985,Gothenburg,Sweden,Retired,SME,6385.0,04-02-2026
C03817,Camille,Hernandez,Female,03-08-1977,Florence,Italy,Business Owner,Retail,7987.25,04-08-2018
C03818,Elena,Robinson,Female,08-12-1980,Brussels,Belgium,Salaried,SME,12241.46,11-09-2019
C03819,Ethan,Martin,Male,25-10-1985,Limerick,Ireland,Business Owner,Retail,5473.69,17-11-2020
C03820,Elena,Taylor,Female,05-07-1981,Warsaw,Poland,Student,Retail,2315.14,04-12-2020
C03821,Sophia,Thompson,Female,09-10-1984,Stuttgart,Germany,Business Owner,Premium,13573.2,10-03-2019
C03822,Olivia,Perez,Female,25-08-1970,Cologne,Germany,Salaried,Retail,8212.6,20-02-2022
C03823,Carlos,Johnson,Male,19-02-1961,Warsaw,Poland,Retired,Retail,8270.68,29-11-2019
C03824,Sophia,Johnson,Female,18-12-1991,Toulouse,France,Freelancer,Retail,2381.97,17-07-2019
C03825,Noah,Jones,Male,24-03-1976,Kraków,Poland,Business Owner,Retail,6248.23,23-05-2019
C03826,Lucas,Ramirez,Male,17-11-1988,Brussels,Belgium,Business Owner,Premium,8893.84,09-08-2019
C03827,Freya,Miller,Female,24-07-1964,Faro,Portugal,Student,Premium,10019.9,25-05-2025
C03828,Ava,Martin,Female,21-08-1965,Bilbao,Spain,Business Owner,Retail,5143.59,20-06-2024
C03829,Leo,Miller,Male,08-11-1969,Turin,Italy,Business Owner,Premium,12997.95,27-10-2020
C03830,Chloe,Lopez,Female,11-02-1989,Limerick,Ireland,Salaried,Retail,9053.7,19-12-2025
C03831,Isabella,Jones,Female,15-01-1960,Warsaw,Poland,Student,SME,8234.14,25-11-2022
C03832,Louis,Martin,Male,14-11-1993,Stockholm,Sweden,Freelancer,SME,7607.3,14-01-2019
C03833,Alexander,Williams,Male,18-03-1970,Porto,Portugal,Freelancer,Corporate,4950.0,21-08-2024
C03834,Leo,Rodriguez,Male,06-06-1967,Kraków,Poland,Self Employed,Retail,3424.44,28-09-2022
C03835,Isabella,Gonzalez,Female,02-12-1977,The Hague,Netherlands,Retired,SME,9333.73,20-07-2024
C03836,Marco,Lewis,Male,15-12-1978,Faro,Portugal,Salaried,Premium,18694.43,24-12-2019
C03837,Liam,Gonzalez,Male,26-07-1981,Nice,France,Self Employed,Retail,5824.16,05-01-2022
C03838,Amelia,Williams,Female,26-01-2002,Florence,Italy,Freelancer,Retail,4266.01,13-09-2020
C03839,Isabella,Perez,Female,12-04-1963,Salzburg,Austria,Salaried,SME,20562.85,23-05-2022
C03840,Charlotte,Thompson,Female,14-02-1984,Innsbruck,Austria,Freelancer,Premium,4614.19,29-02-2020
C03841,Liam,Moore,Male,25-03-1963,Antwerp,Belgium,Salaried,Retail,11437.81,09-12-2024
C03842,Sophia,Williams,Female,28-06-1971,Brussels,Belgium,Retired,Retail,2250.0,03-01-2021
C03843,Sofia,White,Female,18-08-1999,Toulouse,France,Salaried,SME,7410.65,04-01-2024
C03844,Isabella,Lee,Female,04-05-2000,Gothenburg,Sweden,Self Employed,Corporate,11144.5,24-12-2025
C03845,Camille,Lee,Female,25-01-1974,Antwerp,Belgium,Salaried,Retail,5082.0,13-12-2025
C03846,Noah,Thompson,Male,28-12-1998,Valencia,Spain,Student,Wealth,16533.62,08-03-2022
C03847,Ethan,Jackson,Male,10-05-1960,Bologna,Italy,Salaried,Retail,6172.94,12-12-2020
C03848,Sofia,Lee,Female,16-03-1960,Warsaw,Poland,Business Owner,Premium,10852.76,11-04-2019
C03849,Freya,Taylor,Female,25-11-1960,Paris,France,Business Owner,Retail,27544.88,30-05-2023
C03850,Julian,Garcia,Male,25-09-1994,Hamburg,Germany,Retired,Retail,3715.12,06-11-2019
C03851,Charlotte,Clark,Female,15-01-1980,Wrocław,Poland,Salaried,Retail,4464.03,02-08-2021
C03852,Ava,Hernandez,Female,07-02-1963,Kraków,Poland,Freelancer,Retail,4291.41,16-11-2021
C03853,Clara,Wilson,Female,07-02-1983,Rotterdam,Netherlands,Salaried,Wealth,24124.46,02-10-2023
C03854,Alexander,Smith,Male,03-12-1982,Nice,France,Business Owner,SME,24407.66,11-03-2022
C03855,Chloe,Davis,Female,19-07-1981,Lyon,France,Student,Premium,14950.66,07-11-2025
C03856,Olivia,Rodriguez,Female,18-07-1969,Graz,Austria,Retired,Premium,17012.77,11-04-2020
C03857,Olivia,Moore,Female,22-03-1996,Dublin,Ireland,Student,Retail,12721.85,24-03-2020
C03858,Oliver,Perez,Male,03-08-1962,Stockholm,Sweden,Self Employed,Retail,3889.73,27-03-2025
C03859,Elena,Wilson,Female,19-02-1994,Limerick,Ireland,Business Owner,Retail,4730.6,30-04-2020
C03860,Olivia,Hernandez,Female,23-11-1982,Seville,Spain,Business Owner,Retail,24927.78,20-09-2022
C03861,Sofia,Williams,Female,02-06-1967,Hamburg,Germany,Retired,Corporate,22954.03,05-03-2024
C03862,Ethan,Robinson,Male,25-07-1990,Gdańsk,Poland,Salaried,Retail,4037.83,02-06-2025
C03863,Ethan,Harris,Male,25-01-1984,Graz,Austria,Business Owner,Retail,7445.52,01-10-2020
C03864,Isabella,Jones,Female,14-07-1987,Hamburg,Germany,Salaried,Retail,4694.09,19-10-2019
C03865,Carlos,Sanchez,Male,24-08-1980,Warsaw,Poland,Business Owner,Retail,4835.8,20-04-2020
C03866,Sophia,Rodriguez,Female,02-09-1972,Madrid,Spain,Salaried,SME,5133.63,18-01-2019
C03867,James,Brown,Male,06-09-1997,Cork,Ireland,Retired,Retail,5529.96,07-10-2025
C03868,Alexander,Davis,Male,01-02-1968,Bordeaux,France,Student,Premium,33777.87,01-03-2023
C03869,Alexander,Brown,Male,17-03-2003,Ghent,Belgium,Salaried,Premium,4907.93,30-03-2022
C03870,Arthur,Robinson,Male,17-11-1992,Brussels,Belgium,Business Owner,Retail,11676.96,05-12-2019
C03871,Olivia,Garcia,Female,13-05-2003,Braga,Portugal,Retired,Retail,11141.91,04-07-2019
C03872,Leo,White,Male,04-05-2000,Rotterdam,Netherlands,Self Employed,Premium,12040.74,21-05-2019
C03873,Hannah,Martinez,Female,17-01-1995,Stockholm,Sweden,Business Owner,Retail,5846.89,14-12-2023
C03874,Julian,Clark,Male,02-10-1995,Madrid,Spain,Business Owner,SME,11395.41,02-09-2022
C03875,Arthur,Thomas,Male,23-07-1994,Rotterdam,Netherlands,Self Employed,Retail,7156.67,15-10-2018
C03876,Olivia,Taylor,Female,14-01-2004,Stockholm,Sweden,Freelancer,Premium,14842.93,01-09-2025
C03877,Ethan,Thompson,Male,01-11-1974,Wrocław,Poland,Student,Retail,7806.2,14-03-2019
C03878,Chloe,Ramirez,Female,28-12-1986,The Hague,Netherlands,Business Owner,Retail,5504.54,17-06-2023
C03879,Lucas,Moore,Male,08-02-2000,Cork,Ireland,Student,Premium,8153.82,01-07-2025
C03880,Lucas,Martin,Male,09-03-1984,Stockholm,Sweden,Student,Retail,4133.27,14-07-2020
C03881,Oliver,Lewis,Male,28-11-1982,Limerick,Ireland,Student,Premium,9008.92,04-11-2023
C03882,James,Garcia,Male,01-05-1985,Nice,France,Salaried,Corporate,9125.47,23-09-2024
C03883,Mia,Harris,Female,17-08-2004,Innsbruck,Austria,Freelancer,Premium,16278.39,16-05-2021
C03884,Alexander,Garcia,Male,18-06-1976,Cork,Ireland,Student,Corporate,10875.86,26-10-2019
C03885,Ethan,Sanchez,Male,20-08-1986,Warsaw,Poland,Self Employed,Retail,5185.78,18-10-2023
C03886,Louis,Perez,Male,08-12-1988,Brussels,Belgium,Self Employed,Premium,13984.64,07-01-2024
C03887,Clara,Moore,Female,05-07-1993,The Hague,Netherlands,Self Employed,Retail,6657.46,25-04-2024
C03888,Leo,Martin,Male,02-02-1987,Wrocław,Poland,Retired,Retail,4596.32,02-07-2021
C03889,Hannah,Ramirez,Female,03-11-1991,Faro,Portugal,Self Employed,Premium,20992.24,11-01-2025
C03890,Charlotte,Thomas,Female,13-11-1960,Bologna,Italy,Student,Retail,7133.78,20-02-2025
C03891,Julian,Jones,Male,03-07-1997,Malmö,Sweden,Salaried,Retail,10243.98,12-09-2024
C03892,Lucas,Smith,Male,12-07-1987,Bilbao,Spain,Salaried,SME,8812.31,12-08-2018
C03893,Sofia,Taylor,Female,28-09-1990,Braga,Portugal,Freelancer,Retail,4210.08,30-09-2025
C03894,Camille,Jones,Female,11-11-1960,Bruges,Belgium,Freelancer,Retail,7509.85,19-03-2020
C03895,Marco,Jones,Male,06-04-1991,Cork,Ireland,Salaried,Retail,11599.88,07-01-2023
C03896,Liam,Gonzalez,Male,22-09-2000,Innsbruck,Austria,Self Employed,Premium,12826.35,03-07-2025
C03897,Chloe,White,Female,05-11-1960,Gdańsk,Poland,Student,Retail,11326.62,19-11-2020
C03898,Isabella,Johnson,Female,21-10-1979,Marseille,France,Salaried,Retail,7062.32,03-08-2021
C03899,Hans,White,Male,16-08-1978,Milan,Italy,Retired,Premium,7805.95,12-03-2022
C03900,Sofia,Lopez,Female,23-04-1982,Munich,Germany,Business Owner,SME,18012.75,21-09-2024
C03901,Camille,Harris,Female,19-06-1991,Faro,Portugal,Self Employed,SME,5195.52,09-12-2023
C03902,Noah,Perez,Male,26-01-1974,Vienna,Austria,Freelancer,SME,3150.0,05-10-2020
C03903,Julian,Wilson,Male,15-08-1998,Munich,Germany,Retired,Premium,4219.55,16-11-2025
C03904,Camille,Anderson,Female,15-11-1982,Milan,Italy,Student,Retail,10904.19,05-02-2023
C03905,Liam,Anderson,Male,21-11-1976,Barcelona,Spain,Freelancer,Corporate,11175.27,26-04-2021
C03906,Ethan,Sanchez,Male,14-01-1996,Barcelona,Spain,Retired,Retail,16635.06,02-06-2024
C03907,Mateo,Taylor,Male,10-05-1995,Amsterdam,Netherlands,Student,Wealth,18863.21,18-02-2025
C03908,Lucas,Rodriguez,Male,05-02-1968,Naples,Italy,Self Employed,Retail,4780.06,10-03-2021
C03909,Charlotte,Taylor,Female,01-02-1997,Naples,Italy,Retired,Retail,4118.46,05-12-2020
C03910,Camille,Lewis,Female,12-11-1976,Munich,Germany,Self Employed,SME,6597.61,22-12-2020
C03911,Hannah,Clark,Female,28-12-1963,Vienna,Austria,Retired,Retail,4383.87,10-04-2025
C03912,Noah,Martinez,Male,15-06-1975,Wrocław,Poland,Freelancer,Retail,13395.37,02-03-2026
C03913,Marco,Ramirez,Male,06-09-1969,Malmö,Sweden,Business Owner,Retail,4191.12,14-11-2020
C03914,Olivia,Martinez,Female,17-09-1991,Stuttgart,Germany,Salaried,Premium,19885.54,24-02-2022
C03915,Charlotte,Harris,Female,20-01-1988,Paris,France,Freelancer,Retail,6360.59,09-06-2020
C03916,Mia,Ramirez,Female,06-07-1988,Seville,Spain,Self Employed,SME,12097.75,14-01-2018
C03917,Olivia,Lee,Female,02-09-1998,Valencia,Spain,Retired,Retail,5441.25,20-10-2023
C03918,Olivia,Williams,Female,11-11-1991,Amsterdam,Netherlands,Retired,Retail,6414.87,22-03-2019
C03919,Camille,Davis,Female,09-06-1979,Warsaw,Poland,Freelancer,Retail,5843.87,18-05-2024
C03920,Olivia,Garcia,Female,13-03-1993,Bordeaux,France,Self Employed,SME,3150.0,27-05-2023
C03921,Julian,Johnson,Male,27-09-1988,Madrid,Spain,Self Employed,Corporate,12091.83,18-04-2020
C03922,Olivia,White,Female,19-08-2001,Stuttgart,Germany,Business Owner,SME,3150.0,18-04-2022
C03923,Lucas,Moore,Male,24-07-1999,Paris,France,Salaried,Retail,5250.1,25-03-2018
C03924,Hannah,Thomas,Female,17-08-1970,Berlin,Germany,Salaried,Retail,10824.21,21-01-2018
C03925,Clara,Ramirez,Female,05-11-1967,Malmö,Sweden,Self Employed,SME,7135.72,25-07-2023
C03926,Emma,Wilson,Female,06-04-1998,Stockholm,Sweden,Business Owner,Corporate,11322.53,29-07-2025
C03927,Marco,Taylor,Male,13-03-1971,Seville,Spain,Freelancer,SME,10633.66,26-11-2021
C03928,Hannah,White,Female,25-05-2002,Seville,Spain,Business Owner,Corporate,12695.3,02-01-2023
C03929,Liam,Thomas,Male,04-12-1972,Graz,Austria,Retired,Retail,6689.04,03-12-2025
C03930,Mateo,Taylor,Male,09-11-1984,Stockholm,Sweden,Retired,Retail,11176.12,12-02-2021
C03931,Sofia,Perez,Female,27-12-1996,Wrocław,Poland,Self Employed,Retail,4954.97,19-06-2025
C03932,Hans,Moore,Male,01-06-1993,Gdańsk,Poland,Self Employed,Premium,15493.2,03-01-2019
C03933,Camille,Brown,Female,05-08-1987,Porto,Portugal,Student,Wealth,15752.0,26-10-2022
C03934,Charlotte,Smith,Female,26-07-1999,Porto,Portugal,Salaried,Retail,5198.45,13-01-2026
C03935,Chloe,Miller,Female,01-05-1975,Amsterdam,Netherlands,Business Owner,Corporate,15174.65,14-09-2022
C03936,Hannah,Clark,Female,15-12-1983,Gothenburg,Sweden,Salaried,SME,12964.04,29-08-2018
C03937,Camille,Smith,Female,17-07-1960,Hamburg,Germany,Student,Retail,7329.84,18-11-2025
C03938,Camille,Wilson,Female,23-05-1967,Stuttgart,Germany,Self Employed,Retail,2553.28,11-03-2023
C03939,Camille,Moore,Female,07-06-1960,Brussels,Belgium,Freelancer,Corporate,18559.11,04-12-2023
C03940,Louis,Lopez,Male,05-07-2000,Bordeaux,France,Business Owner,Premium,4050.0,19-08-2018
C03941,Noah,White,Male,14-01-1967,Galway,Ireland,Business Owner,Retail,4991.47,18-06-2024
C03942,Sofia,Robinson,Female,04-02-1977,Porto,Portugal,Retired,Retail,13469.45,31-10-2022
C03943,Freya,Lewis,Female,19-10-1966,Seville,Spain,Freelancer,Wealth,15232.44,19-07-2018
C03944,Elena,Perez,Female,20-05-1989,Amsterdam,Netherlands,Retired,Retail,22871.6,19-10-2023
C03945,Chloe,Johnson,Female,28-08-1990,Warsaw,Poland,Business Owner,Premium,10115.67,21-12-2024
C03946,Julian,Anderson,Male,13-12-1993,Galway,Ireland,Freelancer,Retail,5108.43,17-08-2020
C03947,Ava,Perez,Female,23-10-1962,Rome,Italy,Salaried,Retail,9185.54,19-04-2019
C03948,Hannah,Lewis,Female,15-07-1973,Amsterdam,Netherlands,Student,SME,9789.58,17-03-2026
C03949,Clara,Taylor,Female,01-05-1964,Florence,Italy,Retired,Retail,8838.88,16-03-2025
C03950,Hans,Davis,Male,15-04-2001,Stockholm,Sweden,Business Owner,Retail,3095.73,23-05-2024
C03951,Liam,Williams,Male,16-04-2000,Naples,Italy,Business Owner,Wealth,10034.5,12-03-2019
C03952,Ethan,Clark,Male,08-12-1964,Milan,Italy,Business Owner,Retail,5975.81,06-11-2022
C03953,Liam,Taylor,Male,09-10-1978,Innsbruck,Austria,Retired,Retail,2635.06,01-07-2020
C03954,Ethan,Johnson,Male,16-03-1976,Salzburg,Austria,Salaried,Premium,14367.73,29-12-2024
C03955,Charlotte,Thomas,Female,02-11-1987,Innsbruck,Austria,Salaried,Premium,18993.08,23-10-2022
C03956,Alexander,Garcia,Male,04-02-1984,Malmö,Sweden,Salaried,Retail,5328.37,04-08-2022
C03957,Mia,Brown,Female,01-09-1963,Limerick,Ireland,Freelancer,Retail,12741.22,17-02-2018
C03958,Ethan,Robinson,Male,16-11-1999,The Hague,Netherlands,Self Employed,Retail,3995.53,29-08-2018
C03959,Sofia,Davis,Female,03-06-1965,Rotterdam,Netherlands,Self Employed,Corporate,12562.76,16-09-2019
C03960,Freya,Moore,Female,21-05-1999,Madrid,Spain,Retired,SME,6247.36,19-11-2021
C03961,Carlos,Harris,Male,12-03-1973,Graz,Austria,Self Employed,Retail,5958.91,10-12-2020
C03962,Freya,Brown,Female,15-03-1968,Stockholm,Sweden,Retired,SME,7337.39,07-06-2021
C03963,Lucas,Martinez,Male,06-09-1987,Seville,Spain,Freelancer,Retail,6989.21,13-02-2021
C03964,Amelia,Martinez,Female,03-03-1994,Marseille,France,Student,Retail,6378.91,01-10-2024
C03965,Isabella,Miller,Female,12-11-1966,Barcelona,Spain,Self Employed,SME,3150.0,06-10-2019
C03966,Emma,White,Female,01-06-1990,Dublin,Ireland,Self Employed,Retail,3251.38,02-08-2021
C03967,Sofia,Jackson,Female,08-12-2003,Lisbon,Portugal,Freelancer,Retail,2409.9,31-05-2023
C03968,Charlotte,Miller,Female,14-06-1987,Bologna,Italy,Freelancer,Retail,4996.57,14-11-2023
C03969,Hans,Martinez,Male,06-09-1979,Vienna,Austria,Retired,Premium,6852.84,02-04-2022
C03970,Hans,Robinson,Male,12-12-1983,Lisbon,Portugal,Student,Retail,9620.66,07-10-2019
C03971,Sofia,Taylor,Female,24-08-1992,Gdańsk,Poland,Self Employed,Retail,4707.81,10-04-2020
C03972,Freya,Lewis,Female,12-08-1986,Barcelona,Spain,Freelancer,SME,4026.43,11-04-2018
C03973,Emma,Robinson,Female,27-02-1979,Stockholm,Sweden,Self Employed,SME,7490.6,21-06-2023
C03974,Mateo,Lewis,Male,19-08-1975,Naples,Italy,Retired,Premium,9425.84,25-01-2020
C03975,Chloe,Ramirez,Female,24-09-1997,Amsterdam,Netherlands,Business Owner,Wealth,42970.27,30-01-2023
C03976,Mateo,Johnson,Male,16-11-1972,Stuttgart,Germany,Freelancer,Corporate,7079.58,04-09-2021
C03977,Mia,Smith,Female,05-03-1969,Bologna,Italy,Self Employed,Retail,17945.27,05-08-2024
C03978,Julian,Anderson,Male,13-12-2003,Dublin,Ireland,Freelancer,Retail,5700.94,07-11-2022
C03979,Ethan,Martinez,Male,07-11-1997,Wrocław,Poland,Retired,Premium,7818.14,29-01-2026
C03980,Ethan,Brown,Male,03-03-1999,Cork,Ireland,Business Owner,Retail,13950.67,13-10-2025
C03981,Emma,Lopez,Female,12-09-1991,Seville,Spain,Freelancer,Premium,13589.24,20-02-2020
C03982,Hannah,White,Female,20-07-1983,Marseille,France,Retired,Retail,9774.67,14-05-2021
C03983,Ava,Gonzalez,Female,11-04-1968,Galway,Ireland,Salaried,Retail,5932.53,22-11-2023
C03984,Ethan,Smith,Male,15-01-1965,Limerick,Ireland,Self Employed,Retail,6170.32,23-08-2022
C03985,Oliver,Wilson,Male,21-09-1961,Stockholm,Sweden,Student,Retail,6181.59,05-07-2019
C03986,Mateo,Miller,Male,14-03-1972,Madrid,Spain,Retired,SME,11541.32,05-07-2020
C03987,Oliver,Taylor,Male,22-02-1997,Milan,Italy,Salaried,SME,4232.56,18-08-2024
C03988,Leo,Lewis,Male,11-08-1996,Paris,France,Retired,Wealth,10981.83,13-05-2019
C03989,Liam,Wilson,Male,26-02-1962,Braga,Portugal,Freelancer,Retail,7640.12,07-10-2025
C03990,Oliver,Robinson,Male,06-02-1966,Frankfurt,Germany,Self Employed,Wealth,10702.88,23-08-2018
C03991,Amelia,Smith,Female,04-04-2003,Innsbruck,Austria,Self Employed,Retail,5467.68,20-11-2025
C03992,Ava,Harris,Female,28-08-1968,Utrecht,Netherlands,Retired,Retail,5791.53,15-11-2019
C03993,Marco,Rodriguez,Male,01-04-1986,Dublin,Ireland,Student,SME,4458.52,02-01-2019
C03994,Sophia,Thomas,Female,01-02-1996,Madrid,Spain,Salaried,Premium,4050.0,12-07-2020
C03995,Alexander,Lopez,Male,05-03-2000,Vienna,Austria,Self Employed,Retail,6460.08,03-05-2018
C03996,Isabella,Lopez,Female,28-09-2001,Amsterdam,Netherlands,Salaried,Retail,4654.98,22-03-2023
C03997,Alexander,Lewis,Male,06-08-1969,Rotterdam,Netherlands,Student,Retail,7932.52,18-04-2020
C03998,Liam,Moore,Male,07-04-1974,Porto,Portugal,Business Owner,Retail,2997.63,07-10-2018
C03999,Arthur,Rodriguez,Male,09-10-1979,Braga,Portugal,Freelancer,Retail,3439.03,16-10-2021
C04000,Oliver,Anderson,Male,22-04-1973,Braga,Portugal,Business Owner,Retail,6459.56,01-01-2018
C04001,Sofia,Clark,Female,21-02-1979,Bruges,Belgium,Self Employed,SME,5111.58,26-08-2020
C04002,Amelia,Garcia,Female,26-04-1963,Ghent,Belgium,Self Employed,Retail,7575.48,25-06-2020
C04003,Ava,Lopez,Female,11-10-1966,Amsterdam,Netherlands,Student,SME,11518.93,16-01-2022
C04004,Louis,Wilson,Male,10-12-1965,Braga,Portugal,Salaried,Retail,4188.3,11-07-2020
C04005,Emma,Lopez,Female,12-11-1976,Gothenburg,Sweden,Freelancer,SME,4869.91,23-03-2021
C04006,Hans,Ramirez,Male,17-02-1963,Cork,Ireland,Salaried,Retail,7781.93,24-01-2019
C04007,Camille,Miller,Female,20-02-1982,Vienna,Austria,Salaried,Retail,24000.74,13-02-2023
C04008,Oliver,Miller,Male,19-12-1967,Graz,Austria,Business Owner,SME,3150.0,02-07-2022
C04009,Isabella,Johnson,Female,06-11-1985,Bruges,Belgium,Business Owner,Premium,11771.72,07-10-2022
C04010,Liam,Gonzalez,Male,27-09-2000,Utrecht,Netherlands,Business Owner,Corporate,11913.07,26-03-2024
C04011,Charlotte,White,Female,27-01-1965,Valencia,Spain,Business Owner,Retail,8284.59,29-12-2018
C04012,Mia,Lewis,Female,24-03-1978,Florence,Italy,Business Owner,Wealth,31481.8,12-10-2021
C04013,Emma,Garcia,Female,12-05-1964,Bologna,Italy,Business Owner,Premium,32464.99,12-04-2023
C04014,Sofia,Miller,Female,09-07-1980,Bruges,Belgium,Freelancer,Retail,5230.02,16-01-2019
C04015,Mateo,Perez,Male,19-01-1999,Seville,Spain,Business Owner,Retail,3439.62,17-12-2025
C04016,Lucas,Brown,Male,15-05-2002,Antwerp,Belgium,Student,Retail,9538.41,31-08-2018
C04017,Alexander,Thomas,Male,06-03-1960,Rome,Italy,Business Owner,Retail,2250.0,18-01-2019
C04018,Elena,Thomas,Female,06-03-1986,Barcelona,Spain,Business Owner,Retail,9959.08,25-12-2020
C04019,Clara,Perez,Female,08-07-1966,Lisbon,Portugal,Retired,Wealth,15784.56,06-11-2019
C04020,Louis,Jones,Male,07-08-1967,Rotterdam,Netherlands,Retired,Premium,18149.49,02-11-2019
C04021,Mia,Harris,Female,22-11-1987,Vienna,Austria,Business Owner,Wealth,15471.54,02-05-2022
C04022,Arthur,Harris,Male,13-08-1986,Gothenburg,Sweden,Retired,Retail,5993.98,07-12-2020
C04023,Hans,Gonzalez,Male,22-12-1963,Nice,France,Business Owner,Retail,2268.24,04-04-2023
C04024,Leo,White,Male,06-10-1997,Utrecht,Netherlands,Business Owner,Retail,3636.49,03-09-2020
C04025,Hannah,White,Female,11-03-2003,Faro,Portugal,Business Owner,Premium,6351.14,30-04-2024
C04026,Carlos,Clark,Male,28-02-1994,Kraków,Poland,Retired,SME,13888.69,20-04-2020
C04027,Alexander,Jones,Male,07-06-1962,Naples,Italy,Salaried,Retail,5100.4,18-07-2020
C04028,Oliver,Brown,Male,01-05-1993,Faro,Portugal,Freelancer,Retail,4883.43,21-09-2025
C04029,Clara,Smith,Female,04-11-1997,Wrocław,Poland,Salaried,Corporate,4950.0,01-10-2024
C04030,Liam,Jones,Male,25-05-1991,Brussels,Belgium,Business Owner,Retail,9774.3,09-10-2020
C04031,Mia,Taylor,Female,16-07-1989,Barcelona,Spain,Student,Retail,6617.62,22-07-2023
C04032,James,Harris,Male,20-06-1998,Graz,Austria,Self Employed,SME,10140.68,11-01-2026
C04033,Marco,Davis,Male,09-03-1973,Limerick,Ireland,Retired,SME,7658.94,24-06-2025
C04034,Emma,Perez,Female,13-07-1980,Brussels,Belgium,Self Employed,Corporate,20974.1,28-03-2018
C04035,Freya,Hernandez,Female,21-09-1985,Utrecht,Netherlands,Freelancer,SME,3547.09,20-02-2024
C04036,Alexander,Martin,Male,24-11-2001,Bruges,Belgium,Freelancer,Retail,7375.72,02-01-2021
C04037,Louis,Smith,Male,24-07-1975,Amsterdam,Netherlands,Salaried,Retail,2757.09,11-06-2020
C04038,Alexander,Thomas,Male,07-05-1993,Dublin,Ireland,Student,Retail,5421.91,25-05-2019
C04039,Lucas,Martinez,Male,10-12-1966,Frankfurt,Germany,Freelancer,Retail,5159.43,09-11-2021
C04040,Mateo,Williams,Male,27-05-1967,Wrocław,Poland,Freelancer,Wealth,14833.03,05-02-2019
C04041,Arthur,Wilson,Male,11-09-1992,Vienna,Austria,Retired,Premium,8853.38,04-04-2025
C04042,Sophia,Martin,Female,08-05-1998,Malmö,Sweden,Retired,Retail,3001.0,03-03-2019
C04043,Liam,White,Male,01-07-1983,Malmö,Sweden,Freelancer,Retail,8045.59,16-06-2019
C04044,Elena,Garcia,Female,26-07-1978,Kraków,Poland,Self Employed,Premium,12667.09,10-12-2020
C04045,Noah,Rodriguez,Male,15-09-1962,Bordeaux,France,Self Employed,Retail,2250.0,24-01-2023
C04046,Arthur,Brown,Male,24-10-1969,Braga,Portugal,Business Owner,Retail,3586.76,14-05-2024
C04047,Carlos,Rodriguez,Male,13-02-2001,Cologne,Germany,Retired,Retail,4541.1,29-09-2025
C04048,Camille,Davis,Female,07-02-1995,Warsaw,Poland,Freelancer,SME,16645.06,06-04-2024
C04049,Marco,Clark,Male,12-02-1995,Gothenburg,Sweden,Salaried,Retail,2868.44,18-12-2019
C04050,Alexander,Miller,Male,16-07-1972,Antwerp,Belgium,Freelancer,Retail,3171.82,24-04-2023
C04051,Mateo,Thompson,Male,01-07-1989,Faro,Portugal,Student,Retail,5441.58,01-10-2025
C04052,Clara,Sanchez,Female,03-09-1993,Frankfurt,Germany,Retired,Retail,7062.06,02-11-2018
C04053,Olivia,Thompson,Female,22-09-1993,Seville,Spain,Freelancer,Retail,6315.55,12-05-2024
C04054,Louis,Taylor,Male,05-09-1963,Barcelona,Spain,Business Owner,Wealth,60745.69,10-10-2022
C04055,Julian,Garcia,Male,19-04-1982,Lisbon,Portugal,Self Employed,Retail,9437.18,25-06-2018
C04056,Sophia,Ramirez,Female,10-11-1970,Warsaw,Poland,Freelancer,SME,4349.41,15-10-2019
C04057,Julian,Lee,Male,13-12-1963,Rotterdam,Netherlands,Self Employed,Retail,3673.66,18-04-2024
C04058,Marco,Jones,Male,15-05-1976,Utrecht,Netherlands,Business Owner,Retail,2250.0,25-02-2024
C04059,Sophia,Brown,Female,11-09-1979,Bruges,Belgium,Freelancer,Retail,3390.14,15-10-2018
C04060,Liam,Gonzalez,Male,26-03-1974,Munich,Germany,Freelancer,Retail,3985.5,10-09-2020
C04061,Emma,Rodriguez,Female,28-10-1995,Berlin,Germany,Retired,Premium,7342.09,26-02-2024
C04062,Sophia,Robinson,Female,14-04-2001,Faro,Portugal,Salaried,Retail,10134.99,09-09-2023
C04063,Liam,Wilson,Male,11-04-1982,Turin,Italy,Freelancer,Retail,5343.53,01-11-2024
C04064,James,Martin,Male,08-09-1981,Barcelona,Spain,Student,Retail,6146.77,09-04-2021
C04065,Noah,Williams,Male,06-10-1994,Frankfurt,Germany,Salaried,Retail,2250.0,18-05-2023
C04066,Carlos,Johnson,Male,11-10-1971,Braga,Portugal,Freelancer,Corporate,14602.53,14-01-2018
C04067,Alexander,Wilson,Male,14-12-1988,Dublin,Ireland,Business Owner,Retail,3524.46,26-05-2020
C04068,Elena,Martinez,Female,21-02-1976,Nice,France,Business Owner,Retail,9956.98,30-07-2021
C04069,Louis,Lee,Male,14-09-1960,Cork,Ireland,Retired,Corporate,4950.0,26-04-2020
C04070,Sophia,Davis,Female,20-03-1975,Graz,Austria,Self Employed,Retail,3050.72,10-01-2022
C04071,Ethan,Wilson,Male,12-07-1964,Gdańsk,Poland,Freelancer,Retail,4338.35,01-09-2019
C04072,Amelia,Johnson,Female,22-01-1964,Antwerp,Belgium,Salaried,SME,7610.2,13-10-2021
C04073,Elena,Wilson,Female,17-04-1990,Berlin,Germany,Student,Premium,4265.39,22-04-2019
C04074,Marco,Johnson,Male,22-02-2003,Graz,Austria,Business Owner,Retail,12496.8,10-04-2021
C04075,Isabella,Brown,Female,15-10-1984,Gothenburg,Sweden,Business Owner,Premium,4050.0,20-02-2023
C04076,Isabella,Lopez,Female,13-05-1983,Graz,Austria,Salaried,Corporate,10633.94,07-03-2022
C04077,Isabella,Lopez,Female,18-09-1975,Lisbon,Portugal,Student,Retail,7555.52,21-02-2026
C04078,Camille,Wilson,Female,26-12-1994,Hamburg,Germany,Retired,SME,15247.38,27-03-2024
C04079,Noah,Hernandez,Male,10-02-1978,Toulouse,France,Self Employed,Premium,23808.81,18-05-2022
C04080,Hannah,Johnson,Female,28-04-1996,Wrocław,Poland,Business Owner,Retail,21922.64,01-06-2020
C04081,Ava,Johnson,Female,03-03-2003,Lisbon,Portugal,Retired,Corporate,4950.0,06-11-2024
C04082,Emma,Johnson,Female,16-01-1961,Faro,Portugal,Self Employed,Retail,3606.57,19-10-2020
C04083,Marco,White,Male,07-11-1984,Brussels,Belgium,Freelancer,SME,3150.0,21-08-2025
C04084,Mia,Miller,Female,10-01-1966,Brussels,Belgium,Retired,Retail,4641.84,12-05-2025
C04085,Isabella,Thomas,Female,05-12-1968,Seville,Spain,Student,Retail,6646.9,08-07-2021
C04086,Isabella,Robinson,Female,04-10-1988,Seville,Spain,Business Owner,SME,4823.11,13-04-2020
C04087,Chloe,Brown,Female,13-03-1993,Amsterdam,Netherlands,Student,SME,6887.62,18-06-2023
C04088,Charlotte,Garcia,Female,14-09-1994,Naples,Italy,Retired,SME,9804.46,03-10-2022
C04089,Isabella,Thomas,Female,10-02-1996,Cologne,Germany,Retired,Retail,7235.55,05-08-2018
C04090,Mia,Hernandez,Female,15-05-1978,Berlin,Germany,Business Owner,Retail,5144.24,23-02-2026
C04091,Isabella,Brown,Female,14-09-1990,Vienna,Austria,Business Owner,Retail,6286.68,13-08-2018
C04092,Oliver,Perez,Male,28-02-1980,Cologne,Germany,Student,Premium,45972.11,15-02-2024
C04093,James,Perez,Male,08-01-1995,Cologne,Germany,Retired,Retail,5839.84,25-04-2025
C04094,Leo,Harris,Male,16-08-1994,Bologna,Italy,Retired,Retail,11081.4,02-05-2025
C04095,Freya,Jones,Female,21-10-1973,Gothenburg,Sweden,Self Employed,Retail,4919.17,12-01-2019
C04096,Mia,Lopez,Female,17-02-1990,Bilbao,Spain,Salaried,Retail,3980.96,12-07-2022
C04097,Camille,Sanchez,Female,13-09-1974,Bilbao,Spain,Self Employed,Retail,5770.18,26-05-2021
C04098,Mia,White,Female,10-07-1993,Lyon,France,Student,Retail,3757.79,05-05-2018
C04099,Clara,Jackson,Female,10-07-1974,Stuttgart,Germany,Business Owner,Retail,9796.5,27-02-2019
C04100,Leo,Martin,Male,15-11-1966,Bologna,Italy,Retired,Retail,2250.0,27-11-2024
C04101,Mia,Davis,Female,06-09-1976,Gdańsk,Poland,Business Owner,Retail,8893.73,17-04-2018
C04102,Marco,Rodriguez,Male,13-06-2000,Valencia,Spain,Self Employed,Retail,7315.31,10-02-2020
C04103,Sophia,Jackson,Female,26-03-1980,Turin,Italy,Freelancer,Retail,3293.69,19-08-2019
C04104,Alexander,Williams,Male,14-09-1987,Dublin,Ireland,Self Employed,Wealth,15017.01,15-07-2020
C04105,Hannah,Brown,Female,27-07-1981,Stockholm,Sweden,Student,Premium,10625.4,10-12-2018
C04106,Liam,Lee,Male,19-03-2002,Hamburg,Germany,Salaried,SME,3767.93,30-12-2023
C04107,Louis,Martin,Male,21-11-1964,Marseille,France,Business Owner,SME,12013.91,12-02-2025
C04108,Oliver,Johnson,Male,12-12-1983,Graz,Austria,Retired,Retail,7229.37,22-02-2021
C04109,Julian,Robinson,Male,06-11-1989,Valencia,Spain,Freelancer,Retail,4544.43,21-09-2023
C04110,Hans,Lee,Male,22-05-1967,Limerick,Ireland,Business Owner,Retail,4532.99,22-01-2025
C04111,Carlos,Miller,Male,22-09-1968,Warsaw,Poland,Self Employed,SME,17527.45,07-09-2023
C04112,Sophia,Thompson,Female,28-06-1989,Rome,Italy,Retired,Retail,7491.88,28-12-2018
C04113,Mateo,Robinson,Male,12-01-1980,Antwerp,Belgium,Business Owner,Premium,29215.28,13-07-2025
C04114,Oliver,Williams,Male,23-07-1977,Lisbon,Portugal,Salaried,Retail,3091.61,31-12-2024
C04115,Leo,Martin,Male,07-08-1997,Frankfurt,Germany,Business Owner,Premium,6496.4,01-01-2024
C04116,Ethan,Martinez,Male,08-05-1984,Frankfurt,Germany,Freelancer,Wealth,18719.42,05-08-2021
C04117,Camille,Thomas,Female,02-01-2003,Galway,Ireland,Retired,Premium,13023.05,27-07-2023
C04118,Arthur,Miller,Male,22-06-1960,Naples,Italy,Freelancer,Retail,10782.93,25-12-2024
C04119,Elena,White,Female,01-03-1984,The Hague,Netherlands,Self Employed,SME,16238.25,31-08-2023
C04120,Liam,Johnson,Male,12-08-1998,Stuttgart,Germany,Retired,Retail,5849.05,05-07-2024
C04121,Ava,Miller,Female,01-02-1973,Amsterdam,Netherlands,Retired,Premium,10021.12,05-02-2020
C04122,Alexander,Moore,Male,28-11-1960,Warsaw,Poland,Retired,Premium,9365.51,31-12-2022
C04123,Camille,Rodriguez,Female,22-01-1972,Antwerp,Belgium,Student,SME,8827.92,14-02-2025
C04124,Hannah,Lewis,Female,11-05-1988,Limerick,Ireland,Salaried,SME,4814.81,06-05-2020
C04125,Arthur,Ramirez,Male,18-02-1988,Milan,Italy,Retired,SME,7828.72,11-03-2024
C04126,Freya,Robinson,Female,02-03-2002,Bologna,Italy,Student,Retail,16300.24,25-07-2024
C04127,Elena,Lopez,Female,07-05-1989,Gdańsk,Poland,Student,Premium,20441.73,21-07-2023
C04128,Hans,Lopez,Male,02-03-1999,Warsaw,Poland,Freelancer,Retail,6513.24,11-05-2023
C04129,Mateo,Lee,Male,19-02-2000,Gothenburg,Sweden,Salaried,Retail,16797.88,11-01-2020
C04130,Louis,Brown,Male,16-07-1972,Porto,Portugal,Student,SME,3972.73,05-12-2018
C04131,Hannah,Wilson,Female,14-11-1986,Barcelona,Spain,Student,Retail,6995.83,10-02-2022
C04132,Oliver,Thomas,Male,01-12-2004,Madrid,Spain,Freelancer,Retail,2250.0,22-01-2018
C04133,Alexander,Taylor,Male,21-02-1984,Graz,Austria,Salaried,SME,5797.56,10-07-2023
C04134,Hannah,Taylor,Female,13-12-1964,Lyon,France,Salaried,SME,10165.81,30-04-2021
C04135,Clara,Smith,Female,08-11-1995,Limerick,Ireland,Freelancer,Retail,5469.14,29-10-2020
C04136,Liam,Martin,Male,02-02-1990,Antwerp,Belgium,Salaried,Retail,4898.46,13-11-2020
C04137,Isabella,Thompson,Female,02-02-1994,Bologna,Italy,Retired,Retail,2444.76,24-12-2023
C04138,Ava,Martinez,Female,04-11-1966,Braga,Portugal,Freelancer,Retail,14337.34,17-09-2021
C04139,Emma,Jackson,Female,15-06-2000,Amsterdam,Netherlands,Freelancer,Corporate,11592.27,04-03-2023
C04140,James,Sanchez,Male,25-10-2000,Limerick,Ireland,Retired,Premium,6624.05,06-12-2024
C04141,Camille,Miller,Female,07-11-1997,Vienna,Austria,Self Employed,Corporate,29480.83,08-06-2020
C04142,Camille,Clark,Female,10-01-1994,Dublin,Ireland,Retired,Retail,3831.66,09-02-2024
C04143,Charlotte,Thomas,Female,28-08-1961,Graz,Austria,Business Owner,Retail,2637.65,08-12-2020
C04144,Sofia,Moore,Female,26-04-1982,Florence,Italy,Self Employed,Premium,17451.75,07-12-2023
C04145,Carlos,Taylor,Male,04-02-1981,Bordeaux,France,Salaried,Retail,6323.92,29-04-2023
C04146,Olivia,Garcia,Female,22-04-1984,Salzburg,Austria,Freelancer,Retail,13374.72,20-11-2018
C04147,Amelia,Harris,Female,17-06-1970,Florence,Italy,Freelancer,Retail,2250.0,18-03-2023
C04148,Leo,Gonzalez,Male,04-02-1968,Rome,Italy,Freelancer,Retail,2966.49,03-02-2023
C04149,Leo,Harris,Male,12-04-1987,Nice,France,Salaried,Retail,5064.99,26-01-2023
C04150,Alexander,Gonzalez,Male,14-09-1985,Madrid,Spain,Business Owner,Retail,4961.01,21-04-2023
C04151,Chloe,Rodriguez,Female,27-10-1982,Limerick,Ireland,Self Employed,Retail,5930.91,05-11-2021
C04152,Sophia,Garcia,Female,15-08-1980,Cologne,Germany,Self Employed,SME,9636.56,19-08-2025
C04153,Emma,Garcia,Female,13-02-1983,Hamburg,Germany,Freelancer,Premium,8662.33,04-05-2018
C04154,Julian,Miller,Male,24-11-1976,Rotterdam,Netherlands,Business Owner,Retail,8066.55,23-03-2025
C04155,Chloe,Thompson,Female,13-10-1999,Kraków,Poland,Student,Premium,11671.94,06-07-2023
C04156,Emma,Lewis,Female,19-12-1981,Rotterdam,Netherlands,Freelancer,Retail,7453.64,05-09-2025
C04157,Hans,Sanchez,Male,25-09-1974,Warsaw,Poland,Student,Retail,2250.0,29-01-2020
C04158,Leo,Anderson,Male,11-02-1992,Hamburg,Germany,Retired,Premium,14253.21,01-01-2024
C04159,Leo,Thompson,Male,21-02-1982,Ghent,Belgium,Student,Retail,4181.84,19-10-2020
C04160,Camille,Taylor,Female,02-09-1987,Cologne,Germany,Student,Premium,22483.47,17-08-2019
C04161,Isabella,Martinez,Female,04-05-2004,Utrecht,Netherlands,Freelancer,Premium,9564.44,03-04-2021
C04162,Freya,Davis,Female,14-10-1961,Faro,Portugal,Retired,Retail,3450.82,25-08-2020
C04163,Isabella,Thompson,Female,01-08-1993,Rotterdam,Netherlands,Business Owner,Premium,14396.82,20-12-2020
C04164,Isabella,Moore,Female,05-07-1969,Ghent,Belgium,Retired,Retail,9053.27,29-01-2019
C04165,Olivia,Garcia,Female,15-09-2002,Limerick,Ireland,Freelancer,Retail,4878.31,30-10-2020
C04166,Sophia,Johnson,Female,11-07-1989,Wrocław,Poland,Retired,Premium,14540.56,18-09-2021
C04167,Leo,Davis,Male,06-10-1986,Frankfurt,Germany,Freelancer,Retail,4409.35,16-03-2024
C04168,Isabella,Johnson,Female,21-05-1980,Toulouse,France,Student,Retail,18422.04,30-11-2020
C04169,Marco,Jones,Male,16-01-1993,Porto,Portugal,Retired,Retail,3985.47,22-06-2025
C04170,Hannah,Rodriguez,Female,15-03-1967,Milan,Italy,Retired,Retail,5425.46,24-12-2019
C04171,Hannah,Jones,Female,05-06-1976,Bruges,Belgium,Self Employed,Retail,5851.96,20-06-2021
C04172,Lucas,Ramirez,Male,23-07-1991,The Hague,Netherlands,Freelancer,SME,6343.95,28-06-2024
C04173,Arthur,Johnson,Male,04-11-1962,Wrocław,Poland,Retired,Retail,6683.61,06-09-2023
C04174,Marco,Davis,Male,09-09-1980,Bordeaux,France,Student,Retail,6686.98,30-06-2023
C04175,Carlos,Miller,Male,21-07-1980,Salzburg,Austria,Freelancer,Retail,2280.12,21-01-2023
C04176,Leo,Brown,Male,19-08-1977,Barcelona,Spain,Student,SME,14081.29,06-12-2020
C04177,James,Lee,Male,25-10-1998,Munich,Germany,Student,Retail,5959.62,20-09-2022
C04178,Ethan,Lee,Male,27-03-1980,Bilbao,Spain,Self Employed,Retail,4047.79,01-09-2020
C04179,Julian,Lopez,Male,14-06-1984,Ghent,Belgium,Retired,Retail,5996.0,09-03-2024
C04180,Mia,Williams,Female,23-01-1960,Innsbruck,Austria,Freelancer,Retail,5265.78,19-10-2019
C04181,Camille,Lewis,Female,01-04-1963,Salzburg,Austria,Student,Retail,5995.76,06-04-2025
C04182,Elena,Rodriguez,Female,12-02-1970,Salzburg,Austria,Salaried,Retail,2250.0,13-08-2025
C04183,Camille,Jones,Female,05-12-1989,Naples,Italy,Self Employed,Premium,17941.63,22-09-2021
C04184,Charlotte,Lewis,Female,19-05-1975,Ghent,Belgium,Freelancer,Retail,8679.12,06-05-2025
C04185,Chloe,Martinez,Female,12-06-1999,Dublin,Ireland,Retired,Premium,13921.91,28-08-2023
C04186,Ethan,Johnson,Male,17-03-1989,Valencia,Spain,Student,Premium,5201.64,01-12-2018
C04187,Sofia,Clark,Female,11-06-1961,Limerick,Ireland,Salaried,Wealth,18007.21,18-01-2021
C04188,Emma,Clark,Female,25-11-1998,Nice,France,Salaried,Retail,12866.23,22-10-2022
C04189,Ethan,Davis,Male,21-06-1996,Malmö,Sweden,Business Owner,Premium,11876.11,06-09-2021
C04190,Camille,Rodriguez,Female,26-02-1994,Faro,Portugal,Retired,Retail,5365.87,05-06-2023
C04191,Ava,Rodriguez,Female,02-05-1997,Braga,Portugal,Business Owner,SME,8447.75,22-01-2024
C04192,Emma,Moore,Female,06-11-1991,Limerick,Ireland,Student,Wealth,33402.71,26-03-2018
C04193,Marco,Ramirez,Male,10-08-1996,Stockholm,Sweden,Business Owner,SME,17978.21,09-11-2021
C04194,Arthur,Harris,Male,17-07-2000,Malmö,Sweden,Salaried,Retail,7043.97,02-03-2019
C04195,Julian,Brown,Male,18-11-2004,Berlin,Germany,Business Owner,Retail,8474.5,17-12-2024
C04196,Camille,White,Female,02-11-1990,Paris,France,Freelancer,Retail,10931.74,11-01-2023
C04197,Camille,Gonzalez,Female,09-12-1979,Bruges,Belgium,Retired,Corporate,21149.67,17-05-2023
C04198,Marco,Rodriguez,Male,13-08-1978,Stockholm,Sweden,Retired,Retail,6912.59,23-01-2019
C04199,Carlos,Lee,Male,23-12-1962,Amsterdam,Netherlands,Business Owner,SME,4012.15,06-07-2019
C04200,Sofia,Martin,Female,06-03-2003,Lisbon,Portugal,Self Employed,Retail,2250.0,29-05-2020
C04201,Elena,Miller,Female,25-11-1995,Rotterdam,Netherlands,Freelancer,Retail,5542.73,03-01-2022
C04202,Carlos,Anderson,Male,17-06-1968,Marseille,France,Freelancer,Retail,4221.59,12-10-2022
C04203,Noah,Hernandez,Male,16-09-1977,Stockholm,Sweden,Self Employed,Retail,6862.16,04-07-2018
C04204,Lucas,Miller,Male,11-03-1963,Valencia,Spain,Business Owner,Retail,4896.54,27-12-2022
C04205,Chloe,Lee,Female,05-06-1992,Braga,Portugal,Business Owner,Premium,6873.69,25-05-2018
C04206,Arthur,Ramirez,Male,13-12-2002,Munich,Germany,Retired,Retail,6403.46,02-06-2022
C04207,Clara,Gonzalez,Female,21-09-1972,Warsaw,Poland,Self Employed,Retail,15406.85,31-12-2019
C04208,Ava,Anderson,Female,22-02-1993,Stuttgart,Germany,Student,Retail,15486.47,23-01-2026
C04209,Sophia,White,Female,01-09-1965,Innsbruck,Austria,Self Employed,SME,10705.51,02-04-2022
C04210,Camille,Wilson,Female,20-09-1976,Kraków,Poland,Salaried,Wealth,34058.03,23-11-2020
C04211,Mia,Jones,Female,19-07-2003,Naples,Italy,Freelancer,Corporate,5672.08,18-10-2023
C04212,Hannah,Thomas,Female,23-04-1997,Stockholm,Sweden,Student,Retail,2250.0,19-04-2022
C04213,Olivia,Thomas,Female,22-09-1980,Marseille,France,Self Employed,Retail,4470.65,20-02-2026
C04214,Ava,Anderson,Female,27-08-2004,Faro,Portugal,Salaried,Premium,15161.38,26-02-2022
C04215,Ava,Clark,Female,10-08-2004,Rome,Italy,Retired,Retail,8433.01,15-12-2022
C04216,Carlos,Garcia,Male,12-06-1996,Nice,France,Self Employed,Premium,24288.68,23-05-2018
C04217,Sophia,Jackson,Female,15-04-1993,Cork,Ireland,Retired,SME,3589.94,11-06-2021
C04218,Mateo,White,Male,08-12-1970,Malmö,Sweden,Self Employed,Corporate,24170.2,23-02-2022
C04219,Ava,Lee,Female,06-12-1963,Bruges,Belgium,Self Employed,Retail,3932.11,04-11-2025
C04220,Lucas,Smith,Male,11-04-1977,Antwerp,Belgium,Self Employed,Retail,10733.84,24-07-2023
C04221,Isabella,Garcia,Female,04-04-1969,Malmö,Sweden,Self Employed,Retail,2763.78,30-04-2021
C04222,Hans,Garcia,Male,09-04-1973,Wrocław,Poland,Retired,Premium,14154.26,20-02-2024
C04223,Carlos,Gonzalez,Male,11-03-1962,Vienna,Austria,Business Owner,Retail,3438.07,26-01-2019
C04224,Sofia,Martin,Female,07-11-1968,Graz,Austria,Self Employed,Premium,18678.4,11-05-2022
C04225,Noah,Williams,Male,27-03-2000,Gdańsk,Poland,Business Owner,Premium,7109.9,26-05-2018
C04226,Liam,Williams,Male,02-04-1983,Bruges,Belgium,Student,Corporate,5820.63,30-01-2022
C04227,Alexander,Davis,Male,02-05-1972,Valencia,Spain,Business Owner,Retail,2746.81,08-02-2022
C04228,Amelia,Robinson,Female,17-04-1985,Warsaw,Poland,Self Employed,Retail,6167.47,13-11-2024
C04229,Sofia,Gonzalez,Female,17-05-1988,Lisbon,Portugal,Student,Corporate,13162.17,24-12-2025
C04230,Oliver,White,Male,01-09-1972,Ghent,Belgium,Business Owner,Retail,4784.15,28-10-2020
C04231,Elena,Jones,Female,04-01-1983,Barcelona,Spain,Business Owner,Retail,4254.36,14-10-2023
C04232,Camille,Harris,Female,24-11-1999,Naples,Italy,Freelancer,Retail,4493.94,25-12-2025
C04233,Arthur,Smith,Male,06-04-1970,Seville,Spain,Freelancer,Retail,3131.78,20-09-2018
C04234,Chloe,Brown,Female,27-01-1966,Milan,Italy,Self Employed,Retail,8016.84,24-10-2021
C04235,Alexander,Gonzalez,Male,26-11-1965,Bordeaux,France,Self Employed,SME,15613.68,09-10-2019
C04236,Emma,Brown,Female,28-11-1986,The Hague,Netherlands,Business Owner,SME,10836.02,05-05-2021
C04237,Carlos,Smith,Male,24-05-1969,Nice,France,Freelancer,Premium,6615.34,17-08-2018
C04238,Clara,Clark,Female,07-02-1961,Antwerp,Belgium,Freelancer,Retail,5889.2,23-08-2020
C04239,Marco,Robinson,Male,19-11-1963,Bologna,Italy,Self Employed,SME,9664.11,10-10-2024
C04240,Emma,Jones,Female,21-02-1984,Antwerp,Belgium,Freelancer,SME,3530.0,23-06-2023
C04241,Noah,Harris,Male,25-01-1978,Wrocław,Poland,Student,Retail,10502.78,11-10-2018
C04242,Oliver,Rodriguez,Male,07-09-1960,Gothenburg,Sweden,Student,Retail,5093.87,13-08-2018
C04243,Ava,Lee,Female,04-04-1991,Porto,Portugal,Salaried,Premium,7412.63,30-06-2023
C04244,Chloe,Smith,Female,19-03-1987,Stuttgart,Germany,Freelancer,Retail,3634.41,20-01-2023
C04245,Arthur,Smith,Male,24-09-1972,Brussels,Belgium,Business Owner,Corporate,15219.56,06-11-2022
C04246,Arthur,Brown,Male,06-03-1998,Porto,Portugal,Self Employed,Retail,2797.64,11-08-2023
C04247,Leo,White,Male,06-12-1971,Kraków,Poland,Retired,Retail,6102.09,29-11-2025
C04248,Carlos,Hernandez,Male,22-12-1962,Bilbao,Spain,Self Employed,Retail,4409.72,14-08-2024
C04249,Freya,Thompson,Female,13-06-1976,Warsaw,Poland,Salaried,Retail,6591.39,19-02-2021
C04250,Oliver,Miller,Male,20-12-1970,Toulouse,France,Self Employed,Premium,7206.88,10-01-2026
C04251,Liam,Thomas,Male,21-09-1988,Madrid,Spain,Business Owner,SME,5519.7,19-09-2020
C04252,Arthur,Jackson,Male,24-11-1997,Hamburg,Germany,Business Owner,Retail,6055.26,08-05-2023
C04253,Hannah,Anderson,Female,24-03-1974,Turin,Italy,Retired,Premium,4437.02,28-05-2021
C04254,Carlos,Garcia,Male,22-07-1979,Malmö,Sweden,Business Owner,Retail,5075.65,22-02-2024
C04255,Isabella,Hernandez,Female,13-11-1983,Braga,Portugal,Freelancer,SME,6798.26,03-01-2018
C04256,Mateo,Jones,Male,22-03-1981,Stockholm,Sweden,Salaried,Premium,21784.14,28-06-2025
C04257,Noah,Johnson,Male,24-06-1983,Rotterdam,Netherlands,Freelancer,Retail,2250.0,22-05-2024
C04258,Elena,Thompson,Female,11-12-1963,Wrocław,Poland,Self Employed,Premium,8203.32,29-03-2021
C04259,Lucas,Lee,Male,05-12-1972,Brussels,Belgium,Student,Retail,2250.0,09-02-2025
C04260,Leo,Brown,Male,10-04-1978,Turin,Italy,Salaried,SME,5753.49,26-06-2018
C04261,Emma,Clark,Female,22-06-1964,Utrecht,Netherlands,Self Employed,SME,6927.02,24-02-2026
C04262,Emma,Brown,Female,12-03-1971,Kraków,Poland,Student,Retail,9756.68,27-02-2024
C04263,Elena,Martinez,Female,15-07-1963,Dublin,Ireland,Freelancer,Premium,12445.92,11-08-2020
C04264,Oliver,Taylor,Male,24-11-1989,Antwerp,Belgium,Salaried,Retail,6026.92,08-07-2019
C04265,Hans,Clark,Male,25-09-1978,Valencia,Spain,Freelancer,Retail,4163.31,17-09-2023
C04266,Charlotte,Jones,Female,19-12-1979,Nice,France,Retired,Premium,8231.99,10-12-2019
C04267,James,Robinson,Male,20-10-1978,Lisbon,Portugal,Self Employed,Retail,7793.02,28-10-2018
C04268,Sophia,Smith,Female,22-01-1989,Stuttgart,Germany,Salaried,SME,9649.09,07-06-2020
C04269,Sophia,Wilson,Female,17-12-1983,Cologne,Germany,Student,Retail,5806.31,05-01-2022
C04270,Charlotte,Jones,Female,09-02-1977,Valencia,Spain,Salaried,Retail,4726.57,24-12-2020
C04271,Ethan,Lee,Male,02-08-1989,Graz,Austria,Salaried,Premium,10386.63,15-12-2025
C04272,Isabella,Davis,Female,16-12-1971,Cologne,Germany,Salaried,SME,3150.0,27-05-2018
C04273,Hans,Lewis,Male,28-11-1966,Braga,Portugal,Business Owner,Retail,3537.22,25-11-2021
C04274,Sofia,Gonzalez,Female,02-12-1967,Madrid,Spain,Self Employed,Retail,5526.01,11-08-2021
C04275,Sofia,Lewis,Female,10-11-1994,Bologna,Italy,Freelancer,Retail,7153.92,22-05-2018
C04276,Louis,Clark,Male,19-11-1987,Frankfurt,Germany,Salaried,Retail,7659.63,16-07-2025
C04277,Hans,Brown,Male,21-12-1997,Malmö,Sweden,Freelancer,Premium,7617.73,06-01-2021
C04278,Mateo,Garcia,Male,20-10-1961,Barcelona,Spain,Freelancer,Premium,18540.16,10-11-2025
C04279,Olivia,Davis,Female,15-09-1993,Porto,Portugal,Retired,SME,6349.03,07-09-2019
C04280,Olivia,Martinez,Female,07-11-1976,Malmö,Sweden,Freelancer,Retail,4679.58,13-12-2019
C04281,Ethan,Williams,Male,23-09-1975,Brussels,Belgium,Salaried,Retail,6413.48,03-06-2018
C04282,Chloe,Hernandez,Female,19-03-1964,Antwerp,Belgium,Student,Premium,6314.78,01-08-2023
C04283,Oliver,Lopez,Male,22-04-1993,Hamburg,Germany,Business Owner,Retail,5304.42,09-08-2018
C04284,Hans,Robinson,Male,21-04-1999,Malmö,Sweden,Business Owner,Retail,23998.48,05-02-2023
C04285,Hans,Williams,Male,18-01-1971,Nice,France,Salaried,Retail,3643.62,04-12-2018
C04286,Hans,Johnson,Male,26-10-1969,Gdańsk,Poland,Freelancer,Wealth,32970.63,21-04-2024
C04287,Chloe,Jones,Female,25-07-1997,Brussels,Belgium,Student,Retail,6672.16,05-06-2020
C04288,Ava,Wilson,Female,14-09-1961,Marseille,France,Salaried,Retail,7985.54,22-05-2022
C04289,Leo,Hernandez,Male,21-07-2004,Milan,Italy,Retired,Wealth,11978.29,29-03-2025
C04290,Julian,Garcia,Male,11-01-2001,Barcelona,Spain,Business Owner,SME,8120.66,16-07-2018
C04291,Sofia,Wilson,Female,12-01-1992,Wrocław,Poland,Salaried,Wealth,29834.27,04-06-2019
C04292,Liam,Lewis,Male,03-07-1973,The Hague,Netherlands,Student,Retail,3699.27,23-06-2022
C04293,Sofia,Perez,Female,25-02-1997,Braga,Portugal,Retired,Premium,4050.0,15-12-2020
C04294,Lucas,Martin,Male,05-04-1960,Valencia,Spain,Student,SME,3892.57,19-11-2022
C04295,Carlos,Martinez,Male,01-06-1981,Kraków,Poland,Business Owner,Wealth,6750.0,31-12-2022
C04296,Ethan,Lewis,Male,28-11-2001,Faro,Portugal,Retired,Retail,3529.16,01-06-2022
C04297,Olivia,Rodriguez,Female,02-10-1972,Warsaw,Poland,Student,Retail,5479.98,13-02-2022
C04298,Hannah,Thomas,Female,11-02-1980,Stockholm,Sweden,Salaried,Retail,5489.79,24-10-2023
C04299,Marco,Lopez,Male,15-01-1970,Bologna,Italy,Salaried,Retail,13198.13,19-04-2019
C04300,Hans,Rodriguez,Male,05-11-1975,Galway,Ireland,Retired,SME,12713.23,16-03-2023
C04301,Arthur,Robinson,Male,17-12-1991,Hamburg,Germany,Retired,Retail,7585.51,17-03-2018
C04302,Camille,Sanchez,Female,10-05-1985,Kraków,Poland,Freelancer,Retail,6298.89,13-07-2025
C04303,Oliver,Sanchez,Male,21-07-1964,Porto,Portugal,Salaried,Retail,25083.31,26-10-2021
C04304,Emma,Ramirez,Female,06-01-2001,Lisbon,Portugal,Freelancer,Premium,10271.87,18-09-2021
C04305,Hannah,Jones,Female,23-02-1969,Malmö,Sweden,Retired,Retail,3797.05,17-06-2024
C04306,Arthur,Lee,Male,19-11-1972,Marseille,France,Self Employed,Retail,4252.02,13-08-2020
C04307,Liam,Hernandez,Male,15-09-1978,Seville,Spain,Freelancer,Retail,8135.92,31-07-2025
C04308,Ava,Gonzalez,Female,25-07-1974,Dublin,Ireland,Retired,Premium,5374.95,07-06-2021
C04309,Mateo,White,Male,04-04-1985,Graz,Austria,Salaried,Retail,3868.51,12-10-2019
C04310,Clara,Sanchez,Female,21-03-1997,Frankfurt,Germany,Student,Retail,10345.11,15-02-2026
C04311,Amelia,Clark,Female,26-02-1980,The Hague,Netherlands,Salaried,Wealth,29738.65,30-12-2018
C04312,Olivia,Brown,Female,28-07-1984,Vienna,Austria,Self Employed,Retail,10662.23,22-02-2022
C04313,Chloe,Wilson,Female,05-09-1983,Bilbao,Spain,Freelancer,Corporate,6343.07,11-10-2021
C04314,Louis,Rodriguez,Male,19-04-2004,Frankfurt,Germany,Retired,Premium,6799.0,06-05-2019
C04315,Liam,Williams,Male,17-10-1978,Faro,Portugal,Salaried,Retail,4833.04,12-11-2021
C04316,Mia,Jones,Female,01-08-1961,Utrecht,Netherlands,Retired,Retail,9541.55,07-10-2022
C04317,Ava,Harris,Female,02-06-1964,Warsaw,Poland,Business Owner,Retail,19529.44,16-10-2018
C04318,Alexander,Lopez,Male,05-09-1998,Marseille,France,Self Employed,Premium,11959.54,26-07-2023
C04319,Ethan,Thomas,Male,10-02-1993,Cork,Ireland,Student,Premium,22558.43,17-06-2021
C04320,Charlotte,Thomas,Female,02-03-1993,Wrocław,Poland,Retired,SME,12950.64,19-10-2022
C04321,Camille,Wilson,Female,11-06-1988,Nice,France,Freelancer,Retail,7639.11,02-02-2025
C04322,Chloe,Sanchez,Female,08-11-1963,Rome,Italy,Self Employed,Retail,5221.41,03-11-2020
C04323,Sofia,Hernandez,Female,12-02-1977,Stockholm,Sweden,Student,Corporate,6170.57,30-08-2022
C04324,Liam,Sanchez,Male,17-05-2001,Munich,Germany,Student,SME,19011.37,20-05-2021
C04325,Sofia,Robinson,Female,15-02-1981,Warsaw,Poland,Self Employed,Retail,9859.93,04-09-2018
C04326,Sophia,Gonzalez,Female,28-05-1964,Bordeaux,France,Business Owner,SME,3227.58,16-04-2018
C04327,Charlotte,Moore,Female,19-12-1963,Vienna,Austria,Self Employed,Retail,4669.82,02-01-2023
C04328,Mateo,Moore,Male,26-11-1975,Stockholm,Sweden,Self Employed,Wealth,15824.3,08-07-2020
C04329,Leo,Thomas,Male,10-02-1990,Bordeaux,France,Retired,Retail,10744.35,06-04-2025
C04330,Elena,Moore,Female,26-06-1986,Antwerp,Belgium,Business Owner,SME,5255.34,11-05-2022
C04331,Carlos,Davis,Male,25-06-1989,Bologna,Italy,Retired,Retail,6902.49,13-01-2023
C04332,Alexander,Williams,Male,11-06-1999,Seville,Spain,Retired,Retail,8232.46,09-12-2020
C04333,Julian,Thompson,Male,09-06-1962,Warsaw,Poland,Salaried,SME,7680.33,21-04-2024
C04334,Charlotte,Taylor,Female,28-12-1984,Cork,Ireland,Salaried,Premium,19859.43,17-12-2021
C04335,Chloe,Harris,Female,21-05-1974,Naples,Italy,Freelancer,Wealth,23276.7,10-09-2020
C04336,Camille,Sanchez,Female,09-05-1980,Malmö,Sweden,Retired,SME,5067.71,31-01-2018
C04337,Camille,Davis,Female,17-07-2004,Bruges,Belgium,Self Employed,Retail,6328.75,10-11-2020
C04338,Camille,Williams,Female,10-03-1991,Stuttgart,Germany,Self Employed,Retail,5330.39,22-05-2023
C04339,Noah,Lopez,Male,14-06-1965,Vienna,Austria,Student,Retail,8491.72,25-04-2023
C04340,James,Miller,Male,17-12-1975,Cork,Ireland,Retired,Premium,6652.46,30-09-2025
C04341,Freya,Smith,Female,14-07-1985,Warsaw,Poland,Student,SME,11072.35,30-05-2022
C04342,Ethan,Moore,Male,05-09-1964,Limerick,Ireland,Business Owner,Retail,2250.0,17-07-2023
C04343,Mateo,Jones,Male,14-09-2001,Bologna,Italy,Freelancer,Retail,12864.67,01-01-2021
C04344,Hans,Brown,Male,12-10-2002,Gothenburg,Sweden,Business Owner,Retail,2966.35,12-09-2019
C04345,James,Robinson,Male,01-01-1992,Berlin,Germany,Business Owner,Corporate,4950.0,29-10-2021
C04346,Mia,Lopez,Female,16-05-1968,Lisbon,Portugal,Retired,SME,10792.56,31-01-2020
C04347,Carlos,Ramirez,Male,04-09-1964,Brussels,Belgium,Student,SME,5832.2,17-04-2018
C04348,Carlos,Harris,Male,21-08-1989,Warsaw,Poland,Salaried,Retail,6733.53,22-05-2022
C04349,Carlos,Jones,Male,18-04-1980,Porto,Portugal,Self Employed,Retail,4838.12,17-01-2022
C04350,Isabella,Anderson,Female,24-12-1975,Innsbruck,Austria,Retired,Corporate,9770.78,10-10-2018
C04351,Ava,Clark,Female,22-10-1997,Cologne,Germany,Salaried,Premium,15734.19,16-01-2022
C04352,Carlos,Moore,Male,24-11-1994,Berlin,Germany,Business Owner,Retail,5873.05,09-06-2021
C04353,Hannah,Robinson,Female,26-04-1984,Antwerp,Belgium,Retired,Retail,5227.92,11-11-2022
C04354,Alexander,Davis,Male,28-11-1986,The Hague,Netherlands,Salaried,SME,15013.55,03-06-2025
C04355,Sophia,Clark,Female,26-03-1972,Faro,Portugal,Freelancer,Retail,5206.87,05-04-2018
C04356,Noah,Johnson,Male,10-10-1968,Toulouse,France,Business Owner,Retail,6238.46,05-01-2023
C04357,Louis,Jones,Male,25-11-1973,Limerick,Ireland,Salaried,Corporate,9350.27,16-06-2024
C04358,Oliver,Thompson,Male,16-09-1973,Gdańsk,Poland,Freelancer,Retail,3642.31,22-08-2024
C04359,Camille,Jones,Female,19-04-1992,Utrecht,Netherlands,Salaried,Corporate,10040.21,16-11-2022
C04360,Alexander,White,Male,21-12-1963,Marseille,France,Salaried,Wealth,21148.54,31-08-2021
C04361,James,Thompson,Male,01-09-1986,Stockholm,Sweden,Self Employed,Retail,7008.62,02-09-2022
C04362,Alexander,Lopez,Male,09-08-1982,Gdańsk,Poland,Retired,Retail,3973.32,02-12-2018
C04363,James,Thompson,Male,04-12-1998,Warsaw,Poland,Student,Premium,13919.75,14-04-2021
C04364,Olivia,Perez,Female,14-11-1991,Brussels,Belgium,Retired,Retail,6862.97,11-02-2025
C04365,Chloe,Williams,Female,19-01-1985,Malmö,Sweden,Freelancer,Wealth,14192.26,06-06-2020
C04366,Amelia,Clark,Female,13-10-1961,Dublin,Ireland,Retired,Retail,6495.52,12-07-2023
C04367,Chloe,Ramirez,Female,01-01-1968,Bilbao,Spain,Self Employed,SME,3150.0,27-01-2025
C04368,Liam,Smith,Male,06-04-1982,Paris,France,Business Owner,Corporate,9387.0,06-09-2024
C04369,Ava,Lopez,Female,14-05-1962,Warsaw,Poland,Retired,Retail,9493.64,19-03-2026
C04370,Ava,Williams,Female,10-12-1970,The Hague,Netherlands,Salaried,Retail,2830.26,26-11-2018
C04371,Noah,Williams,Male,07-06-1973,Nice,France,Freelancer,Premium,11637.63,12-06-2022
C04372,James,Jackson,Male,22-08-1991,Paris,France,Business Owner,Retail,9924.82,17-10-2025
C04373,Freya,Clark,Female,05-05-1998,Ghent,Belgium,Student,Premium,14210.14,07-10-2023
C04374,Charlotte,Jones,Female,27-12-1998,Wrocław,Poland,Self Employed,Wealth,7287.38,05-12-2018
C04375,Clara,Garcia,Female,18-06-1963,Malmö,Sweden,Self Employed,Corporate,9581.99,05-10-2025
C04376,Amelia,White,Female,17-05-1989,Lisbon,Portugal,Freelancer,Retail,7074.52,02-05-2025
C04377,Liam,White,Male,11-01-1977,Valencia,Spain,Salaried,Retail,10953.0,02-06-2018
C04378,Leo,Thompson,Male,10-06-1992,Bruges,Belgium,Freelancer,Premium,6756.29,14-07-2024
C04379,Lucas,Thomas,Male,06-06-2003,Graz,Austria,Business Owner,Retail,4712.21,06-01-2021
C04380,Alexander,White,Male,23-11-1969,Gdańsk,Poland,Freelancer,Corporate,12691.88,14-06-2019
C04381,Mia,Anderson,Female,19-03-1981,Brussels,Belgium,Retired,Retail,5495.89,17-08-2020
C04382,Arthur,Lee,Male,02-12-1976,Limerick,Ireland,Salaried,Premium,4050.0,09-05-2022
C04383,Louis,Smith,Male,17-05-1996,Barcelona,Spain,Self Employed,Retail,9367.46,16-12-2025
C04384,Isabella,Brown,Female,01-12-1974,Cologne,Germany,Freelancer,Retail,4329.51,19-03-2023
C04385,Ava,Johnson,Female,18-04-1971,Salzburg,Austria,Business Owner,Premium,8548.3,30-05-2022
C04386,Hans,Lee,Male,01-09-1971,Milan,Italy,Retired,Corporate,6943.11,23-07-2025
C04387,James,Martin,Male,11-01-2001,Bruges,Belgium,Retired,Corporate,8788.57,10-03-2025
C04388,Arthur,Garcia,Male,08-09-1987,Nice,France,Freelancer,Retail,4150.38,18-08-2023
C04389,Elena,Garcia,Female,10-08-1971,Braga,Portugal,Retired,Wealth,44689.89,16-09-2023
C04390,James,Gonzalez,Male,11-06-1983,Stuttgart,Germany,Retired,Retail,4196.29,04-10-2022
C04391,Carlos,Wilson,Male,11-11-1975,Antwerp,Belgium,Business Owner,Retail,3437.71,19-11-2023
C04392,Marco,Lewis,Male,06-11-2001,Ghent,Belgium,Student,Premium,26104.32,11-07-2021
C04393,Mateo,Moore,Male,08-11-2001,The Hague,Netherlands,Self Employed,Premium,6120.99,14-03-2019
C04394,Camille,Clark,Female,05-07-1983,Amsterdam,Netherlands,Salaried,Premium,7159.83,18-06-2020
C04395,Lucas,Robinson,Male,04-02-1960,Cologne,Germany,Business Owner,Retail,4116.31,14-10-2020
C04396,Julian,Taylor,Male,17-08-2001,Malmö,Sweden,Student,Premium,6936.84,27-04-2023
C04397,Isabella,Thompson,Female,14-03-2002,Rotterdam,Netherlands,Freelancer,Retail,3922.75,23-01-2020
C04398,Noah,Wilson,Male,19-11-1985,Paris,France,Student,Retail,7363.13,01-10-2025
C04399,Hans,Garcia,Male,20-10-1978,Vienna,Austria,Retired,Retail,3137.22,10-08-2022
C04400,Lucas,Williams,Male,15-01-1961,Rome,Italy,Self Employed,Retail,5525.25,06-07-2018
C04401,Leo,Gonzalez,Male,27-03-1964,Bilbao,Spain,Self Employed,Corporate,11210.32,05-11-2025
C04402,Liam,White,Male,08-12-1996,Naples,Italy,Business Owner,Retail,7019.1,09-08-2020
C04403,Sophia,Gonzalez,Female,03-07-1967,Florence,Italy,Freelancer,Retail,2902.58,13-06-2021
C04404,Julian,Johnson,Male,02-08-1997,Bilbao,Spain,Salaried,Retail,11025.07,24-02-2022
C04405,Sophia,Gonzalez,Female,05-08-1994,Amsterdam,Netherlands,Salaried,Retail,2250.0,15-01-2020
C04406,Ava,Clark,Female,07-03-1979,Frankfurt,Germany,Freelancer,Retail,4056.69,06-07-2024
C04407,Louis,Moore,Male,26-02-1988,Barcelona,Spain,Business Owner,Retail,7284.87,31-03-2025
C04408,Chloe,Clark,Female,03-02-2000,Wrocław,Poland,Salaried,SME,14100.41,05-09-2018
C04409,Olivia,Clark,Female,25-05-1991,Cork,Ireland,Retired,Retail,4020.81,19-04-2020
C04410,Louis,Anderson,Male,02-07-1984,Gothenburg,Sweden,Salaried,Retail,5875.84,15-01-2024
C04411,Amelia,Hernandez,Female,03-07-1964,Salzburg,Austria,Student,Retail,12297.37,15-03-2023
C04412,Marco,Lee,Male,15-07-1997,Porto,Portugal,Freelancer,Wealth,23864.23,19-09-2020
C04413,Charlotte,Clark,Female,27-09-2000,Rotterdam,Netherlands,Salaried,SME,7959.01,24-05-2020
C04414,Alexander,Garcia,Male,25-11-1977,Stockholm,Sweden,Freelancer,SME,5121.31,01-03-2023
C04415,James,Sanchez,Male,15-08-1963,Bilbao,Spain,Salaried,Premium,23285.22,22-03-2018
C04416,Ethan,Lee,Male,04-04-1991,Galway,Ireland,Salaried,Corporate,9339.7,27-02-2025
C04417,Charlotte,Miller,Female,18-11-1996,Porto,Portugal,Business Owner,Retail,5226.73,29-03-2025
C04418,Isabella,Brown,Female,16-02-1980,Vienna,Austria,Business Owner,Retail,6734.64,30-09-2019
C04419,Oliver,Williams,Male,10-08-1973,Salzburg,Austria,Salaried,Retail,15936.21,01-02-2021
C04420,Ethan,Martin,Male,10-07-1960,Amsterdam,Netherlands,Freelancer,SME,6572.21,10-09-2018
C04421,Arthur,Ramirez,Male,15-09-1977,Bilbao,Spain,Business Owner,Retail,6831.99,18-05-2018
C04422,Ethan,Smith,Male,06-04-1996,Gothenburg,Sweden,Self Employed,Wealth,23236.14,31-08-2018
C04423,Sophia,Martinez,Female,24-07-1960,Stuttgart,Germany,Retired,Retail,4414.96,31-10-2023
C04424,Liam,Moore,Male,12-11-1977,Malmö,Sweden,Freelancer,Retail,4386.1,22-04-2018
C04425,Oliver,Williams,Male,02-03-2003,Stockholm,Sweden,Student,Retail,4539.55,12-08-2019
C04426,Sophia,Martin,Female,27-02-1971,Innsbruck,Austria,Student,Retail,16492.28,14-08-2024
C04427,Emma,Harris,Female,01-07-1996,Stuttgart,Germany,Self Employed,Retail,5075.67,06-01-2020
C04428,Hannah,Martinez,Female,10-01-1991,Berlin,Germany,Business Owner,Retail,5257.47,05-12-2024
C04429,Sophia,Moore,Female,19-09-1981,The Hague,Netherlands,Salaried,Retail,2250.0,03-12-2018
C04430,Noah,Lee,Male,21-12-1985,Lisbon,Portugal,Salaried,Retail,10372.28,02-03-2019
C04431,Hans,Johnson,Male,21-01-1973,Antwerp,Belgium,Business Owner,Retail,8422.81,05-11-2019
C04432,Sophia,Rodriguez,Female,16-08-1973,Bologna,Italy,Freelancer,Retail,2250.0,18-09-2020
C04433,Oliver,Jackson,Male,18-05-1976,Naples,Italy,Freelancer,Premium,8767.37,25-11-2019
C04434,Julian,Johnson,Male,24-07-1966,Graz,Austria,Self Employed,Corporate,9572.23,21-05-2025
C04435,Chloe,Sanchez,Female,02-08-1996,Ghent,Belgium,Retired,Retail,9313.99,23-05-2018
C04436,Amelia,Johnson,Female,13-11-1990,Braga,Portugal,Business Owner,Retail,2360.85,05-12-2018
C04437,Emma,Hernandez,Female,07-05-1962,Antwerp,Belgium,Salaried,Retail,8379.21,14-09-2021
C04438,Olivia,Martinez,Female,14-06-1973,Rotterdam,Netherlands,Student,Corporate,18349.55,27-06-2025
C04439,James,Lopez,Male,01-07-1980,Stockholm,Sweden,Self Employed,Retail,14916.91,02-02-2020
C04440,Arthur,Martinez,Male,03-10-1991,Innsbruck,Austria,Business Owner,Corporate,5550.25,04-10-2024
C04441,Alexander,Taylor,Male,06-08-2003,Cologne,Germany,Self Employed,Corporate,13851.0,21-10-2024
C04442,Sophia,Hernandez,Female,18-04-1982,Vienna,Austria,Salaried,Retail,5950.22,30-06-2023
C04443,Arthur,Gonzalez,Male,16-11-1983,Milan,Italy,Student,Retail,17793.23,09-11-2022
C04444,Camille,Lopez,Female,18-10-1991,Braga,Portugal,Retired,Retail,5806.14,12-06-2020
C04445,Ava,Thompson,Female,12-02-2000,Bruges,Belgium,Student,SME,12588.87,24-03-2025
C04446,Marco,Brown,Male,01-09-1961,Faro,Portugal,Self Employed,Retail,4592.43,10-08-2019
C04447,Ethan,Wilson,Male,20-01-1983,The Hague,Netherlands,Retired,Retail,3486.53,29-09-2019
C04448,Hans,White,Male,08-04-1962,Innsbruck,Austria,Retired,Retail,2250.0,20-12-2019
C04449,Leo,Brown,Male,24-07-2003,Bilbao,Spain,Student,Premium,24843.73,03-09-2022
C04450,Leo,Sanchez,Male,24-04-1999,Salzburg,Austria,Self Employed,Premium,6703.19,21-06-2021
C04451,Arthur,Jones,Male,06-08-2003,Cologne,Germany,Freelancer,Corporate,12985.8,25-06-2025
C04452,Emma,Jackson,Female,17-11-1964,Innsbruck,Austria,Salaried,Retail,2250.0,03-01-2025
C04453,Arthur,Gonzalez,Male,24-07-1974,Galway,Ireland,Self Employed,Retail,3505.21,06-06-2023
C04454,Mateo,Jackson,Male,05-05-1998,Utrecht,Netherlands,Self Employed,Retail,4132.54,28-08-2019
C04455,Freya,Ramirez,Female,08-06-1980,Lyon,France,Business Owner,Retail,7209.96,20-01-2022
C04456,James,Martinez,Male,22-12-1965,Amsterdam,Netherlands,Business Owner,Retail,8754.66,25-08-2024
C04457,Ava,Jones,Female,07-04-1966,Ghent,Belgium,Business Owner,Premium,7749.09,03-09-2019
C04458,Marco,Anderson,Male,24-07-1985,Lyon,France,Student,Retail,7835.41,28-09-2019
C04459,Oliver,Lewis,Male,19-02-1996,Antwerp,Belgium,Student,Premium,37384.9,09-06-2020
C04460,Sofia,Williams,Female,22-12-1997,Bruges,Belgium,Freelancer,SME,3150.0,19-09-2022
C04461,Camille,Davis,Female,20-10-1982,Frankfurt,Germany,Retired,SME,28373.39,19-12-2022
C04462,Hans,Miller,Male,06-12-1963,Frankfurt,Germany,Business Owner,Retail,6486.16,18-08-2020
C04463,Arthur,Perez,Male,24-01-2002,Kraków,Poland,Student,Retail,9014.31,29-09-2019
C04464,Marco,Jones,Male,16-02-1972,Malmö,Sweden,Self Employed,Retail,12983.93,09-02-2019
C04465,Arthur,Thompson,Male,05-05-2003,Bologna,Italy,Self Employed,Wealth,19543.24,20-11-2020
C04466,Ava,Taylor,Female,15-02-1973,Gothenburg,Sweden,Salaried,Retail,13319.27,05-09-2023
C04467,Leo,White,Male,16-03-1975,Gothenburg,Sweden,Business Owner,Retail,4350.5,17-04-2025
C04468,Julian,Lee,Male,23-11-1972,Florence,Italy,Student,Retail,2351.49,01-08-2020
C04469,Leo,Robinson,Male,15-05-1982,Seville,Spain,Freelancer,Premium,43799.83,08-02-2025
C04470,Arthur,Hernandez,Male,10-06-1970,Marseille,France,Student,Retail,10312.4,19-01-2024
C04471,Mateo,Sanchez,Male,19-11-1996,Braga,Portugal,Retired,SME,3150.0,28-05-2021
C04472,Liam,Hernandez,Male,22-02-1989,Gothenburg,Sweden,Student,Premium,12398.27,22-12-2019
C04473,Isabella,Lopez,Female,20-10-1978,Warsaw,Poland,Salaried,Retail,9927.54,31-03-2020
C04474,Julian,Ramirez,Male,04-07-1993,Salzburg,Austria,Student,Corporate,9353.73,16-02-2019
C04475,Charlotte,Johnson,Female,09-06-1960,Vienna,Austria,Student,Retail,5283.88,17-11-2018
C04476,Hans,Thompson,Male,09-12-1991,Ghent,Belgium,Salaried,Retail,4037.42,15-12-2019
C04477,Clara,Perez,Female,27-09-1989,Milan,Italy,Student,Corporate,19421.22,31-07-2019
C04478,Charlotte,Davis,Female,18-02-1977,Antwerp,Belgium,Student,Retail,6197.39,10-03-2024
C04479,Noah,Martin,Male,23-12-1980,Galway,Ireland,Retired,SME,6690.21,13-08-2019
C04480,Julian,Williams,Male,04-04-1982,Dublin,Ireland,Student,Retail,2544.9,05-04-2019
C04481,Ava,Jackson,Female,28-09-1974,Warsaw,Poland,Business Owner,Corporate,14595.29,26-02-2021
C04482,Sofia,Thomas,Female,27-07-1988,Lisbon,Portugal,Freelancer,Premium,5508.44,11-09-2018
C04483,Oliver,Sanchez,Male,07-07-1982,Cologne,Germany,Retired,Retail,7310.07,12-11-2023
C04484,Emma,Jones,Female,07-02-1972,Stuttgart,Germany,Self Employed,Retail,6735.8,10-01-2022
C04485,Clara,Ramirez,Female,22-11-2004,Rome,Italy,Self Employed,Retail,9871.95,30-09-2023
C04486,Lucas,Moore,Male,23-07-1992,Naples,Italy,Student,SME,8413.0,06-10-2025
C04487,Freya,Sanchez,Female,13-07-1972,Malmö,Sweden,Business Owner,Retail,5515.06,19-05-2020
C04488,Clara,Lewis,Female,12-06-1998,Limerick,Ireland,Freelancer,Wealth,62826.7,16-05-2024
C04489,Oliver,Thomas,Male,17-06-1999,Malmö,Sweden,Retired,Corporate,7557.87,08-06-2024
C04490,Olivia,Anderson,Female,11-09-1969,Munich,Germany,Self Employed,Retail,6344.21,15-12-2018
C04491,Mia,Garcia,Female,04-12-1996,Paris,France,Student,Retail,10095.76,14-05-2022
C04492,Hannah,Martinez,Female,18-03-1979,Nice,France,Self Employed,Wealth,13885.47,06-07-2025
C04493,Ava,Williams,Female,15-12-2000,Turin,Italy,Student,Wealth,23374.32,06-08-2020
C04494,Lucas,Jackson,Male,15-11-1988,Bruges,Belgium,Student,Premium,11559.33,23-11-2025
C04495,Mia,Lopez,Female,28-10-1966,Stuttgart,Germany,Salaried,Retail,5171.26,25-01-2022
C04496,Oliver,Williams,Male,23-02-1977,Lyon,France,Salaried,Corporate,12143.38,03-08-2024
C04497,Ava,Thompson,Female,25-02-1980,Frankfurt,Germany,Student,Premium,11276.6,17-11-2020
C04498,Clara,Anderson,Female,19-10-1971,Utrecht,Netherlands,Retired,Retail,4400.3,09-02-2020
C04499,Isabella,Thomas,Female,20-05-1961,Salzburg,Austria,Student,Wealth,16426.79,07-02-2024
C04500,Isabella,Harris,Female,27-03-1978,Galway,Ireland,Salaried,Retail,7305.63,26-05-2024
C04501,Hans,Anderson,Male,10-12-1973,Stockholm,Sweden,Salaried,Premium,18595.76,27-04-2019
C04502,Marco,Robinson,Male,22-07-1963,Hamburg,Germany,Business Owner,Corporate,7127.93,02-05-2019
C04503,Ava,Brown,Female,24-08-2003,Vienna,Austria,Salaried,SME,13978.91,19-02-2024
C04504,Julian,Thomas,Male,28-11-1966,Utrecht,Netherlands,Retired,Retail,2963.64,07-11-2019
C04505,James,Lopez,Male,13-09-1964,Gothenburg,Sweden,Retired,Retail,7211.65,06-09-2018
C04506,Carlos,Martinez,Male,18-09-1975,Cologne,Germany,Freelancer,Retail,4415.35,28-12-2021
C04507,Alexander,Wilson,Male,08-06-1998,Rome,Italy,Business Owner,Corporate,11014.39,10-04-2021
C04508,Freya,Martin,Female,17-03-2004,Salzburg,Austria,Salaried,Retail,6750.85,10-06-2025
C04509,Hannah,Perez,Female,23-09-1974,Malmö,Sweden,Retired,Retail,6254.94,05-11-2018
C04510,Ava,Anderson,Female,20-01-1980,Stuttgart,Germany,Self Employed,Retail,8169.24,05-11-2023
C04511,Ethan,Taylor,Male,20-04-1999,Salzburg,Austria,Student,Retail,6751.6,19-01-2026
C04512,Freya,Martin,Female,07-04-1974,Rotterdam,Netherlands,Retired,SME,4773.81,06-07-2025
C04513,Ethan,Lopez,Male,10-12-1971,Hamburg,Germany,Retired,Premium,7620.78,23-01-2022
C04514,Olivia,Perez,Female,11-12-1982,Munich,Germany,Student,Corporate,15491.55,01-09-2024
C04515,Alexander,Taylor,Male,09-08-1960,Munich,Germany,Freelancer,Retail,19289.85,06-07-2019
C04516,Amelia,Rodriguez,Female,21-12-1966,Kraków,Poland,Freelancer,Retail,3640.53,12-01-2025
C04517,Hans,Lewis,Male,19-04-1993,Faro,Portugal,Salaried,Retail,7267.75,08-09-2019
C04518,Marco,Johnson,Male,20-03-1989,Wrocław,Poland,Student,Retail,8814.06,29-05-2020
C04519,Julian,Lee,Male,02-11-1963,Rome,Italy,Freelancer,Retail,8588.56,05-04-2018
C04520,James,White,Male,04-06-1970,Rotterdam,Netherlands,Salaried,Retail,3687.36,04-11-2019
C04521,Arthur,Davis,Male,06-07-1978,Gdańsk,Poland,Freelancer,Retail,3724.24,25-12-2024
C04522,Louis,Clark,Male,13-06-1985,Stockholm,Sweden,Retired,Retail,6057.78,10-05-2024
C04523,Leo,Smith,Male,25-02-1979,Lisbon,Portugal,Student,Retail,4705.63,25-03-2024
C04524,Ava,Ramirez,Female,10-07-1982,Ghent,Belgium,Student,Corporate,9559.1,18-07-2024
C04525,Olivia,Martinez,Female,22-06-2002,Braga,Portugal,Salaried,Retail,7540.08,12-06-2022
C04526,Charlotte,Garcia,Female,25-12-1998,Cork,Ireland,Retired,Premium,5179.63,17-07-2019
C04527,Chloe,Gonzalez,Female,15-09-1986,Dublin,Ireland,Retired,Retail,10189.3,02-01-2022
C04528,Carlos,Williams,Male,26-01-1994,Stuttgart,Germany,Retired,Corporate,16427.33,24-11-2025
C04529,Noah,Gonzalez,Male,02-06-1992,Porto,Portugal,Self Employed,Premium,21736.45,02-10-2021
C04530,Freya,Anderson,Female,25-03-1967,Ghent,Belgium,Self Employed,Corporate,15351.94,11-07-2023
C04531,Sofia,Williams,Female,24-06-1975,Faro,Portugal,Freelancer,Retail,11328.6,11-01-2019
C04532,Ethan,Anderson,Male,05-02-2002,Florence,Italy,Freelancer,Premium,17840.78,16-02-2024
C04533,Mateo,Lee,Male,28-11-1974,Florence,Italy,Student,Retail,5533.6,15-08-2024
C04534,Elena,Lewis,Female,25-06-1974,Brussels,Belgium,Freelancer,Premium,11484.28,15-08-2025
C04535,Freya,Anderson,Female,01-03-1965,Lisbon,Portugal,Self Employed,Premium,4050.0,17-09-2018
C04536,Olivia,Williams,Female,20-05-1965,Innsbruck,Austria,Freelancer,Retail,6465.01,12-01-2018
C04537,Ava,White,Female,20-06-2003,Rome,Italy,Salaried,Corporate,14022.13,25-04-2018
C04538,Oliver,Robinson,Male,12-08-1999,Bologna,Italy,Salaried,Corporate,25063.92,09-03-2018
C04539,Hannah,Gonzalez,Female,22-01-1970,Nice,France,Business Owner,Retail,4468.69,16-01-2021
C04540,Arthur,Wilson,Male,18-08-1962,Braga,Portugal,Business Owner,Retail,4657.99,10-05-2019
C04541,Sophia,Gonzalez,Female,07-10-1963,Bologna,Italy,Freelancer,Retail,20535.42,02-05-2018
C04542,Ethan,Williams,Male,14-11-1965,Wrocław,Poland,Student,Premium,14272.58,27-09-2024
C04543,Mia,Hernandez,Female,27-10-1983,Rotterdam,Netherlands,Retired,Retail,13055.1,11-12-2024
C04544,Julian,Thomas,Male,20-07-1968,Faro,Portugal,Student,SME,4301.4,27-03-2018
C04545,Noah,Thompson,Male,16-03-2001,Limerick,Ireland,Retired,Retail,2250.0,26-11-2020
C04546,Louis,Thomas,Male,25-12-1997,Marseille,France,Retired,Retail,5015.37,18-11-2021
C04547,Oliver,Rodriguez,Male,16-04-1972,Naples,Italy,Self Employed,Retail,17188.57,19-03-2026
C04548,Mateo,Johnson,Male,17-12-1990,Bordeaux,France,Self Employed,Retail,10106.47,23-04-2023
C04549,Elena,Jones,Female,06-11-1980,Dublin,Ireland,Salaried,Retail,3350.42,03-07-2025
C04550,Amelia,Jones,Female,16-03-1966,Ghent,Belgium,Retired,Retail,8582.08,30-03-2025
C04551,Marco,Miller,Male,03-12-1992,Bruges,Belgium,Business Owner,Retail,2337.54,28-02-2021
C04552,Ethan,Jackson,Male,27-11-1978,Porto,Portugal,Student,Premium,9575.76,12-11-2020
C04553,James,Martin,Male,04-08-1982,Limerick,Ireland,Salaried,SME,4166.72,20-11-2025
C04554,Arthur,Gonzalez,Male,06-05-1992,Valencia,Spain,Freelancer,Retail,9103.0,27-01-2019
C04555,Emma,Robinson,Female,22-08-1991,Valencia,Spain,Freelancer,Retail,4117.44,27-06-2025
C04556,Clara,Lopez,Female,11-03-1996,Faro,Portugal,Retired,Premium,12929.28,17-04-2019
C04557,Clara,Wilson,Female,06-09-1986,Hamburg,Germany,Retired,Corporate,10113.37,16-02-2022
C04558,Amelia,Miller,Female,03-03-1985,Nice,France,Salaried,Retail,7050.67,16-02-2023
C04559,James,Miller,Male,24-05-1987,Paris,France,Salaried,Premium,4310.93,22-10-2025
C04560,Freya,Smith,Female,21-01-1981,Antwerp,Belgium,Retired,SME,4643.07,21-09-2025
C04561,Clara,Perez,Female,19-01-1980,Seville,Spain,Business Owner,Retail,8073.51,17-01-2021
C04562,Charlotte,Rodriguez,Female,20-12-1977,Kraków,Poland,Student,Retail,4255.72,23-10-2020
C04563,Lucas,Lee,Male,04-11-1968,Stockholm,Sweden,Business Owner,Retail,4661.52,23-04-2022
C04564,Liam,Williams,Male,10-05-1966,Rome,Italy,Business Owner,Retail,3796.31,27-07-2021
C04565,Ava,Williams,Female,23-03-1980,Naples,Italy,Student,SME,13008.55,26-07-2021
C04566,Lucas,Gonzalez,Male,08-10-1995,Bologna,Italy,Retired,SME,7350.13,06-02-2019
C04567,Oliver,Martinez,Male,20-12-1987,Ghent,Belgium,Student,Premium,9944.78,10-06-2023
C04568,Carlos,Thompson,Male,25-12-1968,Cork,Ireland,Business Owner,Wealth,12582.45,07-01-2018
C04569,Mateo,Ramirez,Male,07-11-1993,Kraków,Poland,Student,Retail,3246.03,22-08-2019
C04570,Charlotte,Taylor,Female,03-05-1988,Salzburg,Austria,Self Employed,Premium,4367.29,23-10-2019
C04571,Noah,Perez,Male,18-10-1998,Barcelona,Spain,Business Owner,Premium,11030.41,15-10-2019
C04572,Hans,Rodriguez,Male,11-09-1960,Wrocław,Poland,Student,SME,3427.09,16-07-2020
C04573,Liam,Clark,Male,20-09-1965,Bilbao,Spain,Retired,Retail,6002.7,17-05-2019
C04574,Emma,Williams,Female,09-10-1998,Warsaw,Poland,Business Owner,Retail,7172.41,17-02-2020
C04575,Hans,Lewis,Male,24-10-2002,Malmö,Sweden,Self Employed,Premium,19815.54,08-03-2021
C04576,Alexander,Hernandez,Male,23-08-2003,Kraków,Poland,Retired,Retail,6133.84,27-07-2025
C04577,Arthur,Martinez,Male,05-05-1971,Gdańsk,Poland,Retired,Retail,2564.81,27-03-2025
C04578,Liam,Miller,Male,25-12-2003,Wrocław,Poland,Salaried,Retail,3512.24,17-05-2025
C04579,Ethan,Wilson,Male,16-11-2001,Bordeaux,France,Student,Corporate,8019.78,02-05-2019
C04580,Mateo,Thomas,Male,12-03-1965,Berlin,Germany,Business Owner,Retail,4706.73,02-04-2019
C04581,Elena,Thompson,Female,06-11-1992,Faro,Portugal,Self Employed,Retail,3552.91,02-06-2018
C04582,Clara,Garcia,Female,19-10-1984,Bordeaux,France,Student,Premium,16171.29,07-09-2023
C04583,Camille,Wilson,Female,14-02-1982,Limerick,Ireland,Business Owner,Retail,2489.7,27-03-2018
C04584,Ethan,Robinson,Male,13-08-1989,Faro,Portugal,Business Owner,Retail,6611.69,15-04-2023
C04585,Camille,Jackson,Female,02-01-1965,Barcelona,Spain,Business Owner,Retail,4606.62,06-09-2020
C04586,Charlotte,Clark,Female,08-11-1990,Cork,Ireland,Business Owner,Retail,10225.3,22-08-2023
C04587,James,Moore,Male,28-04-1984,Faro,Portugal,Self Employed,Retail,3820.97,26-07-2022
C04588,Arthur,Lewis,Male,11-03-1990,Stockholm,Sweden,Freelancer,SME,3150.0,21-12-2018
C04589,Chloe,Miller,Female,05-07-1969,Stockholm,Sweden,Self Employed,Retail,12501.55,17-09-2019
C04590,Olivia,White,Female,10-06-1970,Amsterdam,Netherlands,Student,SME,11888.56,30-06-2020
C04591,Marco,Jackson,Male,03-10-1987,Salzburg,Austria,Student,Retail,3934.19,17-10-2021
C04592,Julian,Jones,Male,28-12-1982,Malmö,Sweden,Self Employed,SME,5187.78,04-08-2022
C04593,Mia,Perez,Female,16-02-1984,Bilbao,Spain,Self Employed,Retail,5223.31,08-08-2019
C04594,Freya,White,Female,02-12-1970,Munich,Germany,Retired,Retail,7923.18,17-01-2023
C04595,Camille,Clark,Female,09-07-1963,Milan,Italy,Self Employed,Retail,2498.05,11-10-2018
C04596,Camille,White,Female,04-01-1987,Amsterdam,Netherlands,Self Employed,Retail,8470.26,12-01-2019
C04597,Ethan,Smith,Male,22-12-2000,Naples,Italy,Freelancer,Retail,8208.05,05-12-2020
C04598,Liam,Lewis,Male,20-08-2000,Kraków,Poland,Retired,Wealth,6937.93,28-09-2023
C04599,Amelia,Robinson,Female,23-09-1981,Vienna,Austria,Business Owner,Corporate,10995.67,15-11-2024
C04600,Liam,Thomas,Male,25-10-1996,Porto,Portugal,Freelancer,Corporate,11944.85,07-07-2024
C04601,Freya,Hernandez,Female,13-04-1979,Ghent,Belgium,Freelancer,Retail,8387.48,03-12-2023
C04602,Oliver,Sanchez,Male,15-12-1963,Stockholm,Sweden,Business Owner,Retail,6985.72,10-08-2020
C04603,Sofia,Wilson,Female,11-02-1992,Cologne,Germany,Business Owner,Retail,5922.9,20-03-2019
C04604,Lucas,Taylor,Male,22-04-1998,Graz,Austria,Student,SME,4939.99,09-10-2021
C04605,Camille,Smith,Female,04-08-1973,Naples,Italy,Salaried,Retail,4011.76,10-04-2024
C04606,Mateo,Clark,Male,02-08-1982,Amsterdam,Netherlands,Business Owner,Retail,7694.39,30-06-2021
C04607,Carlos,Jones,Male,20-02-1977,Malmö,Sweden,Freelancer,Wealth,7904.51,23-08-2018
C04608,Sofia,Anderson,Female,11-08-1987,Valencia,Spain,Salaried,Retail,7067.55,18-10-2018
C04609,Marco,Jackson,Male,27-02-1989,Stockholm,Sweden,Retired,Retail,3080.28,27-02-2023
C04610,Olivia,Johnson,Female,14-05-1993,Rotterdam,Netherlands,Self Employed,SME,9378.55,22-02-2025
C04611,Noah,White,Male,26-10-1986,Utrecht,Netherlands,Salaried,Retail,4637.54,26-06-2018
C04612,Sophia,Wilson,Female,20-11-1985,Bruges,Belgium,Salaried,SME,13571.49,16-09-2018
C04613,Louis,Moore,Male,12-03-1973,Gothenburg,Sweden,Student,Premium,13389.1,20-01-2019
C04614,Arthur,Garcia,Male,26-06-1993,Stockholm,Sweden,Salaried,Retail,5292.61,06-09-2019
C04615,Julian,Gonzalez,Male,04-12-1968,Kraków,Poland,Business Owner,Retail,3113.85,28-01-2019
C04616,Noah,Lopez,Male,25-02-1967,Bruges,Belgium,Business Owner,SME,8111.83,22-02-2026
C04617,Noah,Miller,Male,26-01-1967,Cork,Ireland,Salaried,Retail,5052.08,27-03-2019
C04618,Marco,Jackson,Male,03-05-1999,Cork,Ireland,Retired,Retail,19949.37,06-09-2019
C04619,James,Lopez,Male,19-02-1983,Wrocław,Poland,Salaried,Retail,5588.87,15-09-2018
C04620,Freya,Lopez,Female,27-03-1961,Porto,Portugal,Freelancer,Retail,6305.26,04-10-2019
C04621,James,Martinez,Male,26-11-1993,Galway,Ireland,Business Owner,Retail,2433.93,19-10-2025
C04622,Hannah,Martinez,Female,27-10-1982,Gdańsk,Poland,Self Employed,Wealth,19570.22,19-07-2020
C04623,Leo,Clark,Male,21-08-2002,Nice,France,Salaried,Retail,5563.37,26-09-2019
C04624,Freya,Brown,Female,23-02-1985,Malmö,Sweden,Student,Retail,7673.89,09-10-2022
C04625,Camille,Thomas,Female,17-05-1977,Warsaw,Poland,Self Employed,SME,3150.0,23-11-2024
C04626,Marco,Anderson,Male,20-05-1962,Munich,Germany,Retired,Retail,4639.24,30-03-2022
C04627,Charlotte,Wilson,Female,26-03-2000,Gothenburg,Sweden,Freelancer,Premium,6315.21,12-07-2023
C04628,Mia,Lopez,Female,27-05-1986,Toulouse,France,Freelancer,Wealth,13329.06,01-06-2021
C04629,Carlos,Moore,Male,15-08-1982,Lyon,France,Business Owner,Premium,4050.0,20-03-2020
C04630,Alexander,Taylor,Male,17-08-1970,Rome,Italy,Self Employed,Corporate,13882.03,03-04-2023
C04631,Clara,Hernandez,Female,09-06-1987,Stockholm,Sweden,Student,Corporate,12733.3,21-09-2025
C04632,Oliver,Robinson,Male,09-11-1981,Salzburg,Austria,Freelancer,Premium,4050.0,15-02-2019
C04633,Liam,Anderson,Male,14-07-1974,Nice,France,Self Employed,Retail,3502.79,30-11-2021
C04634,Charlotte,Lopez,Female,26-09-1986,Cologne,Germany,Freelancer,Retail,7850.55,18-02-2022
C04635,Liam,Moore,Male,05-11-1998,Bruges,Belgium,Self Employed,Premium,22961.95,16-02-2025
C04636,Julian,Garcia,Male,03-07-2000,Porto,Portugal,Salaried,Corporate,6496.04,26-06-2021
C04637,Leo,Wilson,Male,12-02-1967,Naples,Italy,Salaried,Corporate,13095.23,19-12-2021
C04638,Charlotte,Martinez,Female,06-05-1999,Brussels,Belgium,Salaried,Retail,2477.82,20-06-2024
C04639,Carlos,Perez,Male,20-04-1984,Milan,Italy,Salaried,Retail,6315.78,27-02-2022
C04640,Louis,Perez,Male,20-11-1962,Hamburg,Germany,Self Employed,Premium,11005.85,25-02-2023
C04641,Charlotte,Lee,Female,25-03-1974,Amsterdam,Netherlands,Freelancer,Retail,4548.25,19-08-2022
C04642,Lucas,Thompson,Male,27-01-1995,Malmö,Sweden,Business Owner,Premium,16438.61,06-10-2020
C04643,Julian,Robinson,Male,11-08-1963,Warsaw,Poland,Business Owner,Retail,10850.53,22-03-2019
C04644,Hannah,Ramirez,Female,24-07-1971,Madrid,Spain,Freelancer,SME,4970.72,12-04-2022
C04645,Olivia,Williams,Female,17-04-1978,Graz,Austria,Student,Corporate,38688.83,15-05-2021
C04646,Clara,Clark,Female,24-09-2004,Antwerp,Belgium,Freelancer,Premium,7706.18,28-04-2023
C04647,Olivia,Williams,Female,26-09-1975,Malmö,Sweden,Self Employed,Premium,9793.91,23-04-2025
C04648,Sofia,Smith,Female,15-10-1981,Vienna,Austria,Business Owner,SME,8803.07,13-11-2021
C04649,Julian,Robinson,Male,21-12-1961,Utrecht,Netherlands,Salaried,SME,3150.0,23-04-2023
C04650,Charlotte,Brown,Female,26-06-1993,Bilbao,Spain,Student,Retail,2250.0,21-11-2025
C04651,Mateo,White,Male,13-07-1994,Graz,Austria,Retired,SME,17063.72,18-10-2021
C04652,Arthur,Martin,Male,24-01-1960,Innsbruck,Austria,Retired,Premium,29243.8,02-10-2021
C04653,Hans,Moore,Male,13-06-2000,Brussels,Belgium,Self Employed,Premium,7815.16,09-01-2022
C04654,Oliver,Lee,Male,17-06-1979,Limerick,Ireland,Salaried,Premium,9852.91,28-12-2022
C04655,Mateo,Taylor,Male,08-08-1967,Barcelona,Spain,Salaried,Premium,8494.03,11-10-2021
C04656,Julian,Sanchez,Male,19-07-1981,Gothenburg,Sweden,Student,Retail,3277.56,08-10-2018
C04657,James,Perez,Male,20-11-1980,Utrecht,Netherlands,Salaried,Retail,17104.46,03-12-2021
C04658,Isabella,Ramirez,Female,11-03-1994,Valencia,Spain,Self Employed,Retail,8292.31,20-07-2025
C04659,Charlotte,Miller,Female,03-07-1967,Cologne,Germany,Retired,Corporate,5739.52,16-04-2021
C04660,Noah,Harris,Male,16-12-2002,Dublin,Ireland,Salaried,Retail,3416.03,09-10-2025
C04661,Amelia,Moore,Female,12-12-1988,Hamburg,Germany,Freelancer,Retail,4157.02,10-06-2022
C04662,Alexander,Brown,Male,28-10-1981,Rotterdam,Netherlands,Salaried,Retail,3170.18,10-12-2018
C04663,Sophia,Ramirez,Female,25-07-1980,Ghent,Belgium,Freelancer,Premium,10543.63,28-05-2019
C04664,Amelia,Brown,Female,13-01-1993,Bruges,Belgium,Self Employed,Premium,7323.49,16-08-2019
C04665,Mia,Sanchez,Female,14-02-2002,Rotterdam,Netherlands,Freelancer,SME,6873.34,11-09-2020
C04666,Hannah,Anderson,Female,03-08-1992,Rome,Italy,Self Employed,Premium,7542.62,02-05-2018
C04667,Charlotte,Robinson,Female,10-11-1989,The Hague,Netherlands,Business Owner,Corporate,42685.95,12-05-2019
C04668,Carlos,Lee,Male,27-12-1986,Limerick,Ireland,Self Employed,Corporate,24404.34,18-12-2019
C04669,Camille,Sanchez,Female,23-04-1974,Marseille,France,Student,Retail,2486.4,17-08-2018
C04670,Camille,Gonzalez,Female,27-03-1963,Antwerp,Belgium,Salaried,SME,5829.65,03-05-2022
C04671,Emma,Lopez,Female,12-11-2001,Lisbon,Portugal,Business Owner,Retail,2250.0,18-11-2021
C04672,Arthur,Davis,Male,25-07-1968,Dublin,Ireland,Self Employed,Wealth,16182.28,17-07-2025
C04673,Leo,Martinez,Male,25-11-1960,Warsaw,Poland,Business Owner,SME,4652.07,16-07-2024
C04674,Isabella,Lewis,Female,01-01-1963,Dublin,Ireland,Salaried,SME,9058.16,07-05-2022
C04675,Sofia,Rodriguez,Female,04-09-1993,Limerick,Ireland,Salaried,Premium,16019.49,08-05-2024
C04676,Isabella,Clark,Female,19-10-1992,Salzburg,Austria,Retired,SME,11398.61,11-06-2019
C04677,Hannah,Sanchez,Female,01-06-1986,Galway,Ireland,Student,Retail,5671.31,02-02-2018
C04678,Hans,Wilson,Male,17-01-1992,Bruges,Belgium,Student,Retail,3852.4,22-06-2019
C04679,Sofia,Davis,Female,11-02-1998,Marseille,France,Student,Retail,5654.95,12-10-2021
C04680,Emma,Lewis,Female,07-08-1991,Paris,France,Retired,Retail,2250.0,04-10-2020
C04681,Hannah,Wilson,Female,05-06-1975,Cork,Ireland,Business Owner,Premium,17100.53,01-12-2024
C04682,Emma,Smith,Female,22-07-1991,Gdańsk,Poland,Student,Retail,2489.39,08-01-2025
C04683,Emma,Jones,Female,07-07-1967,Stuttgart,Germany,Retired,Premium,9202.05,10-10-2025
C04684,Arthur,Lopez,Male,18-03-1986,Ghent,Belgium,Self Employed,Retail,4255.26,06-03-2021
C04685,Freya,Clark,Female,16-12-1960,Ghent,Belgium,Student,Retail,9746.31,20-05-2021
C04686,Leo,Clark,Male,11-12-1987,Gdańsk,Poland,Retired,Retail,4213.97,03-04-2024
C04687,Louis,Martin,Male,11-03-1966,Bilbao,Spain,Business Owner,SME,9061.97,26-08-2018
C04688,Mia,Hernandez,Female,03-06-1964,Wrocław,Poland,Business Owner,Retail,8262.43,10-10-2025
C04689,Ava,Jackson,Female,14-10-1999,Wrocław,Poland,Student,Premium,5918.02,17-11-2018
C04690,Charlotte,Davis,Female,06-02-1979,Malmö,Sweden,Salaried,Retail,2250.0,15-04-2018
C04691,Elena,Gonzalez,Female,27-08-1983,Florence,Italy,Student,SME,11325.35,10-02-2022
C04692,Noah,Martin,Male,25-12-1970,Kraków,Poland,Self Employed,Retail,4765.86,20-03-2022
C04693,Marco,Gonzalez,Male,15-08-2003,Florence,Italy,Retired,Retail,5928.01,01-02-2020
C04694,Carlos,Johnson,Male,22-04-1960,Cologne,Germany,Student,SME,4417.46,03-09-2025
C04695,Clara,Robinson,Female,22-04-1991,Naples,Italy,Salaried,Premium,4627.39,17-08-2023
C04696,Chloe,Wilson,Female,26-09-1990,Seville,Spain,Business Owner,Retail,9783.29,13-08-2023
C04697,Liam,Lee,Male,12-12-1999,Kraków,Poland,Student,Retail,6011.93,30-09-2024
C04698,Alexander,White,Male,21-02-1986,Wrocław,Poland,Freelancer,SME,3947.19,18-01-2026
C04699,Liam,Gonzalez,Male,01-02-1982,Utrecht,Netherlands,Student,Retail,14682.94,09-07-2025
C04700,Hannah,Hernandez,Female,17-07-1985,Turin,Italy,Self Employed,SME,8700.13,14-03-2018
C04701,Leo,Garcia,Male,13-03-1974,Ghent,Belgium,Business Owner,SME,4962.05,20-01-2019
C04702,Alexander,Davis,Male,02-03-1977,Wrocław,Poland,Business Owner,Corporate,25757.54,30-12-2019
C04703,Oliver,Thompson,Male,12-10-1978,Utrecht,Netherlands,Retired,Retail,7361.43,12-01-2021
C04704,Clara,Jones,Female,19-12-1970,Bologna,Italy,Student,Retail,4200.5,14-10-2018
C04705,Elena,Brown,Female,15-10-2004,Antwerp,Belgium,Business Owner,Retail,4850.26,28-01-2025
C04706,Sofia,Jackson,Female,09-02-1985,Brussels,Belgium,Self Employed,Premium,28515.8,29-09-2018
C04707,Arthur,Gonzalez,Male,17-01-1963,Cork,Ireland,Business Owner,Corporate,13125.21,02-03-2019
C04708,Carlos,Harris,Male,13-04-1962,Toulouse,France,Salaried,Premium,6705.68,17-04-2020
C04709,Sofia,Robinson,Female,10-03-2000,Stuttgart,Germany,Student,Retail,10567.22,28-10-2019
C04710,Lucas,Clark,Male,20-08-1990,Barcelona,Spain,Salaried,SME,13614.99,24-05-2018
C04711,Leo,Garcia,Male,16-03-1991,Vienna,Austria,Student,SME,8104.33,12-10-2021
C04712,Mia,Miller,Female,19-11-1991,Kraków,Poland,Salaried,Retail,9338.15,24-12-2024
C04713,Olivia,Williams,Female,21-11-2004,Malmö,Sweden,Business Owner,Retail,6563.23,07-06-2023
C04714,James,Wilson,Male,23-06-1987,Florence,Italy,Student,Retail,12399.05,27-09-2023
C04715,James,Lee,Male,15-08-2004,Turin,Italy,Freelancer,Retail,10864.69,09-05-2025
C04716,Arthur,Jackson,Male,13-08-1965,Amsterdam,Netherlands,Salaried,Premium,9362.01,05-06-2019
C04717,Liam,Smith,Male,19-08-2001,Rotterdam,Netherlands,Student,SME,20721.35,03-09-2023
C04718,Chloe,Thompson,Female,23-01-1972,Gothenburg,Sweden,Business Owner,Wealth,9270.6,02-10-2022
C04719,Elena,Robinson,Female,24-05-1996,Bologna,Italy,Retired,Premium,28025.02,21-04-2025
C04720,Oliver,Jackson,Male,09-12-1991,Lisbon,Portugal,Self Employed,Premium,6999.96,29-03-2022
C04721,Charlotte,Smith,Female,16-09-1985,Madrid,Spain,Business Owner,Retail,7690.06,04-09-2021
C04722,Louis,White,Male,11-07-2004,Milan,Italy,Salaried,Retail,6124.52,01-09-2023
C04723,Liam,Anderson,Male,05-03-1974,Gdańsk,Poland,Self Employed,Retail,11330.94,23-09-2022
C04724,Marco,Lee,Male,23-04-1979,Nice,France,Salaried,Corporate,7599.12,19-03-2021
C04725,Clara,Lopez,Female,14-11-1969,Gothenburg,Sweden,Salaried,Retail,2250.0,05-04-2020
C04726,Ava,Davis,Female,17-11-1969,Warsaw,Poland,Business Owner,Retail,3386.24,09-04-2019
C04727,Marco,Lewis,Male,08-10-2001,Lisbon,Portugal,Retired,Premium,22671.34,11-04-2020
C04728,Sophia,Martinez,Female,24-04-1992,Valencia,Spain,Retired,Retail,5058.53,07-07-2024
C04729,Noah,Moore,Male,17-06-1969,Milan,Italy,Student,Retail,4943.82,28-11-2021
C04730,Carlos,Davis,Male,11-04-1969,Innsbruck,Austria,Student,Retail,12268.83,04-02-2024
C04731,Camille,Harris,Female,21-12-1974,Dublin,Ireland,Retired,Retail,2250.0,13-07-2022
C04732,Clara,Sanchez,Female,07-04-2002,Warsaw,Poland,Student,SME,20212.24,23-09-2019
C04733,Charlotte,Harris,Female,21-11-1986,Bordeaux,France,Student,Retail,7622.92,25-12-2022
C04734,Lucas,Perez,Male,22-08-1986,Graz,Austria,Business Owner,Premium,14362.88,24-04-2025
C04735,James,Rodriguez,Male,14-05-1988,Utrecht,Netherlands,Business Owner,Retail,3280.91,29-07-2019
C04736,Oliver,Robinson,Male,23-01-1967,Wrocław,Poland,Retired,Retail,7947.82,07-01-2024
C04737,Ava,Lee,Female,20-02-1998,Amsterdam,Netherlands,Salaried,Retail,4799.14,28-06-2022
C04738,Emma,Lee,Female,06-08-1983,Milan,Italy,Self Employed,Retail,4929.32,14-06-2022
C04739,Chloe,Ramirez,Female,01-01-1980,Utrecht,Netherlands,Retired,Retail,6451.28,03-02-2018
C04740,Oliver,Brown,Male,26-10-1997,Toulouse,France,Freelancer,Premium,10137.74,01-01-2021
C04741,Amelia,Robinson,Female,11-01-2004,Madrid,Spain,Business Owner,Retail,5561.8,24-01-2021
C04742,Julian,Brown,Male,08-06-1978,Antwerp,Belgium,Student,Wealth,38558.06,08-08-2023
C04743,Olivia,Jones,Female,15-11-1998,Stuttgart,Germany,Freelancer,Retail,3762.37,27-07-2025
C04744,Isabella,Rodriguez,Female,08-04-1980,Malmö,Sweden,Freelancer,SME,7449.12,25-11-2022
C04745,Hannah,Garcia,Female,23-09-1975,Valencia,Spain,Freelancer,Retail,4402.13,31-08-2024
C04746,Oliver,Williams,Male,17-07-1967,Antwerp,Belgium,Salaried,SME,15986.74,07-07-2022
C04747,Mateo,Ramirez,Male,03-11-1999,Lisbon,Portugal,Retired,Wealth,6750.0,03-06-2025
C04748,Ethan,Robinson,Male,09-05-1969,Kraków,Poland,Salaried,Retail,10417.92,28-05-2021
C04749,Freya,Miller,Female,09-05-1999,Kraków,Poland,Retired,Corporate,13556.23,22-09-2024
C04750,Charlotte,Brown,Female,08-01-1973,Bordeaux,France,Salaried,Premium,6571.59,01-12-2021
C04751,Amelia,Sanchez,Female,23-06-1998,Warsaw,Poland,Business Owner,Retail,6437.72,18-06-2018
C04752,James,Wilson,Male,03-02-2001,Innsbruck,Austria,Salaried,Retail,3123.25,02-02-2021
C04753,Olivia,Thomas,Female,15-09-1968,Antwerp,Belgium,Self Employed,SME,15450.06,01-09-2023
C04754,Sofia,Williams,Female,25-01-1975,Bordeaux,France,Salaried,Premium,10490.78,05-08-2021
C04755,Sophia,Perez,Female,07-09-1963,Dublin,Ireland,Freelancer,Corporate,13163.12,08-03-2026
C04756,Charlotte,Gonzalez,Female,17-12-1982,Salzburg,Austria,Business Owner,Premium,6510.18,05-03-2018
C04757,Hannah,Hernandez,Female,27-09-1975,Warsaw,Poland,Freelancer,Retail,13000.64,30-07-2018
C04758,Marco,Robinson,Male,15-09-1976,The Hague,Netherlands,Salaried,Retail,5313.81,24-02-2026
C04759,Mateo,Sanchez,Male,01-07-1983,Utrecht,Netherlands,Freelancer,Premium,8873.37,20-02-2026
C04760,Ava,Garcia,Female,14-01-1981,Innsbruck,Austria,Salaried,Retail,4577.37,30-11-2021
C04761,Lucas,Smith,Male,28-09-1961,Faro,Portugal,Student,Retail,4430.67,04-06-2024
C04762,Hans,Garcia,Male,20-02-1997,Gdańsk,Poland,Freelancer,Retail,3673.16,21-02-2020
C04763,Marco,Jackson,Male,23-02-1969,Porto,Portugal,Retired,Corporate,32145.38,26-05-2019
C04764,Marco,Martin,Male,14-08-1968,Lisbon,Portugal,Business Owner,SME,6141.38,30-07-2025
C04765,Carlos,Johnson,Male,04-02-1970,Brussels,Belgium,Self Employed,Retail,6306.31,10-06-2023
C04766,Oliver,Hernandez,Male,18-11-1972,Stockholm,Sweden,Business Owner,Retail,3005.73,24-02-2022
C04767,Ethan,Thomas,Male,18-08-1975,Ghent,Belgium,Freelancer,SME,11003.3,11-01-2020
C04768,Chloe,Martin,Female,21-05-1988,Bologna,Italy,Student,Retail,4581.83,17-12-2023
C04769,Elena,Smith,Female,18-06-2002,Cologne,Germany,Freelancer,Retail,2846.0,31-05-2020
C04770,Ava,Taylor,Female,16-06-1967,Innsbruck,Austria,Student,SME,4420.58,23-01-2024
C04771,Louis,Rodriguez,Male,02-11-1995,Valencia,Spain,Business Owner,Wealth,6750.0,13-12-2023
C04772,Hannah,Brown,Female,22-06-1967,Frankfurt,Germany,Student,Corporate,22092.38,23-07-2022
C04773,Sophia,Martin,Female,20-11-1998,Cork,Ireland,Student,Retail,10865.39,06-01-2024
C04774,James,Moore,Male,28-05-1983,Antwerp,Belgium,Student,Corporate,14949.74,26-07-2023
C04775,Emma,Taylor,Female,20-06-1987,Bruges,Belgium,Business Owner,Premium,7027.05,28-06-2019
C04776,Elena,Harris,Female,27-02-1995,Toulouse,France,Retired,Retail,3283.53,31-03-2025
C04777,Ava,Miller,Female,13-11-1993,Cologne,Germany,Self Employed,Retail,4859.5,27-12-2025
C04778,Carlos,Lopez,Male,22-01-1994,Paris,France,Salaried,Retail,4084.26,07-08-2025
C04779,Olivia,Lewis,Female,04-07-1982,Valencia,Spain,Business Owner,SME,4070.11,12-02-2023
C04780,Sophia,Smith,Female,06-08-1972,Lyon,France,Student,Corporate,6165.18,08-11-2018
C04781,Mia,Jones,Female,18-07-2004,Hamburg,Germany,Freelancer,Retail,2882.93,18-03-2020
C04782,Sophia,Williams,Female,23-11-1973,Vienna,Austria,Business Owner,Corporate,21730.02,05-01-2023
C04783,Camille,Thompson,Female,07-08-1961,Warsaw,Poland,Student,Premium,4107.97,30-10-2021
C04784,Liam,Rodriguez,Male,19-10-1991,Wrocław,Poland,Retired,SME,5544.92,19-07-2021
C04785,Isabella,Thomas,Female,03-06-1981,Galway,Ireland,Salaried,Premium,10186.34,01-10-2018
C04786,Noah,Williams,Male,15-11-1965,Brussels,Belgium,Business Owner,Retail,14187.0,07-06-2021
C04787,Mia,Thompson,Female,16-04-1973,Bilbao,Spain,Retired,Premium,8373.31,27-01-2019
C04788,Elena,Lee,Female,04-11-1987,Ghent,Belgium,Retired,Retail,4230.8,11-01-2021
C04789,Lucas,Anderson,Male,07-02-1999,Naples,Italy,Student,Retail,7082.15,01-04-2019
C04790,Camille,Sanchez,Female,21-08-1983,Galway,Ireland,Business Owner,Retail,2250.0,20-12-2023
C04791,Amelia,Wilson,Female,28-08-1994,Malmö,Sweden,Student,Retail,15715.21,23-02-2026
C04792,Elena,Gonzalez,Female,18-01-1993,Toulouse,France,Retired,Retail,11988.9,28-07-2019
C04793,Hannah,Miller,Female,21-04-1970,Utrecht,Netherlands,Freelancer,SME,16726.59,27-04-2022
C04794,Isabella,Garcia,Female,01-06-1976,Cologne,Germany,Freelancer,Retail,7080.48,12-02-2026
C04795,Noah,Perez,Male,20-10-2003,Bruges,Belgium,Salaried,Retail,2467.34,28-12-2019
C04796,Freya,Lewis,Female,08-07-2000,Lyon,France,Retired,Premium,6830.27,20-08-2021
C04797,Camille,Rodriguez,Female,05-04-1976,Valencia,Spain,Student,SME,6916.55,15-08-2020
C04798,Charlotte,Brown,Female,27-06-1973,Bruges,Belgium,Retired,Retail,3565.7,23-04-2020
C04799,Julian,Sanchez,Male,19-04-1982,Malmö,Sweden,Freelancer,Retail,3629.14,21-05-2025
C04800,Arthur,Jackson,Male,14-10-1999,Gdańsk,Poland,Retired,Retail,4510.33,19-04-2024
C04801,Lucas,Garcia,Male,15-03-1989,Dublin,Ireland,Student,Retail,2822.11,06-04-2021
C04802,Arthur,Miller,Male,20-10-1964,Limerick,Ireland,Freelancer,SME,10829.0,03-10-2019
C04803,Louis,Thomas,Male,14-03-1978,Warsaw,Poland,Self Employed,Retail,4623.83,15-02-2020
C04804,Charlotte,Lewis,Female,12-04-1976,Ghent,Belgium,Retired,SME,10125.54,16-05-2021
C04805,Amelia,Wilson,Female,06-10-1995,Madrid,Spain,Self Employed,Retail,2496.2,09-09-2024
C04806,Chloe,White,Female,15-08-1999,Limerick,Ireland,Student,Retail,4804.87,06-04-2020
C04807,Lucas,Clark,Male,16-07-1972,Cork,Ireland,Salaried,Retail,4245.61,18-11-2019
C04808,Mia,Martin,Female,08-02-2000,Malmö,Sweden,Self Employed,Retail,12528.44,10-03-2025
C04809,Olivia,Martin,Female,10-02-1971,Stuttgart,Germany,Student,Retail,5877.43,27-03-2021
C04810,Alexander,Wilson,Male,23-09-1992,Barcelona,Spain,Business Owner,Premium,26431.28,10-09-2019
C04811,Noah,Jackson,Male,02-04-1978,Valencia,Spain,Salaried,Premium,6404.73,12-12-2021
C04812,Mia,Lopez,Female,22-04-1991,Graz,Austria,Retired,Wealth,26580.57,12-02-2026
C04813,Hannah,Lee,Female,26-10-2000,Wrocław,Poland,Student,Premium,7701.17,08-03-2019
C04814,Carlos,Williams,Male,22-01-1994,Vienna,Austria,Self Employed,SME,16096.13,25-03-2024
C04815,Amelia,Garcia,Female,09-02-1976,Wrocław,Poland,Freelancer,Wealth,33261.93,07-06-2019
C04816,Hannah,Johnson,Female,11-05-1978,Cork,Ireland,Salaried,Retail,5335.66,05-12-2024
C04817,Leo,Rodriguez,Male,28-09-1991,Wrocław,Poland,Freelancer,Retail,7102.77,16-12-2021
C04818,Julian,Wilson,Male,06-04-1966,Amsterdam,Netherlands,Business Owner,Retail,4366.02,26-12-2021
C04819,Lucas,Martin,Male,22-10-1986,Graz,Austria,Salaried,Retail,3443.92,24-05-2018
C04820,Freya,Lewis,Female,19-02-1988,Galway,Ireland,Business Owner,Retail,2250.0,18-10-2021
C04821,Marco,Taylor,Male,24-09-1989,Lisbon,Portugal,Self Employed,Retail,6465.49,12-09-2021
C04822,Mia,Gonzalez,Female,22-01-1978,Naples,Italy,Salaried,Premium,12074.82,28-05-2023
C04823,James,Brown,Male,19-08-1987,Milan,Italy,Retired,Wealth,19600.84,31-03-2025
C04824,Liam,Sanchez,Male,10-10-2000,Seville,Spain,Self Employed,Premium,25576.77,18-08-2020
C04825,Mia,Wilson,Female,22-12-1998,The Hague,Netherlands,Self Employed,Retail,4078.5,30-01-2023
C04826,Clara,Garcia,Female,07-04-1981,Gothenburg,Sweden,Student,Retail,5373.47,15-11-2022
C04827,Mia,Davis,Female,12-09-1987,Munich,Germany,Self Employed,SME,11901.82,02-10-2018
C04828,Olivia,Miller,Female,13-12-2002,Innsbruck,Austria,Freelancer,Retail,7126.61,29-01-2022
C04829,Marco,Lopez,Male,01-02-1972,Porto,Portugal,Freelancer,Retail,5199.26,13-08-2019
C04830,Mia,Jones,Female,14-10-1981,Cork,Ireland,Retired,Retail,13251.17,23-01-2023
C04831,Arthur,Hernandez,Male,28-06-1972,Utrecht,Netherlands,Freelancer,Retail,3713.21,20-02-2019
C04832,Oliver,Smith,Male,28-12-1982,Barcelona,Spain,Retired,Wealth,17400.22,02-07-2018
C04833,Ethan,Thompson,Male,19-11-1963,Salzburg,Austria,Business Owner,SME,16652.4,24-05-2019
C04834,James,Thompson,Male,01-05-1966,Rotterdam,Netherlands,Freelancer,Retail,2921.88,26-12-2020
C04835,Mia,Miller,Female,23-05-2000,Innsbruck,Austria,Salaried,Retail,6488.95,19-01-2020
C04836,Mateo,Jackson,Male,15-05-1986,Munich,Germany,Business Owner,Retail,9910.46,26-10-2021
C04837,Clara,Hernandez,Female,13-12-1998,Munich,Germany,Business Owner,Retail,4236.85,09-12-2025
C04838,Hannah,Davis,Female,22-06-1968,Stockholm,Sweden,Freelancer,Retail,6927.52,31-01-2020
C04839,Leo,Williams,Male,28-09-1987,Milan,Italy,Self Employed,Retail,6378.98,10-06-2021
C04840,Alexander,Martinez,Male,09-02-1984,Wrocław,Poland,Self Employed,SME,13678.62,02-02-2018
C04841,Chloe,Miller,Female,23-10-1989,Lyon,France,Retired,Retail,5099.75,14-11-2018
C04842,Elena,Miller,Female,21-06-1990,Paris,France,Retired,Retail,7086.08,26-04-2023
C04843,Olivia,Moore,Female,02-07-1994,Vienna,Austria,Self Employed,Retail,7178.53,15-02-2022
C04844,Lucas,Thompson,Male,16-02-1989,Stockholm,Sweden,Salaried,Retail,7154.16,28-03-2020
C04845,Julian,Lewis,Male,19-07-1981,Bordeaux,France,Self Employed,SME,6708.58,14-10-2018
C04846,Arthur,Ramirez,Male,20-02-1982,Gdańsk,Poland,Self Employed,Retail,3845.14,16-08-2022
C04847,Marco,Williams,Male,12-02-1972,Bilbao,Spain,Self Employed,Retail,2838.17,14-03-2025
C04848,Chloe,Lewis,Female,04-10-2004,Paris,France,Student,Retail,4438.85,26-07-2023
C04849,Sofia,Wilson,Female,10-07-1973,Brussels,Belgium,Self Employed,Retail,8914.24,23-01-2020
C04850,Sofia,Harris,Female,07-03-2000,Limerick,Ireland,Freelancer,Retail,4480.24,05-02-2020
C04851,Alexander,Hernandez,Male,19-10-1988,Gothenburg,Sweden,Freelancer,Retail,4337.09,25-06-2020
C04852,Freya,Hernandez,Female,22-02-1971,Bilbao,Spain,Business Owner,Premium,7884.37,17-06-2018
C04853,Noah,Miller,Male,15-05-1979,The Hague,Netherlands,Freelancer,Retail,4953.77,08-01-2021
C04854,James,Sanchez,Male,04-05-1967,Seville,Spain,Student,SME,9358.64,03-05-2021
C04855,Amelia,Thomas,Female,24-03-1989,Naples,Italy,Self Employed,Retail,10629.76,07-05-2022
C04856,Emma,Rodriguez,Female,21-09-1986,The Hague,Netherlands,Student,SME,5146.18,22-01-2025
C04857,Charlotte,Brown,Female,17-10-1984,Faro,Portugal,Retired,Retail,3336.65,16-04-2024
C04858,Olivia,Anderson,Female,27-02-1968,Cork,Ireland,Salaried,Retail,7495.17,29-04-2021
C04859,Ava,Martin,Female,04-10-1978,Galway,Ireland,Salaried,SME,6325.63,31-08-2022
C04860,Mia,Jackson,Female,10-09-1973,Limerick,Ireland,Retired,Premium,5855.98,24-01-2020
C04861,Charlotte,Davis,Female,19-08-1992,Cork,Ireland,Student,Retail,4852.54,14-10-2018
C04862,Julian,Smith,Male,20-03-1999,Salzburg,Austria,Retired,SME,4757.66,30-08-2023
C04863,Lucas,Smith,Male,19-07-1962,Dublin,Ireland,Salaried,Retail,7902.48,24-01-2020
C04864,Sofia,Sanchez,Female,07-08-1968,Gdańsk,Poland,Freelancer,Retail,8053.17,06-06-2024
C04865,Carlos,Jackson,Male,23-02-2004,Limerick,Ireland,Self Employed,Premium,11036.65,17-03-2020
C04866,Emma,Robinson,Female,12-04-1973,Dublin,Ireland,Salaried,Corporate,7949.09,09-03-2019
C04867,Amelia,Martinez,Female,25-11-1975,Malmö,Sweden,Retired,Wealth,23050.03,07-10-2019
C04868,Ava,Clark,Female,13-08-1995,Innsbruck,Austria,Student,Wealth,17767.63,09-09-2021
C04869,Alexander,Johnson,Male,22-05-1979,Hamburg,Germany,Student,Retail,5601.44,28-09-2019
C04870,Hans,Moore,Male,03-09-1984,Barcelona,Spain,Retired,Retail,16098.3,03-09-2023
C04871,Hannah,Taylor,Female,06-01-1969,Seville,Spain,Self Employed,SME,7851.62,03-04-2025
C04872,Emma,Hernandez,Female,10-02-1997,Amsterdam,Netherlands,Retired,SME,9139.93,08-08-2022
C04873,Sofia,Smith,Female,21-01-1972,Malmö,Sweden,Business Owner,Retail,14957.18,06-09-2020
C04874,Oliver,Thomas,Male,27-02-1988,Bruges,Belgium,Freelancer,SME,3793.04,01-11-2023
C04875,Oliver,Clark,Male,25-05-2001,Valencia,Spain,Freelancer,SME,12426.65,01-08-2022
C04876,Arthur,Wilson,Male,17-01-1977,Bordeaux,France,Self Employed,Corporate,14661.1,01-07-2023
C04877,Louis,Martinez,Male,23-08-1980,Brussels,Belgium,Student,Premium,5871.81,07-03-2026
C04878,Isabella,Hernandez,Female,04-05-1998,Dublin,Ireland,Self Employed,Premium,14179.2,13-07-2021
C04879,Clara,Lopez,Female,26-02-1993,Cork,Ireland,Retired,Retail,2250.0,30-01-2021
C04880,Alexander,Williams,Male,06-04-1966,Graz,Austria,Retired,Premium,17151.93,11-04-2025
C04881,Leo,Harris,Male,25-09-1981,Brussels,Belgium,Salaried,SME,22922.4,06-08-2018
C04882,Mia,Thomas,Female,02-07-1978,Marseille,France,Retired,Retail,8239.16,30-10-2019
C04883,Julian,Johnson,Male,04-01-1997,Innsbruck,Austria,Business Owner,Corporate,31236.7,23-10-2022
C04884,Alexander,Martinez,Male,16-07-1965,Wrocław,Poland,Student,SME,6898.75,06-12-2023
C04885,Louis,Anderson,Male,28-05-1995,Rotterdam,Netherlands,Retired,Retail,18765.79,25-03-2020
C04886,Amelia,Ramirez,Female,16-05-1974,Ghent,Belgium,Student,Premium,9414.64,10-08-2020
C04887,Marco,Robinson,Male,01-09-2000,Stockholm,Sweden,Freelancer,Retail,7296.33,05-05-2021
C04888,Olivia,Clark,Female,21-05-1971,Galway,Ireland,Self Employed,SME,11046.53,04-09-2021
C04889,Ethan,Martin,Male,10-04-1986,Limerick,Ireland,Self Employed,Premium,9039.95,07-02-2021
C04890,Oliver,Smith,Male,09-01-1960,Naples,Italy,Salaried,Retail,3763.67,21-12-2022
C04891,Sophia,Johnson,Female,16-02-1984,Innsbruck,Austria,Student,Retail,6850.79,27-06-2021
C04892,Carlos,Smith,Male,26-03-2003,Frankfurt,Germany,Retired,Premium,9731.54,09-03-2019
C04893,Liam,Brown,Male,13-10-1984,Munich,Germany,Business Owner,Premium,6951.58,24-02-2022
C04894,Ethan,Ramirez,Male,16-05-1969,Graz,Austria,Salaried,Corporate,19053.22,06-12-2025
C04895,Louis,White,Male,01-07-1964,Gothenburg,Sweden,Retired,Wealth,15432.96,28-04-2018
C04896,Alexander,Davis,Male,23-01-1988,Porto,Portugal,Student,SME,5138.97,04-07-2019
C04897,Ava,Williams,Female,26-09-2004,Graz,Austria,Freelancer,Retail,5906.71,26-01-2026
C04898,Sophia,White,Female,02-08-1979,Malmö,Sweden,Freelancer,Corporate,7008.59,13-02-2021
C04899,Hans,Sanchez,Male,11-07-2003,The Hague,Netherlands,Salaried,Retail,5085.41,29-07-2019
C04900,Ethan,Clark,Male,04-01-1991,Galway,Ireland,Business Owner,Retail,8957.7,22-05-2024
C04901,Hannah,Moore,Female,19-11-1991,Toulouse,France,Student,SME,3150.0,21-09-2022
C04902,James,Robinson,Male,23-01-1982,Braga,Portugal,Retired,Premium,13072.02,08-09-2022
C04903,Camille,Ramirez,Female,22-07-1992,Bruges,Belgium,Self Employed,Corporate,17669.13,21-02-2021
C04904,James,Rodriguez,Male,20-10-1970,Porto,Portugal,Freelancer,SME,15584.21,26-09-2025
C04905,Hans,Sanchez,Male,08-12-1964,Nice,France,Business Owner,Retail,6620.8,31-01-2018
C04906,James,Brown,Male,27-08-1975,Milan,Italy,Salaried,SME,6262.26,30-05-2021
C04907,James,Martinez,Male,11-07-1981,Cork,Ireland,Freelancer,Corporate,7288.22,14-09-2024
C04908,Oliver,Rodriguez,Male,20-06-1999,Berlin,Germany,Business Owner,Retail,7607.47,21-05-2022
C04909,Ethan,Thompson,Male,28-10-1985,Malmö,Sweden,Retired,Retail,6828.01,17-09-2022
C04910,Chloe,Sanchez,Female,07-09-1993,Innsbruck,Austria,Freelancer,Retail,2250.0,05-03-2020
C04911,Clara,Gonzalez,Female,16-11-1988,Salzburg,Austria,Freelancer,SME,6698.94,21-08-2025
C04912,Isabella,Thompson,Female,26-11-1979,Cologne,Germany,Retired,Retail,4901.15,08-02-2024
C04913,Ava,Robinson,Female,09-11-2002,Faro,Portugal,Salaried,Retail,3328.06,21-01-2022
C04914,Liam,Jackson,Male,11-08-1994,Limerick,Ireland,Retired,SME,3621.37,02-02-2026
C04915,Mateo,Brown,Male,27-11-1994,Barcelona,Spain,Salaried,SME,3150.0,13-07-2020
C04916,Liam,Hernandez,Male,07-10-1967,Stockholm,Sweden,Business Owner,Retail,8493.7,10-03-2018
C04917,Freya,Jones,Female,10-03-1984,Kraków,Poland,Self Employed,Retail,4452.93,02-06-2020
C04918,Arthur,Jackson,Male,16-03-2002,Utrecht,Netherlands,Business Owner,SME,4667.01,28-07-2021
C04919,Hans,Ramirez,Male,21-07-1979,Paris,France,Freelancer,Retail,8097.11,22-06-2018
C04920,Hans,Wilson,Male,20-05-1980,Porto,Portugal,Student,Retail,4760.9,08-05-2024
C04921,Sofia,Anderson,Female,03-10-1996,Bruges,Belgium,Student,Premium,17016.33,01-01-2023
C04922,Sofia,Brown,Female,01-08-1964,Florence,Italy,Student,Premium,8715.74,06-03-2026
C04923,Leo,Taylor,Male,23-08-1980,Salzburg,Austria,Business Owner,Retail,9368.52,02-02-2023
C04924,Noah,Jackson,Male,12-06-2004,Braga,Portugal,Business Owner,Retail,18769.19,13-10-2022
C04925,Amelia,Perez,Female,02-04-2003,Florence,Italy,Student,SME,6244.06,26-09-2019
C04926,Mateo,Rodriguez,Male,04-03-1961,Marseille,France,Retired,Retail,5794.78,09-11-2025
C04927,Ethan,Harris,Male,15-04-1980,Innsbruck,Austria,Freelancer,Retail,10529.44,13-02-2023
C04928,Louis,Thomas,Male,27-11-1960,Vienna,Austria,Self Employed,Retail,9226.88,08-04-2025
C04929,Sophia,Williams,Female,14-06-1990,Seville,Spain,Self Employed,Retail,6387.31,02-02-2020
C04930,Isabella,Harris,Female,17-05-1967,Warsaw,Poland,Business Owner,Retail,4975.28,10-12-2023
C04931,Lucas,Thompson,Male,15-12-2003,Porto,Portugal,Business Owner,Retail,4797.64,18-07-2019
C04932,Olivia,Lopez,Female,09-04-1996,Dublin,Ireland,Salaried,Retail,16986.62,21-06-2022
C04933,Elena,Clark,Female,22-03-1969,Munich,Germany,Self Employed,Retail,2426.87,29-11-2020
C04934,Carlos,Davis,Male,18-05-1977,Frankfurt,Germany,Retired,SME,10232.7,31-12-2022
C04935,Sofia,Lee,Female,03-04-1961,Utrecht,Netherlands,Student,Retail,4273.98,17-05-2024
C04936,Louis,Ramirez,Male,22-07-1963,Brussels,Belgium,Salaried,Retail,12834.72,15-09-2021
C04937,Sophia,Thompson,Female,16-06-2002,Florence,Italy,Self Employed,Retail,4378.97,08-12-2020
C04938,Oliver,Williams,Male,18-02-1981,Braga,Portugal,Freelancer,Premium,8492.55,14-08-2020
C04939,Amelia,Johnson,Female,20-11-1968,Gothenburg,Sweden,Business Owner,Retail,13023.32,19-03-2019
C04940,Noah,Smith,Male,26-07-1987,Ghent,Belgium,Retired,Retail,9475.14,26-08-2022
C04941,Sofia,Miller,Female,27-02-1962,Valencia,Spain,Salaried,Premium,4050.0,02-07-2019
C04942,Amelia,Clark,Female,11-06-1984,Innsbruck,Austria,Self Employed,Retail,9721.26,23-07-2021
C04943,Alexander,Miller,Male,08-09-1984,Galway,Ireland,Freelancer,Retail,9338.43,27-11-2018
C04944,Amelia,Brown,Female,05-01-1963,Lisbon,Portugal,Student,Retail,3578.43,09-09-2025
C04945,Ethan,Miller,Male,15-06-1981,Gdańsk,Poland,Self Employed,Premium,4641.25,19-10-2024
C04946,Carlos,Jackson,Male,22-03-1972,Brussels,Belgium,Business Owner,Premium,12371.55,03-08-2024
C04947,Arthur,Taylor,Male,17-01-2001,Ghent,Belgium,Retired,Retail,9178.61,31-01-2023
C04948,Elena,Ramirez,Female,25-05-1992,Cork,Ireland,Business Owner,Retail,7181.48,27-05-2022
C04949,Mia,Harris,Female,12-05-1993,Rotterdam,Netherlands,Student,Premium,11622.9,19-11-2023
C04950,Isabella,Thompson,Female,05-07-1963,Turin,Italy,Self Employed,SME,6880.92,01-01-2021
C04951,Mateo,Lee,Male,08-07-1979,Turin,Italy,Retired,Retail,10927.76,09-12-2019
C04952,Liam,Ramirez,Male,08-10-1979,Ghent,Belgium,Self Employed,Premium,21094.02,05-06-2018
C04953,Leo,Brown,Male,21-06-1964,Bordeaux,France,Student,Retail,2250.0,19-09-2023
C04954,Hannah,Jones,Female,10-06-1962,Bruges,Belgium,Salaried,SME,14299.03,06-01-2018
C04955,Noah,Robinson,Male,16-08-1988,Bruges,Belgium,Freelancer,Retail,8532.52,01-11-2022
C04956,Mia,Gonzalez,Female,10-04-1990,Dublin,Ireland,Student,Corporate,10649.73,16-11-2020
C04957,Mateo,Ramirez,Male,09-07-1979,Graz,Austria,Self Employed,Wealth,6750.0,08-08-2020
C04958,Julian,Taylor,Male,26-06-2002,Galway,Ireland,Salaried,Retail,5058.54,27-12-2021
C04959,Sophia,Harris,Female,06-09-1981,Faro,Portugal,Retired,Retail,4162.79,01-09-2019
C04960,Charlotte,Miller,Female,03-04-1977,Antwerp,Belgium,Retired,SME,31692.62,18-08-2023
C04961,Olivia,Rodriguez,Female,24-04-1993,Milan,Italy,Salaried,Premium,10527.18,08-06-2025
C04962,Charlotte,Garcia,Female,15-01-1988,Malmö,Sweden,Business Owner,Retail,7827.11,29-12-2025
C04963,Marco,Martinez,Male,27-12-1979,Turin,Italy,Self Employed,SME,5121.23,28-03-2019
C04964,Freya,Jackson,Female,26-07-2004,Gdańsk,Poland,Self Employed,Retail,5450.74,05-05-2022
C04965,Sofia,Brown,Female,24-10-1980,Stuttgart,Germany,Business Owner,SME,18128.88,05-10-2023
C04966,Ava,Anderson,Female,26-01-1966,Gdańsk,Poland,Self Employed,Premium,6385.67,29-03-2022
C04967,Hans,Brown,Male,23-03-2003,Amsterdam,Netherlands,Student,SME,3223.57,06-06-2021
C04968,Louis,Brown,Male,01-12-1967,Madrid,Spain,Student,Retail,6013.14,18-10-2020
C04969,Noah,Smith,Male,25-12-1986,Porto,Portugal,Retired,Premium,20584.88,16-07-2022
C04970,Hannah,Anderson,Female,22-12-1974,Braga,Portugal,Salaried,Wealth,10909.67,07-12-2019
C04971,Liam,Rodriguez,Male,17-02-1964,Rotterdam,Netherlands,Retired,Retail,4744.65,21-01-2026
C04972,James,Thomas,Male,17-01-1984,Gothenburg,Sweden,Salaried,Premium,4607.72,13-01-2019
C04973,Marco,Taylor,Male,06-09-1990,Valencia,Spain,Salaried,Retail,5261.23,19-06-2023
C04974,Amelia,Lopez,Female,26-01-1996,Innsbruck,Austria,Student,Retail,2948.71,15-01-2026
C04975,Lucas,Brown,Male,15-03-1962,Ghent,Belgium,Self Employed,SME,4709.07,21-09-2025
C04976,Hans,Moore,Male,13-01-1981,Bilbao,Spain,Business Owner,SME,6264.05,27-12-2018
C04977,Olivia,Lopez,Female,25-05-1998,Malmö,Sweden,Student,Corporate,18212.66,28-03-2023
C04978,Alexander,Miller,Male,24-11-2000,Toulouse,France,Freelancer,Premium,5561.97,31-08-2023
C04979,Ava,Gonzalez,Female,01-01-1960,Frankfurt,Germany,Student,SME,14010.69,16-03-2026
C04980,Leo,Wilson,Male,08-08-1961,Seville,Spain,Self Employed,Retail,6964.08,30-01-2026
C04981,Elena,Hernandez,Female,02-06-1977,Valencia,Spain,Retired,Retail,3709.14,23-09-2022
C04982,Emma,Anderson,Female,23-01-1965,Stuttgart,Germany,Self Employed,Premium,18682.94,23-03-2025
C04983,Isabella,Lopez,Female,25-10-1991,Bruges,Belgium,Salaried,Retail,13291.5,10-06-2019
C04984,Olivia,Johnson,Female,22-11-1997,Seville,Spain,Freelancer,Retail,9211.2,24-11-2023
C04985,Marco,Gonzalez,Male,17-01-2001,Munich,Germany,Salaried,Retail,5516.59,16-09-2023
C04986,Camille,Robinson,Female,07-03-1995,Munich,Germany,Retired,Retail,7748.06,27-02-2025
C04987,Alexander,Miller,Male,22-02-1961,Berlin,Germany,Retired,Retail,5825.63,18-06-2021
C04988,Lucas,Miller,Male,06-04-1999,Cork,Ireland,Self Employed,Wealth,15830.53,19-06-2023
C04989,Charlotte,Garcia,Female,14-01-1964,Malmö,Sweden,Salaried,Retail,4798.47,24-01-2020
C04990,Chloe,Rodriguez,Female,03-04-1996,Cork,Ireland,Business Owner,Premium,12959.93,10-09-2022
C04991,Elena,Martin,Female,20-12-1998,Bordeaux,France,Retired,Corporate,11418.83,10-05-2022
C04992,Mateo,Taylor,Male,13-06-1999,Wrocław,Poland,Salaried,Retail,9152.74,02-12-2025
C04993,Charlotte,Brown,Female,17-06-1990,Vienna,Austria,Business Owner,Retail,3020.95,03-07-2020
C04994,Marco,Johnson,Male,07-07-2004,Cork,Ireland,Retired,Retail,12825.61,11-09-2025
C04995,Sofia,Davis,Female,16-11-1967,Cork,Ireland,Retired,Retail,4642.69,14-04-2022
C04996,Oliver,Davis,Male,06-11-2002,Gdańsk,Poland,Business Owner,Retail,3495.4,06-11-2021
C04997,Olivia,Johnson,Female,01-01-1975,Stockholm,Sweden,Business Owner,Retail,10866.41,20-07-2022
C04998,Hannah,Johnson,Female,10-12-1976,Warsaw,Poland,Self Employed,Premium,44637.69,03-04-2021
C04999,Chloe,Rodriguez,Female,03-04-1994,Vienna,Austria,Salaried,SME,13085.91,28-07-2023
C05000,Sophia,Williams,Female,26-11-2003,Utrecht,Netherlands,Freelancer,Retail,12721.47,25-04-2023
